Rank,Company Name,Website,Tier,Top Game,Downloads,Funding Status,SEO Description,Game Hook
1,Century Games,centurygames.com,WHITEOUT SIMILAR,Whiteout Survival,30M+,VC-backed,"#1 mobile game maker 2025, creators of Whiteout Survival with $1B+ revenue in 17 months",Glacial apocalypse survival strategy with base building and troop management
2,FunPlus,funplus.com,WHITEOUT SIMILAR,State of Survival,100M+,$86M Series B,"Global mobile game publisher with multiple $1B+ revenue games including King of Avalon",Zombie survival strategy with alliance warfare and base building
3,Lilith Games,lilithgames.com,WHITEOUT SIMILAR,Rise of Kingdoms,50M+,$1.79M seed (IDG Capital),"Chinese mobile game studio with $3.5B+ lifetime revenue from Rise of Kingdoms",4X civilization strategy with real-time multiplayer battles
4,IGG,igg.com,WHITEOUT SIMILAR,Lords Mobile,300M+,Public company (HKG: 0799),"Hong Kong-based publisher with Lords Mobile generating $825M+ revenue globally",Real-time strategy RPG with clan wars and global PvP
5,Supercell,supercell.com,WHITEOUT SIMILAR,Clash of Clans,500M+,$143M total (Accel/IVP),"Finnish mobile game developer acquired by Tencent for $10.2B, legendary game studio",Strategic village building with epic clan warfare
6,37Games,37games.com,WHITEOUT SIMILAR,Puzzles & Survival,50M+,Public company,"Chinese game publisher combining match-3 puzzle with zombie survival strategy",Match-3 hybrid with zombie apocalypse and sanctuary building
7,Long Tech Network,longtechgames.com,WHITEOUT SIMILAR,Last Shelter: Survival,50M+,VC-backed,"Developer of Last Shelter with nation-vs-nation combat and post-apocalyptic setting",Post-apocalyptic strategy with massive multiplayer warfare
8,IM30.NET,im30.net,WHITEOUT SIMILAR,Last Fortress: Underground,30M+,VC-backed,"Chinese studio behind Last Fortress underground survival builder",Underground fortress building with hero recruitment and mutant battles
9,Tencent,tencent.com,WHITEOUT SIMILAR,Honor of Kings,500M+,Public company (HKG: 0700),"World's largest gaming company with $5.7B mobile revenue in 2025",MOBA and strategy games with massive esports ecosystem
10,NetEase,neteasegames.com,WHITEOUT SIMILAR,LifeAfter,50M+,Public company (NASDAQ: NTES),"Chinese gaming giant with open world survival MMORPG expertise",Open world doomsday survival with crafting and zombie invasions
11,Camel Games,camelgames.com,WHITEOUT SIMILAR,Age of Origins,20M+,VC-backed,"Tower defense strategy studio with zombie apocalypse themes",Tower defense combined with city rebuilding and zombie combat
12,Top Games Inc,evony.com,WHITEOUT SIMILAR,Evony: The King's Return,50M+,VC-backed,"Strategy MMO publisher with historical empire building games",Real-time strategy empire building with army training and conquest
13,Kefir!,kefirgames.com,WHITEOUT SIMILAR,Last Day on Earth: Survival,100M+,VC-backed,"Russian studio behind viral zombie survival shooter with base building",Multiplayer zombie survival with crafting and shooting mechanics
14,FUNFLY,funflygames.com,WHITEOUT SIMILAR,Last War: Survival,50M+,$1.03B revenue 2025,"Singapore studio that exploded with Last War reaching $1B in first year",4X zombie bunker strategy with viral TikTok marketing
15,Farlight Games,farlightgames.com,WHITEOUT SIMILAR,Call of Dragons,20M+,VC-backed (Lilith spin-off),"Fantasy MMO developer from Rise of Kingdoms creators",Fantasy strategy with dragon riding and alliance battles
16,StarUnion/StarFortune,staruniongame.com,ADJACENT,The Ants: Underground Kingdom,30M+,VC-backed,"Ant colony strategy game developer with unique underground empire building",Base-building strategy where you lead an ant colony underground
17,Scopely,scopely.com,ADJACENT,Monopoly GO!,100M+,$4.9B acquisition (Savvy Games),"#1 mobile game 2024 publisher with $5B+ lifetime revenue",Licensed IP games with social rivalry and casual mechanics
18,Dream Games,dreamgames.com,ADJACENT,Royal Match,100M+,$468M total ($2.5B round),"Turkish unicorn and fastest-growing match-3 developer with $3B+ revenue",Match-3 puzzle with royal decoration and polished gameplay
19,Playrix,playrix.com,ADJACENT,Gardenscapes,100M+,$7B valuation (2020),"#1 European mobile developer pioneering scapes puzzle format",Match-3 with home renovation narrative and weekly events
20,Moon Active,moonactive.com,ADJACENT,Coin Master,100M+,$400M+ funding,"Israeli studio with Coin Master generating $4B+ revenue",Social casual slot game with raiding and village building
21,King,king.com,ADJACENT,Candy Crush Saga,3B+,$5.9B acquisition,"Swedish match-3 pioneer with $20B+ lifetime revenue",Iconic match-3 puzzle with endless content updates
22,Zynga,zynga.com,ADJACENT,Toon Blast,50M+,$12.7B acquisition by Take-Two,"Legendary social games publisher with massive casual portfolio",Cartoon puzzle games with satisfying block-matching mechanics
23,miHoYo/HoYoverse,hoyoverse.com,ADJACENT,Genshin Impact,100M+,Self-funded unicorn ($30B valuation),"Chinese studio revolutionizing mobile gaming with AAA open-world experiences",Open-world exploration with gacha and beautiful anime graphics
24,Habby,habby.com,ADJACENT,Archero,50M+,VC-backed,"Top 25 global publisher known for roguelike action games",Roguelike action shooter with satisfying progression loops
25,Voodoo,voodoo.io,ADJACENT,Helix Jump,500M+,$716.9M total funding,"#3 mobile publisher worldwide with 7B+ downloads and BeReal acquisition",Hypercasual games with simple addictive mechanics
26,Homa Games,homagames.com,ADJACENT,Fight For America,8M+,$264.6M total funding,"French gaming technology lab with data-driven game creation",Hybrid-casual tower defense with high IAP conversion
27,Easybrain,easybrain.com,ADJACENT,Sudoku.com,500M+,$1.2B acquisition by Miniclip,"Cyprus-based puzzle developer with 2B+ total downloads",Classic logic puzzles optimized for mobile
28,Metacore,metacoregames.com,ADJACENT,Merge Mansion,50M+,$218M total funding,"Finnish studio creating world-class merge puzzle entertainment",Merge puzzle with mystery narrative and grandma character
29,Tripledot Studios,tripledotstudios.com,ADJACENT,Solitaire,200M+,$800M AppLovin deal,"UK studio now operating 12 studios after acquiring AppLovin games division",Classic card games and casual puzzles
30,Miniclip,miniclip.com,ADJACENT,8 Ball Pool,500M+,Acquired by Tencent,"Swiss publisher with iconic sports and casual games",Social multiplayer sports and casual games
31,Playtika,playtika.com,ADJACENT,Slotomania,100M+,Public company (NASDAQ: PLTK),"Israeli social casino pioneer with $457M 2025 revenue",Social casino slots with engagement optimization
32,Product Madness,productmadness.com,ADJACENT,Heart of Vegas,50M+,Acquired by Aristocrat ($3.9B parent),"Social casino leader with Vegas-style slot experiences",Las Vegas casino slots with social features
33,SciPlay,sciplay.com,ADJACENT,Jackpot Party Casino,50M+,Public company (NASDAQ: SCPL),"Social casino developer with multiple top-grossing slots",Casino slots with party themes and jackpot mechanics
34,PLAYSTUDIOS,playstudios.com,ADJACENT,myVEGAS Slots,50M+,Public company (NASDAQ: MYPS),"Social casino pioneer with real-world loyalty rewards",Casino games with actual Vegas rewards and experiences
35,Bandai Namco,bandainamco.com,ADJACENT,Dragon Ball Z Dokkan Battle,100M+,Public company,"Japanese gaming giant monetizing iconic anime IP through gacha",Anime gacha games with beloved characters and festivals
36,Netmarble,netmarble.com,ADJACENT,MARVEL Future Fight,100M+,Public company (KOSDAQ),"Korean gaming powerhouse with major IP partnerships",Action RPG with Marvel and anime licenses
37,Nexon,nexon.com,ADJACENT,MapleStory M,10M+,Public company (KOSDAQ),"Korean gaming giant with nostalgic MMORPG mobile ports",Classic MMORPG experiences on mobile
38,Com2uS,com2us.com,ADJACENT,Summoners War,100M+,Public company (KOSDAQ),"Korean studio pioneering turn-based RPG gacha with 200M+ downloads",Turn-based RPG with monster collection and PvP
39,SHIFT UP,shiftup.co.kr,ADJACENT,Goddess of Victory: Nikke,20M+,Public company,"Korean studio with $500M+ first-year revenue from Nikke",Sci-fi shooter RPG with anime characters
40,Yostar,yo-star.com,ADJACENT,Arknights,10M+,VC-backed,"Publisher of premium anime-style strategy games",Tower defense RPG with anime aesthetics and deep strategy
41,Akatsuki Games,games.aktsk.jp,ADJACENT,TRIBE NINE,10M+,Subsidiary of Akatsuki Inc.,"Japanese studio behind Dragon Ball Z Dokkan Battle operations",Brutal action RPG with anime style and gacha elements
42,Kuro Games,kurogames.com,ADJACENT,Wuthering Waves,20M+,VC-backed (3N+K2 alliance),"Chinese studio challenging Genshin Impact with open-world gacha",Open-world action RPG with polished combat
43,Pearl Abyss,pearlabyss.com,ADJACENT,Black Desert Mobile,20M+,Public company (KOSDAQ),"Korean developer of Black Desert franchise with 40M users",Open-world MMORPG with stunning graphics
44,Gameloft,gameloft.com,ADJACENT,Asphalt 9,100M+,Owned by Vivendi ($24B parent),"French publisher with AAA mobile racing and Disney games",Racing simulation with console-quality graphics
45,Electronic Arts,ea.com,ADJACENT,FIFA Mobile,100M+,Public company (NASDAQ: EA $40B),"Global gaming giant with official sports game licenses",Licensed sports simulations with live content
46,Activision Publishing,activision.com,ADJACENT,Call of Duty: Mobile,300M+,Acquired by Microsoft ($68.7B),"Publisher of the most successful mobile shooter franchise",FPS action with console-quality mobile experience
47,Krafton,krafton.com,ADJACENT,PUBG Mobile,1B+,Public company,"Korean publisher behind PUBG franchise with global esports",Battle royale phenomenon with realistic combat
48,Garena,garena.com,ADJACENT,Free Fire,1B+,Part of Sea Limited (NYSE: SE),"Southeast Asian publisher with Free Fire battle royale phenomenon",Battle royale optimized for emerging markets
49,MOONTON,moonton.com,ADJACENT,Mobile Legends: Bang Bang,500M+,Acquired by ByteDance,"Mobile MOBA developer with massive Southeast Asian playerbase",5v5 MOBA with fast-paced battles
50,CrazyLabs,crazylabs.com,BROAD,Super Stylist,100M+,VC-backed,"Israeli hypercasual publisher with 6B+ total downloads",Hypercasual fashion and lifestyle games
51,SayGames,saygames.io,BROAD,Johnny Trigger,100M+,VC-backed,"Belarus-based hypercasual publisher with viral action games",Action hypercasual with satisfying physics
52,Azur Games,azurgames.com,BROAD,Stack Ball,500M+,VC-backed,"Russian hypercasual publisher with massive download volume",Simple physics-based casual games
53,Kwalee,kwalee.com,BROAD,Draw It,100M+,Self-funded,"UK hypercasual publisher with creative drawing games",Drawing-based hypercasual with viral mechanics
54,Supersonic (Unity),supersonic.com,BROAD,Bridge Race,200M+,Part of Unity,$5B+,"Publishing platform for hypercasual with top-performing titles",Hypercasual racing and action games
55,Lion Studios (Tripledot),lionstudios.cc,BROAD,Happy Glass,100M+,Acquired by Tripledot,"Former AppLovin studio now part of Tripledot portfolio",Physics puzzle and hypercasual games
56,Good Job Games,goodjobgames.com,BROAD,Fun Race 3D,500M+,VC-backed,"Turkish hypercasual publisher with 1.84B+ total downloads",Racing and action hypercasual games
57,Rollic (Zynga),rollicgames.com,BROAD,High Heels!,200M+,Acquired by Zynga 2020,"Turkish hypercasual studio with 752M+ downloads",Viral hypercasual with creative mechanics
58,Ruby Game Studio,rubygamestudio.com,BROAD,Hunter Assassin,200M+,TÜBİTAK supported,"Turkish studio with 700M+ downloads based in İzmir",Stealth action hypercasual games
59,Masomo,masomo.com,BROAD,Head Ball 2,50M+,Acquired by Miniclip ($100M),"Turkish sports game studio known for Head Ball franchise",Multiplayer sports games with casual mechanics
60,Fugo Games,fugogames.com,BROAD,Words of Wonders,100M+,Self-funded,"Turkish word puzzle studio with 233M+ downloads",Word puzzle games with educational gameplay
61,Hitica,hitica.games,BROAD,Fight For America,8M+,Partner with Homa,"Turkish studio partnered with Homa for hybrid-casual success",Tower defense with high monetization
62,Cypher Games,cyphergames.com,BROAD,TBD,Pre-launch,$30M Series A,"Istanbul-based mobile gaming company with major funding",Strategy and RPG mobile games
63,TapNation,tap-nation.io,BROAD,Guess Their Answer,20M+,VC-backed,"French hypercasual publisher with social quiz games",Trivia and social guessing games
64,Amanotes,amanotes.com,BROAD,Magic Tiles 3,500M+,VC-backed,"Vietnamese music game studio with 2B+ downloads",Rhythm and music-based casual games
65,Outfit7,outfit7.com,BROAD,Talking Tom,15B+,Acquired by Jinke,"Slovenian studio with massive Talking Tom franchise",Virtual pet and casual games for families
66,Rovio (Sega),rovio.com,BROAD,Angry Birds 2,100M+,Acquired by Sega ($775M),"Finnish studio behind Angry Birds phenomenon",Physics puzzle with iconic bird characters
67,Devsisters,devsisters.com,BROAD,Cookie Run: Kingdom,50M+,VC-backed,"Korean studio with Cookie Run franchise success",Side-scrolling RPG with cookie characters
68,My.Games,my.games,BROAD,War Robots,50M+,VC-backed,"Russian publisher with War Robots generating $1B+ lifetime",Mech combat and action games
69,Pixonic,pixonic.com,BROAD,War Robots,50M+,Acquired by My.Games,"Russian studio behind War Robots franchise",Real-time mech battle action
70,SuperGaming,supergaming.gg,BROAD,MaskGun,100M+,$15M Series B,"Indian studio with proprietary SuperPlatform technology",Multiplayer FPS and battle royale
71,Mamboo Entertainment,mamboo.io,BROAD,TowerLands,10M+,Acquired from MY.GAMES,"Abu Dhabi-based publisher with 1B+ installs globally",Tower defense and hybrid-casual games
72,Sparkling Society,sparklingsociety.games,BROAD,City Island 5,150M+,Self-funded,"Netherlands-based city builder studio with 150M+ downloads",City building simulation games
73,Socialpoint (Take-Two),socialpoint.es,BROAD,Dragon City,100M+,Acquired by Take-Two,"Spanish studio with monster collection games",Dragon breeding and battle collection
74,InnoGames,innogames.com,BROAD,Forge of Empires,10M+,Acquired by MTG ($360M),"German strategy game developer with city-building focus",Historical city building through ages
75,Jam City,jamcity.com,BROAD,Harry Potter: Hogwarts Mystery,50M+,$350M funding,"US publisher with major licensed IP games",Narrative RPG with beloved franchises
76,Ludia (Jam City),ludia.com,BROAD,Jurassic World Alive,10M+,Acquired by Jam City ($165M),"Canadian studio with AR dinosaur games",AR collection with Jurassic Park IP
77,Plarium (Aristocrat),plarium.com,BROAD,Raid: Shadow Legends,50M+,Acquired by Aristocrat ($3.9B parent),"Israeli studio with dark fantasy RPG success",Dark fantasy RPG with 600+ champions
78,Machine Zone (Tripledot),mz.com,BROAD,Game of War,50M+,Acquired by Tripledot,"Legendary strategy studio with Game of War franchise",Real-time strategy MMO warfare
79,Belka Games (Tripledot),belka-games.com,BROAD,Clockmaker,30M+,Acquired by Tripledot,"Match-3 puzzle studio now part of Tripledot",Match-3 with mystery storylines
80,PeopleFun (Tripledot),peoplefun.com,BROAD,Wordscapes,50M+,Acquired by Tripledot,"Word puzzle studio with Wordscapes franchise",Word puzzle games with relaxing gameplay
81,Magic Tavern (Tripledot),magictavern.com,BROAD,Cooking Madness,30M+,Acquired by Tripledot,"Cooking game studio now part of Tripledot portfolio",Time management cooking games
82,Athena Studio (Tripledot),athenastudio.com,BROAD,Matchington Mansion,50M+,Acquired by Tripledot,"Match-3 mansion decoration studio",Match-3 with home renovation narrative
83,Zenlife Games (Tripledot),zenlifegames.com,BROAD,Hexa Sort,50M+,Acquired by Tripledot,"Sorting puzzle studio with viral Hexa Sort",Satisfying sorting puzzle mechanics
84,Diandian Interactive,diandian.com,BROAD,Family Farm Seaside,50M+,$1.17B revenue 2025,"Singapore studio thriving in farming simulation space",Farming and simulation long-tail games
85,Roblox Corporation,roblox.com,BROAD,Roblox,500M+,Public company (NYSE: RBLX),"User-generated game platform with massive creator ecosystem",Platform for player-created games
86,Epic Games,epicgames.com,BROAD,Fortnite,500M+,$5B+ funding,"Creator of Fortnite and Unreal Engine technology",Battle royale with live events and creator economy
87,Ndemic Creations,ndemiccreations.com,BROAD,Plague Inc.,50M+,Self-funded,"UK studio behind Plague Inc. phenomenon",Simulation games with unique pandemic theme
88,Konami,konami.com,BROAD,eFootball,100M+,Public company,"Japanese gaming giant with eFootball franchise",Football simulation with licensed teams
89,Bethesda (Microsoft),bethesda.net,BROAD,Fallout Shelter,50M+,Owned by Microsoft ($75.4B parent),"Legendary RPG studio with Fallout mobile spinoff",Vault management simulation
90,Square Enix,square-enix.com,BROAD,Final Fantasy XV Pocket Edition,10M+,Public company,"Japanese RPG giant with mobile Final Fantasy games",Classic JRPG experiences on mobile
91,Cygames,cygames.co.jp,BROAD,Granblue Fantasy,20M+,Subsidiary of CyberAgent,"Japanese studio with premium gacha RPGs",High-quality anime RPG with gacha
92,Aniplex Inc.,aniplex.co.jp,BROAD,Fate/Grand Order,50M+,Subsidiary of Sony,"Japanese studio behind Fate/Grand Order phenomenon",Story-driven gacha with anime IP
93,XFLAG (mixi),xflag.com,BROAD,Monster Strike,50M+,Subsidiary of mixi Inc.,"Japanese studio with Monster Strike cooperative gameplay",Physics-based co-op monster battler
94,Paper Games,papergames.com,BROAD,Love Nikki-Dress UP Queen,20M+,VC-backed,"Chinese studio with fashion dress-up games",Fashion and dress-up with story
95,Florere Game,floreregame.com,BROAD,Various puzzle titles,10M+,VC-backed,"Rising Chinese puzzle game developer",Puzzle games with innovative mechanics
96,River Game,rivergame.net,BROAD,Various casual titles,10M+,VC-backed,"Emerging Asian casual game studio",Casual mobile game experiences
97,SuperPlay,superplay.co,BROAD,Dice Dreams,30M+,VC-backed,"Israeli casual game studio with dice mechanics",Casual dice-based social games
98,Lingxi Games,lingxigames.com,BROAD,Three Kingdoms Tactics,10M+,VC-backed,"Chinese strategy game developer",Historical strategy games
99,Top Games,topwar.io,BROAD,Top War: Battle Game,50M+,VC-backed,"Merge-to-upgrade strategy game innovator",Innovative merge strategy mechanics
100,Camel Studio,camelgames.com,BROAD,Age of Origins,20M+,VC-backed,"Tower defense zombie strategy developer",Zombie tower defense with city building
101,4399,4399.com,BROAD,Various casual games,100M+,VC-backed,"Chinese casual game portal and publisher",Wide variety of casual games
102,Tuyoo Online,tuyoo.com,BROAD,Poker games,20M+,VC-backed,"Chinese card and casino game developer",Card and casino game experiences
103,Simogo,simogo.com,BROAD,Sayonara Wild Hearts,5M+,Self-funded,"Swedish indie studio with premium creative games",Artistic premium mobile experiences
104,Ketchapp (Ubisoft),ketchappstudio.com,BROAD,2048,100M+,Acquired by Ubisoft,"French hypercasual pioneer with iconic simple games",Simple addictive hypercasual games
105,Tapinator,tapinator.com,BROAD,Video Poker Classic,50M+,Public company (TAPM),"US social casino publisher with 500M+ downloads",Social casino with poker focus
106,Game Insight,game-insight.com,BROAD,Guns of Boom,20M+,VC-backed,"Lithuanian mobile game developer with shooter titles",Mobile shooter and strategy games
107,Ustwo Games,ustwogames.co.uk,BROAD,Monument Valley,30M+,Self-funded,"UK studio behind Monument Valley puzzle phenomenon",Artistic puzzle games with Escher-style visuals
108,LocalThunk,localthunk.com,BROAD,Balatro,5M+,Indie,"Indie developer behind viral roguelike poker game",Roguelike poker with addictive mechanics
109,Hungry Studio,hungrystudio.com,BROAD,Various titles,10M+,VC-backed,"Emerging mobile game studio",Casual and mid-core games
110,Nazara,nazara.com,BROAD,World Cricket Championship,50M+,Public company (NSE: NAZARA),"Indian gaming company with cricket and esports focus",Cricket and sports games for India
111,Select Button,selectbutton.co.jp,BROAD,Various titles,5M+,VC-backed,"Japanese indie mobile game developer",Creative Japanese mobile games
112,Supercent,supercent.com,BROAD,Idle Lumber Inc,50M+,VC-backed,"Korean idle game specialist",Idle tycoon games with satisfying progression
113,Unico Studio,unicostudio.com,BROAD,Various casual games,1.6B+,VC-backed,"Massive casual game studio with 1.6B+ downloads",Casual games across genres
114,Spyke Games,spykegames.com,BROAD,Royal Riches,5M+,VC-backed,"Turkish social casino startup",Social casino with Turkish focus
115,TaleWorlds,taleworlds.com,BROAD,Mount and Blade Mobile,5M+,Self-funded,"Turkish studio famous for Mount and Blade franchise",Strategy RPG with historical combat
116,Mythical Games,mythicalgames.com,BROAD,NFL Rivals,6M+,$150M+ funding,"Blockchain gaming studio with FIFA partnership",Sports games with blockchain elements
117,Second Dinner,seconddinner.com,BROAD,Marvel Snap,20M+,$100M Series B (Griffin Gaming),"Ex-Blizzard team behind Marvel Snap success",Strategic card battler with Marvel IP
118,Kong Studios,kongstudios.com,BROAD,Guardian Tales,10M+,Series B (Unicorn status $1B),"Korean studio with $500M+ first-year revenue",Action-adventure RPG with retro style
119,Agave Games,agavegames.com,BROAD,Find the Cat,10M+,$18M Series A (Balderton),"Hidden object casual game developer",Hidden object games with casual appeal
120,End Game Interactive,endgame.io,BROAD,ZombsRoyale.io,10M+,$3M seed,"Battle royale with zombie theme developer",Browser-to-mobile battle royale
121,Rockbite Games,rockbitegames.com,BROAD,Idle Outpost,1M+,VC-backed,"Post-apocalyptic idle tycoon developer",Idle games with survival themes
122,Scorewarrior,scorewarrior.com,BROAD,Total Battle,5M+,VC-backed,"Fantasy strategy game developer",Fantasy strategy with hero collecting
123,Helio Games,heliogames.com,BROAD,Westland Survival,5M+,VC-backed,"Survival RPG developer with Western theme",Wild West survival RPG
124,Pride Studio,pride-games.com,BROAD,Exile Survival,1M+,VC-backed,"Survival genre mobile game developer",Harsh environment survival games
125,JETKITE Games,jetkite.com,BROAD,Zero City,10M+,VC-backed,"Zombie survival shelter builder developer",Apocalypse survival with shelter building
126,Netflix Games,netflix.com/games,BROAD,Squid Game: Unleashed,25M+,Part of Netflix (NASDAQ: NFLX),"Streaming giant's gaming division with licensed games",Games based on Netflix IP and acquisitions
127,Sega Mobile,sega.com,BROAD,Sonic Rumble,10M+,Public company (TYO: 6460),"Japanese gaming giant's mobile division with Sonic",Iconic Sega IP on mobile platforms
128,Peak Games (Zynga),peakgames.net,BROAD,Toy Blast,200M+,Acquired by Zynga ($1.8B),"Turkish studio behind Toon Blast phenomenon",Block puzzle games with cartoon characters
129,Niantic,nianticlabs.com,BROAD,Pokemon GO,1B+,$3.5B acquisition by Scopely,"AR pioneer with Pokemon GO and location games",AR mobile games with real-world exploration
130,Gametion,gametion.com,BROAD,Ludo King,800M+,Self-funded (Bootstrap Champ),"India's #1 game publisher with Ludo King household phenomenon",Classic board games digitized for massive multiplayer
131,ZeptoLab,zeptolab.com,BROAD,Cut the Rope,1.3B+,Self-funded,"Spanish studio behind Cut the Rope with 1.3B downloads",Physics puzzle with adorable Om Nom character
132,BoomBit,boombit.com,BROAD,Ramp Car Jumping,100M+,Public company (BBT.WA),"Polish mobile game publisher with hypercasual and mid-core games",Hypercasual racing and action games
133,Wildlife Studios,wildlifestudios.com,BROAD,Tennis Clash,100M+,$260M funding,"Brazilian unicorn with 2B+ lifetime downloads",Sports and casual games for global audiences
134,Wooga,wooga.com,BROAD,June's Journey,50M+,Acquired by Playtika,"German hidden object game specialist",Hidden object puzzles with detective narrative
135,Small Giant Games (Zynga),smallgiantgames.com,BROAD,Empires & Puzzles,50M+,Acquired by Zynga ($750M),"Finnish match-3 RPG pioneer",Match-3 RPG hybrid with hero collecting
136,Kiloo,kiloo.com,BROAD,Subway Surfers,3B+,Self-funded,"Danish studio behind Subway Surfers phenomenon",Endless runner with global cultural themes
137,Kolibri Games,kolibrigames.com,BROAD,Idle Miner Tycoon,100M+,Acquired by Ubisoft,"German idle game studio with mining tycoon hit",Idle clicker with satisfying progression
138,G5 Entertainment,g5games.com,BROAD,Hidden City,50M+,Public company (STO: G5EN),"Swedish hidden object game publisher",Hidden object adventure games
139,Tactile Games,tactilegames.com,BROAD,Lily's Garden,50M+,VC-backed,"Danish puzzle game studio with narrative focus",Match-3 with garden renovation story
140,Nordeus,nordeus.com,BROAD,Top Eleven,100M+,Acquired by Take-Two,"Serbian sports management game pioneer",Football management simulation
141,Kabam,kabam.com,BROAD,Marvel Contest of Champions,100M+,Acquired by Netmarble,"US action RPG studio with Marvel fighting games",Fighting RPG with Marvel heroes
142,Colopl,colopl.co.jp,BROAD,Quiz RPG,30M+,Public company (TSE: 3668),"Japanese location-based and quiz game developer",Quiz and location-based mobile games
143,GungHo Online,gungho.co.jp,BROAD,Puzzle & Dragons,50M+,Public company (TSE: 3765),"Japanese puzzle RPG pioneer with 50M+ downloads",Puzzle RPG that defined the genre
144,Kakao Games,kakaogames.com,BROAD,Odin: Valhalla Rising,10M+,Public company (KOSDAQ),"Korean publisher with MMORPG expertise",MMORPGs and RPGs for Korean and global markets
145,VNG Corporation,vng.com.vn,BROAD,Lien Quan Mobile,50M+,VC-backed,"Vietnam's largest gaming company",MOBAs and RPGs for Southeast Asia
146,JetSynthesys,jetsynthesys.com,BROAD,Real Cricket,50M+,VC-backed,"Indian gaming company with cricket games",Cricket simulation for Indian audiences
147,Games2win,games2win.com,BROAD,Parking Frenzy,100M+,Self-funded,"Indian casual game publisher with 100M+ downloads",Casual driving and simulation games
148,nCORE Games,ncoregames.com,BROAD,FAU-G,10M+,VC-backed,"Indian action game studio with patriotic themes",Action shooter games for India
149,Aquiris,aquiris.com.br,BROAD,Horizon Chase,10M+,VC-backed,"Brazilian racing game studio with retro aesthetic",Retro racing with modern polish
150,Hermit Crab Studio,hermitcrabstudio.com,BROAD,Custom games,10M+,Self-funded,"Brazilian studio with 10+ years mobile experience",Custom interactive experiences
151,Loongcheer Game,loongcheer.com,BROAD,Survivor Base,10M+,VC-backed,"Chinese publisher with survival games",Post-apocalyptic survival base building
152,Hero Entertainment,herogame.com,BROAD,Last Island of Survival,10M+,VC-backed,"Chinese survival game publisher",Survival crafting on deserted islands
153,Mobirate,mobirate.com,BROAD,Dead Ahead: Zombie Warfare,30M+,VC-backed,"Russian tactical zombie game developer",Tactical zombie combat games
154,Daikama,daikama.com,BROAD,Post Apo Tycoon,5M+,Self-funded,"Indie post-apocalyptic tycoon developer",Idle strategy set after apocalypse
155,Winter Breaker,winterbreaker.com,BROAD,Frost World,5M+,VC-backed,"Frozen apocalypse survival game developer",Ice apocalypse city building survival
156,11 bit studios,11bitstudios.com,BROAD,Frostpunk Mobile,10M+,Public company (WSE: 11B),"Polish studio behind Frostpunk mobile adaptation",Survival city builder with moral choices
157,Casual Azur Games,casualazurgames.com,BROAD,Survival City Builder,10M+,Part of Azur Games,"Russian casual survival game studio",Casual post-apocalyptic settlement building
158,Codebrew Games,pocketcitygame.com,BROAD,Pocket City,5M+,Self-funded,"Indie city builder developer",Premium city building simulation
159,Sarah Northway,rebuildgame.com,BROAD,Rebuild,5M+,Self-funded,"Indie post-apocalyptic strategy developer",Turn-based zombie city reclamation
160,Halfbrick Studios,halfbrick.com,BROAD,Fruit Ninja,1B+,Self-funded,"Australian studio behind Fruit Ninja phenomenon",Simple addictive slicing action
161,Fingersoft,fingersoft.net,BROAD,Hill Climb Racing,1B+,Self-funded,"Finnish physics racing game developer",Physics-based hill climbing racing
162,Outfit7 (Jinke),outfit7.com,BROAD,My Talking Tom,1B+,Acquired by Jinke,"Slovenian virtual pet game pioneer",Virtual pet with voice interaction
163,Imangi Studios,imangi.com,BROAD,Temple Run,1B+,Self-funded,"US endless runner pioneer",Endless running with temple escape theme
164,Kiloo Games,kiloo.com,BROAD,Subway Surfers,3B+,Self-funded,"Danish endless runner developer",Urban endless runner with graffiti culture
165,SYBO Games,sybo.dk,BROAD,Subway Surfers,3B+,Self-funded (with Kiloo),"Danish co-creator of Subway Surfers",Endless runner maintained for 10+ years
166,Crazy Maple Studio,crazymaplestudio.com,BROAD,Chapters: Interactive Stories,50M+,Acquired by Nexon,"US interactive fiction studio",Interactive story games with choices
167,Episode Interactive (Pocket Gems),episode.com,BROAD,Episode,100M+,Part of Pocket Gems,"US interactive story platform",Visual novels with user-generated content
168,Pixelberry Studios,pixelberrystudios.com,BROAD,Choices: Stories You Play,50M+,Acquired by Nexon,"US narrative game studio",Interactive romance and drama stories
169,Voltage Entertainment,voltage.co.jp,BROAD,Romance novels,30M+,Public company,"Japanese visual novel romance publisher",Anime-style romance story games
170,Cheritz,cheritz.com,BROAD,Mystic Messenger,10M+,Self-funded,"Korean otome game developer",Interactive messenger-style romance
171,Genius Inc.,genius-inc.co.jp,BROAD,Mystic Destinies,5M+,Self-funded,"Japanese otome and RPG developer",Fantasy romance visual novels
172,Sunborn,sunborngame.com,BROAD,Girls' Frontline,10M+,VC-backed,"Chinese tactical RPG developer",Tactical RPG with gun-girl collectibles
173,Papergames,papergames.com,BROAD,Shining Nikki,20M+,VC-backed,"Chinese 3D dress-up game developer",3D fashion dress-up with story
174,Elex Technology,elex.com,BROAD,Clash of Kings,50M+,VC-backed,"Chinese strategy game publisher",Medieval strategy MMO warfare
175,IGG Inc.,igg.com,BROAD,Castle Clash,100M+,Public company (HKG: 0799),"Hong Kong strategy game publisher",Tower defense and strategy games
176,4:33 Creative Lab,433.co.kr,BROAD,Blade & Soul Revolution,10M+,Public company,"Korean MMORPG developer",Martial arts MMORPGs
177,NHN Entertainment,nhn.com,BROAD,Line Games,50M+,Public company (KOSDAQ),"Korean gaming conglomerate",Diverse mobile games portfolio
178,Smilegate,smilegate.com,BROAD,CrossFire Legends,20M+,Self-funded unicorn,"Korean FPS and RPG developer",Shooter and action games
179,Webzen,webzen.com,BROAD,MU Origin,30M+,Public company (KOSDAQ),"Korean MMORPG publisher",Classic MMORPG mobile ports
180,Gamevil Com2us,gamevil.com,BROAD,Dragon Blaze,10M+,Public company (KOSDAQ),"Korean RPG publisher merged with Com2uS",Fantasy RPG with hero collection
181,Longtu Korea,longtukorea.com,BROAD,Hero Entertainment games,10M+,VC-backed,"Korean publisher with action RPGs",Action RPG publishing
182,Eyedentity Games,eyedentitygames.com,BROAD,Dragon Nest M,10M+,Part of Nexon,"Korean action MMORPG developer",Action MMORPG with anime style
183,NCSoft Mobile,ncsoft.com,BROAD,Lineage M,20M+,Public company (KOSDAQ),"Korean MMORPG giant's mobile division",Classic MMORPG franchise on mobile
184,Wemade,wemade.com,BROAD,MIR4,20M+,Public company (KOSDAQ),"Korean blockchain game pioneer",MMORPG with play-to-earn mechanics
185,Gravity,gravity.co.kr,BROAD,Ragnarok M,30M+,Public company (NASDAQ: GRVY),"Korean Ragnarok franchise holder",Classic anime MMORPG on mobile
186,X.D. Network,xd.com,BROAD,Ragnarok X,10M+,VC-backed,"Chinese publisher with Ragnarok license",Anime MMORPG with nostalgic appeal
187,Boltrend Games,boltrend.com,BROAD,Disgaea RPG,5M+,VC-backed,"Japanese RPG localization publisher",JRPG localization for Western markets
188,Yostar Games,yo-star.com,BROAD,Azur Lane,10M+,VC-backed,"Japanese/Chinese gacha game publisher",Anime gacha with naval warfare
189,bilibili,bilibili.com,BROAD,FGO Bilibili,30M+,Public company (NASDAQ: BILI),"Chinese video and gaming platform",Anime games and streaming platform
190,ByteDance Games,bytedance.com,BROAD,Various titles,50M+,Part of ByteDance ($400B),"TikTok parent's gaming division",Diverse mobile games under TikTok umbrella
191,Taptap,taptap.io,BROAD,Game distribution,100M+,Part of XD Network,"Chinese indie game platform",Indie game discovery platform
192,Ourpalm,ourpalm.com,BROAD,King of Pirate,20M+,Public company,"Chinese mobile game publisher",Action and RPG games
193,Youzu Interactive,youzu.com,BROAD,League of Angels,30M+,Public company,"Chinese browser and mobile game publisher",Browser-to-mobile RPGs
194,Joycity,joycity.com,BROAD,Gunship Battle,100M+,Public company (KOSDAQ),"Korean action game publisher",Military action and simulation games
195,Com2uS Holdings,com2us.com,BROAD,Summoners War Chronicles,20M+,Public company (KOSDAQ),"Korean RPG holding company",Turn-based RPG franchise expansion
196,Nexters,nextersglobal.com,BROAD,Hero Wars,50M+,Public company (GDEV),"Cyprus-based RPG publisher",Hero collector RPG games
197,Mail.ru Games (VK Play),vk.com,BROAD,Various titles,50M+,Part of VK Group,"Russian gaming and social platform",Social gaming integration
198,Wargaming,wargaming.net,BROAD,World of Tanks Blitz,100M+,Self-funded,"Belarusian tank combat game developer",Realistic tank warfare action
199,Gaijin Entertainment,gaijin.net,BROAD,War Thunder Mobile,20M+,Self-funded,"Russian military vehicle combat developer",Military combat simulation
200,Flaregames (Stillfront),flaregames.com,BROAD,Nonstop Knight,30M+,Part of Stillfront Group,"German mobile game publisher",Action RPG and strategy games
201,Stillfront Group,stillfront.com,BROAD,Various titles,100M+,Public company (STO: SF),"Swedish gaming conglomerate",Diverse mobile game portfolio
202,Goodgame Studios,goodgamestudios.com,BROAD,Empire: Four Kingdoms,50M+,Part of Stillfront,"German strategy game developer",Medieval strategy MMO
203,Storm8 (AppLovin),storm8.com,BROAD,Restaurant Story,30M+,Part of AppLovin/Tripledot,"US social game developer",Social simulation and restaurant games
204,Pocket Gems,pocketgems.com,BROAD,Episode,100M+,VC-backed,"US interactive story game publisher",Visual novel and story games
205,Big Fish Games,bigfishgames.com,BROAD,Big Fish Casino,50M+,Acquired by Aristocrat,"US casual and casino game publisher",Hidden object and casino games
206,GSN Games,gsn.com,BROAD,GSN Casino,30M+,Part of Scopely,"US game show and casino publisher",TV game show adaptations
207,DoubleU Games,doubleu.com,BROAD,DoubleU Casino,50M+,Public company (KOSDAQ),"Korean social casino developer",Social casino slots games
208,Huuuge Games,huuugegames.com,BROAD,Huuuge Casino,50M+,Public company (WSE: HUG),"Polish social casino publisher",Social casino with multiplayer elements
209,SciPlay,sciplay.com,BROAD,Quick Hit Slots,50M+,Public company (NASDAQ: SCPL),"US social casino spin-off from Scientific Games",Licensed casino slot games
210,Murka Games,murka.com,BROAD,Scatter Slots,30M+,VC-backed,"Ukrainian social casino developer",Story-driven slot machines
211,High 5 Games,high5games.com,BROAD,High 5 Casino,30M+,Self-funded,"US social casino game developer",Premium social casino experience
212,Big Time Gaming,bigtimegaming.com,BROAD,Various slots,20M+,Self-funded,"Australian slot game developer",Innovative slot game mechanics
213,Aristocrat Gaming,aristocrat.com,BROAD,Lightning Link,50M+,Public company (ASX: ALL),"Australian gaming machine and mobile casino",Real casino games on mobile
214,Glu Mobile (EA),glu.com,BROAD,Kim Kardashian: Hollywood,50M+,Acquired by EA ($2.4B),"US celebrity game developer",Licensed celebrity simulation games
215,Jam City,jamcity.com,BROAD,Cookie Jam,100M+,VC-backed ($350M),"US match-3 and IP game developer",Licensed IP puzzle games
216,Gaea Mobile,gaea.com,BROAD,Game of Thrones Slots,10M+,VC-backed,"US licensed casino game developer",TV IP slot machines
217,Zynga Poker,zynga.com,BROAD,Zynga Poker,100M+,Part of Take-Two,"US social poker pioneer",Largest mobile poker game
218,Huuuge Games,huuugegames.com,BROAD,Billionaire Casino,30M+,Public company (WSE: HUG),"Polish multiplayer casino games",Social casino with tournaments
219,NimbleBit,nimblebit.com,BROAD,Tiny Tower,200M+,Self-funded,"US indie studio behind Tiny Tower and Pocket Trains phenomenon",Pixelated simulation games with tower building
220,Aeria Games,aeriagames.com,BROAD,A3: Still Alive,10M+,VC-backed,"US publisher with free-to-play MMO games",Free-to-play MMORPGs and action games
221,Gismart,gismart.com,BROAD,Cool Goal!,100M+,VC-backed,"UK hypercasual publisher with music and sports games",Music games and hypercasual sports
222,Madbox,madbox.io,BROAD,Dashy Crashy,50M+,VC-backed,"French hypercasual publisher with arcade games",Arcade and racing hypercasual games
223,Appsolute Games,appsolute.games,BROAD,Idle Airport Tycoon,30M+,Self-funded,"US idle tycoon game developer",Idle business simulation games
224,InnoGame Studios,innogamestudios.com,BROAD,Big Farm,20M+,Part of InnoGames,"German farming simulation developer",Farm simulation and management
225,Coffee Stain Studios,coffeestainstudios.com,BROAD,Goat Simulator,50M+,Part of Embracer,"Swedish comedy game developer",Absurdist physics simulation games
226,Crescent Moon Games,crescentmoongames.com,BROAD,Alto's Odyssey,100M+,Self-funded,"US indie publisher with premium mobile games",Premium adventure and puzzle games
227,Team17,team17.com,BROAD,Worms Rumble,10M+,Public company (LON: TM17),"UK publisher with Worms franchise",Classic strategy action games
228,Devolver Digital,devolverdigital.com,BROAD,Enter the Gungeon,5M+,Self-funded,"US indie publisher with unique creative titles",Creative indie games with dark humor
229,Chucklefish,chucklefish.org,BROAD,Stardew Valley Mobile,5M+,Self-funded,"UK indie publisher behind Stardew Valley mobile",Farming simulation RPG
230,11 bit studios,11bitstudios.com,BROAD,This War of Mine,5M+,Public company (WSE: 11B),"Polish studio with war survival games",Survival games with moral choices
231,DENA Co.,dena.com,BROAD,Pokemon Masters EX,30M+,Public company (TSE: 2432),"Japanese mobile game and platform company",Licensed Pokemon and Nintendo games
232,Gree,gree.net,BROAD,Knights of Avalon,10M+,Public company (TSE: 3632),"Japanese social gaming company",Social RPG games
233,KLab,klab.com,BROAD,Love Live! School Idol Festival,30M+,Public company (TSE: 3656),"Japanese rhythm game developer",Anime rhythm games
234,Bushiroad,bushiroad.com,BROAD,BanG Dream! Girls Band Party!,30M+,Public company,"Japanese card game and mobile company",Anime card and rhythm games
235,Drecom,drecom.co.jp,BROAD,Dragon Tact,10M+,Public company (TSE: 3793),"Japanese mobile game developer",Dragon Quest mobile RPGs
236,Wright Flyer Studios,wrightflyer.net,BROAD,Another Eden,10M+,Part of GREE,"Japanese RPG mobile developer",Console-quality JRPG on mobile
237,Marvelous Inc.,marvelous-inc.com,BROAD,Story of Seasons,5M+,Public company (TSE: 7844),"Japanese simulation game developer",Farming simulation games
238,Level-5,level5.co.jp,BROAD,Yo-Kai Watch Medal Wars,5M+,Self-funded,"Japanese RPG developer with beloved franchises",Collection RPGs with charming characters
239,Capcom Mobile,capcom.com,BROAD,Monster Hunter Now,20M+,Public company,"Japanese action game developer's mobile division",Action RPG with monster hunting
240,Sega Games,sega.com,BROAD,Yakuza Online,10M+,Public company (TYO: 6460),"Japanese gaming giant with diverse portfolio",Action RPG and classic arcade
241,Namco Bandai,bandainamcoent.com,BROAD,Pac-Man Party Royale,10M+,Public company,"Japanese entertainment conglomerate",Classic arcade and anime games
242,Koei Tecmo,koeitecmo.com,BROAD,Dynasty Warriors M,10M+,Public company (TSE: 3635),"Japanese historical action game developer",Action RPG with historical settings
243,SNK Corporation,snk-corp.co.jp,BROAD,Metal Slug Attack,10M+,Public company,"Japanese retro game developer",Classic arcade action games
244,Arc System Works,arcsystemworks.com,BROAD,Guilty Gear Strive,5M+,Self-funded,"Japanese fighting game developer",Anime fighting games
245,Atlus,atlus.com,BROAD,Persona 5 Royal Mobile,5M+,Part of Sega,"Japanese JRPG developer",Story-driven RPGs with social elements
246,Spike Chunsoft,spikechunsoft.com,BROAD,Danganronpa Mobile,5M+,Part of Spike,"Japanese visual novel developer",Mystery visual novels
247,Idea Factory,ideaf.co.jp,BROAD,Neptunia Mobile,5M+,Self-funded,"Japanese anime game developer",Anime RPGs with humor
248,Compile Heart,compileheart.com,BROAD,Fairy Fencer F,5M+,Part of Idea Factory,"Japanese JRPG developer",Fantasy anime RPGs
249,NIS America,nisamerica.com,BROAD,Disgaea Mobile,5M+,Subsidiary of NIS,"Japanese localization publisher",Strategy RPG localization
250,Gumi Inc.,gu3.co.jp,BROAD,Brave Frontier,30M+,Public company (TSE: 3903),"Japanese mobile RPG pioneer",Turn-based RPG with gacha
251,A-Lim,a-lim.co.jp,BROAD,Final Fantasy Brave Exvius,20M+,Subsidiary of Gumi,"Japanese mobile JRPG developer",Final Fantasy mobile RPG
252,ForwardWorks,forwardworks.co.jp,BROAD,Arc the Lad R,5M+,Sony subsidiary,"Japanese mobile game development studio",Classic JRPG revivals on mobile
253,Orange Cube,orangecube.co.kr,BROAD,Cookie Run: OvenBreak,50M+,Part of Devsisters,"Korean endless runner developer",Cookie-themed endless running
254,Kakao Games,kakaogames.com,BROAD,Archage War,10M+,Public company (KOSDAQ),"Korean MMORPG publisher",Large-scale MMORPG games
255,Gamepub,gamepub.co.kr,BROAD,Spirit Wish,5M+,Self-funded,"Korean RPG developer",Fantasy mobile RPGs
256,TigerGames,tigergames.co.kr,BROAD,Fantasy Town,10M+,Self-funded,"Korean town building developer",City building simulation
257,Vespa,vespainteractive.com,BROAD,King's Raid,10M+,Acquired by Kakao,"Korean action RPG developer",Real-time action RPG
258,Elune Studio,elunestudio.com,BROAD,Elune,5M+,Self-funded,"Korean collection RPG developer",Collection RPG with turn-based combat
259,Flora Games,floragames.com,BROAD,Various merge titles,10M+,VC-backed,"Emerging merge game developer",Merge puzzle mechanics
260,Pixel Federation,pixelfederation.com,BROAD,TrainStation 2,30M+,Self-funded,"Slovak simulation game developer",Train management simulation
261,Nordcurrent,nordcurrent.com,BROAD,Cooking Fever,200M+,Self-funded,"Lithuanian cooking game developer",Time management cooking games
262,Huuuge Games,huuugegames.com,BROAD,Traffic Puzzle,20M+,Public company (WSE: HUG),"Polish casual game publisher",Casual puzzle and casino games
263,Ten Square Games,tensquaregames.com,BROAD,Fishing Clash,50M+,Public company (WSE: TEN),"Polish sports game developer",Fishing simulation games
264,Vivid Games,vividgames.com,BROAD,Real Boxing,50M+,Public company (WSE: VVD),"Polish fighting game developer",Realistic boxing simulation
265,PlayWay,playway.com,BROAD,Car Mechanic Simulator,30M+,Public company (WSE: PLW),"Polish simulator game publisher",Realistic simulation games
266,CreativeForge Games,creativeforge.pl,BROAD,Hard West,5M+,Self-funded,"Polish tactical game developer",Western tactical games
267,Bloober Team,blooberteam.com,BROAD,Layers of Fear,5M+,Public company (WSE: BLO),"Polish horror game developer",Psychological horror games
268,People Can Fly,peoplecanfly.com,BROAD,Bulletstorm Mobile,5M+,Public company (WSE: PCF),"Polish action game developer",Intense action shooters
269,CI Games,cigames.com,BROAD,Sniper Ghost Warrior,10M+,Public company (WSE: CIG),"Polish shooter game developer",Tactical sniper games
270,Creativeforge Games,creativeforge.pl,BROAD,Phantom Doctrine,5M+,Self-funded,"Polish tactical espionage developer",Cold War tactical games
271,IMGN.PRO,imgnpro.com,BROAD,Kholat,5M+,Self-funded,"Polish indie horror publisher",Horror exploration games
272,All in! Games,allingames.com,BROAD,Paradise Lost,5M+,Public company (WSE: ALG),"Polish game publisher",Story-driven adventure games
273,Artifex Mundi,artifexmundi.com,BROAD,Hidden Object games,50M+,Public company (WSE: ART),"Polish hidden object developer",Hidden object puzzles
274,Forever Entertainment,forever-entertainment.com,BROAD,Panzer Dragoon Remake,5M+,Public company (WSE: FEV),"Polish retro game publisher",Classic game remakes
275,Reality Games,reality.co,BROAD,Landlord GO,10M+,VC-backed,"Polish location-based developer",Location-based business games
276,Carbon Studio,carbonstudio.pl,BROAD,The Wizards Mobile,5M+,Self-funded,"Polish VR game developer",VR and mobile magic games
277,Anshar Studios,ansharstudios.com,BROAD,Gamedec,5M+,Self-funded,"Polish RPG developer",Cyberpunk detective RPGs
278,Starward Industries,starward-ind.com,BROAD,The Invincible,5M+,Public company (WSE: STI),"Polish sci-fi game developer",Retro-futuristic sci-fi games
279,Moonlighter Studio,moonlighterstudio.com,BROAD,Moonlighter,5M+,Self-funded,"Spanish action RPG developer",Shop management action RPG
280,Tequila Works,tequilaworks.com,BROAD,Rime,5M+,VC-backed,"Spanish adventure game developer",Atmospheric puzzle adventure
281,MercurySteam,mercurysteam.com,BROAD,Metroid Dread,5M+,Self-funded,"Spanish action game developer",Metroidvania action games
282,Social Point,socialpoint.es,BROAD,World Chef,50M+,Acquired by Take-Two,"Spanish social game developer",Restaurant management games
283,Ubisoft Barcelona,ubisoft.com,BROAD,Hungry Shark World,100M+,Part of Ubisoft,"Spanish arcade game studio",Arcade eating simulation
284,Digital Legends,digitallegends.com,BROAD,Afterpulse,10M+,Self-funded,"Spanish action shooter developer",Third-person shooter action
285,Novarama,novarama.com,BROAD,Killsquad,5M+,Self-funded,"Spanish action RPG developer",Co-op action RPG
286,AppGallery Games,appgallery.huawei.com,BROAD,Various titles,100M+,Part of Huawei,"Chinese app store and publisher",Huawei ecosystem games
287,OPPO Games,oppo.com/games,BROAD,Various titles,100M+,Part of OPPO,"Chinese mobile and game platform",OPPO ecosystem games
288,Xiaomi Games,mi.com/games,BROAD,Various titles,100M+,Part of Xiaomi,"Chinese mobile and game platform",Xiaomi ecosystem games
289,ByteDance Nuverse,nuverse.com,BROAD,Various titles,50M+,Part of ByteDance,"TikTok parent game publishing arm",TikTok-integrated games
290,Bigo Live Games,bigo.tv/games,BROAD,Various titles,50M+,Part of BIGO,"Singapore live streaming games",Live streaming gaming integration
291,Tap4Fun,tap4fun.com,BROAD,Invasion: Modern Empire,20M+,Public company,"Chinese strategy game developer",Modern warfare strategy
292,Snail Games,snail.com,BROAD,Age of Wushu Dynasty,10M+,Self-funded,"Chinese MMORPG developer",Martial arts MMORPG
293,LongTech Network,im30.net,BROAD,Last Empire - War Z,20M+,VC-backed,"Chinese zombie strategy developer",Zombie warfare strategy
294,Junhai Games,junhaigames.com,BROAD,Dynasty Origins: Pioneer,10M+,VC-backed,"Chinese strategy game developer",Historical Chinese strategy
295,Yoozoo Games,yoozoo.com,BROAD,Game of Thrones: Winter is Coming,10M+,Public company,"Chinese licensed game publisher",Licensed IP strategy games
296,Giant Network,ztgame.com,BROAD,Ball Run 2048,50M+,Public company,"Chinese gaming conglomerate",Diverse casual and mid-core games
297,Leiting Games,leitingcn.com,BROAD,Honkai Impact 3rd,30M+,Part of miHoYo,"Chinese action RPG publisher",Anime action RPG publishing
298,Perfect World Games,perfectworld.com,BROAD,Fantasy New Jade Dynasty,10M+,Public company (NASDAQ: PWRD),"Chinese MMORPG developer",Classic MMORPG mobile adaptations
299,Changyou,changyou.com,BROAD,Dragon Oath Mobile,10M+,Part of Sohu,"Chinese MMORPG developer",Martial arts MMORPG
300,Seasun Games,seasungames.com,BROAD,JX Online 3,10M+,Part of Kingsoft,"Chinese MMORPG developer",Wuxia MMORPG games
301,ZQGame,zqgame.com,BROAD,Pocket Three Kingdoms,10M+,Public company,"Chinese strategy game developer",Three Kingdoms strategy
302,Yotta Games,yottagames.com,BROAD,Mafia City,50M+,VC-backed,"Chinese crime strategy developer",Mafia-themed strategy games
303,FT Games,ftgames.com,BROAD,Age of Z Origins,20M+,VC-backed,"Chinese zombie strategy developer",Zombie tower defense strategy
304,Zlongame,zlongame.com,BROAD,Langrisser,10M+,Public company,"Chinese strategy RPG developer",Classic SRPG mobile revival
305,SkyMoons,skymoons.com,BROAD,Tales of Wind,10M+,VC-backed,"Chinese anime MMORPG developer",Cute anime MMORPG
306,Supermoon Games,supermoongames.com,BROAD,Various casual titles,10M+,VC-backed,"Chinese casual game developer",Casual mobile games
307,Moonton Technology,moonton.com,BROAD,Magic Chess,50M+,Part of ByteDance,"Indonesian MOBA developer",Auto-chess and MOBA games
308,Tencent Aurora Studio,tencent.com/aurora,BROAD,Arena of Valor,50M+,Part of Tencent,"Chinese MOBA developer",MOBA for global markets
309,Tencent TiMi Studio,timi.qq.com,BROAD,Honor of Kings World,100M+,Part of Tencent,"Chinese MOBA developer","World's highest-grossing game developer"
310,Tencent Lightspeed & Quantum,lightspeed-studios.com,BROAD,PUBG Mobile,1B+,Part of Tencent,"Chinese shooter developer","World's largest mobile shooter"
311,Tencent NExT Studios,nextstudios.com,BROAD,Only One Escape,10M+,Part of Tencent,"Chinese innovative game studio",Experimental game experiences
312,NetEase Games,netease.com,BROAD,Harry Potter: Magic Awakened,50M+,Public company (NASDAQ: NTES),"Chinese gaming giant",Licensed IP RPG games
313,Thunder Fire UX,thunderfire.com,BROAD,Naraka: Bladepoint Mobile,20M+,Part of NetEase,"Chinese action battle royale",Martial arts battle royale
314,Daybreak Game Company,daybreakgames.com,BROAD,DC Universe Online,10M+,Self-funded,"US MMORPG developer",DC Comics MMORPG
315,Standing Stone Games,standingstonegames.com,BROAD,LOTRO Mobile,5M+,Self-funded,"US licensed MMORPG developer",Lord of the Rings MMORPG
316,Broadsword Online,broadsword.com,BROAD,Ultima Online,5M+,Self-funded,"US classic MMORPG developer",Classic MMORPG legacy games
317,Daybreak Games San Diego,daybreakgames.com,BROAD,PlanetSide Arena,5M+,Part of Daybreak,"US shooter developer",Large-scale shooter combat
318,Amazon Games,gaming.amazon.com,BROAD,Lost Ark Mobile,20M+,Part of Amazon,"US tech giant game division",AAA mobile games
319,Apple Arcade,apple.com/arcade,BROAD,Various exclusives,100M+,Part of Apple,"US tech giant game subscription",Premium mobile gaming subscription
320,Google Play Games,play.google.com,BROAD,Platform games,500M+,Part of Google,"US tech giant game platform",Android game ecosystem
321,Microsoft Xbox Mobile,xbox.com/mobile,BROAD,Various titles,100M+,Part of Microsoft,"US tech giant game division",Xbox games on mobile
322,Sony PlayStation Mobile,playstation.com,BROAD,PlayStation games,50M+,Part of Sony,"Japanese tech giant mobile",PlayStation IP on mobile
323,Nintendo Mobile,nintendo.com,BROAD,Mario Kart Tour,200M+,Public company,"Japanese gaming legend",Nintendo IP mobile games
324,DENA West,dena.com,BROAD,Nintendo games publishing,100M+,Part of DENA,"Japanese mobile publisher",Nintendo game development partner
325,Serenity Forge,serenityforge.com,BROAD,Where Cards Fall,5M+,Self-funded,"US indie narrative developer",Narrative puzzle games
326,Annapurna Interactive,annapurnainteractive.com,BROAD,Stray Mobile,5M+,Self-funded,"US indie publisher",Premium narrative adventures
327,Raw Fury,rawfury.com,BROAD,Kathy Rain Mobile,5M+,Self-funded,"Swedish indie publisher",Indie adventure and RPG games
328,Team Cherry,teamcherry.com.au,BROAD,Hollow Knight,5M+,Self-funded,"Australian indie developer",Metroidvania masterpiece
329,Motion Twin,motion-twin.com,BROAD,Dead Cells Mobile,5M+,Self-funded,"French indie developer",Roguelike action platformer
330,Supergiant Games,supergiantgames.com,BROAD,Hades Mobile,5M+,Self-funded,"US indie developer",Premium roguelike action
331,Mega Crit Games,megacrit.com,BROAD,Slay the Spire Mobile,5M+,Self-funded,"US indie developer",Roguelike deck builder
332,Yacht Club Games,yachtclubgames.com,BROAD,Shovel Knight,5M+,Self-funded,"US indie developer",Retro platformer action
333,Re-Logic,re-logic.com,BROAD,Terraria Mobile,30M+,Self-funded,"US indie developer",Sandbox adventure building
334,ConcernedApe,concernedape.com,BROAD,Stardew Valley,20M+,Self-funded,"US indie developer",Farming RPG phenomenon
335,Klei Entertainment,klei.com,BROAD,Don't Starve Mobile,10M+,Self-funded,"Canadian indie developer",Survival crafting game
336,Red Hook Studios,redhookstudios.com,BROAD,Darkest Dungeon Mobile,5M+,Self-funded,"Canadian indie developer",Gothic roguelike RPG
337,Subset Games,subsetgames.com,BROAD,FTL Mobile,5M+,Self-funded,"US indie developer",Space roguelike strategy
338,Vlambeer,vlambeer.com,BROAD,Nuclear Throne Mobile,5M+,Self-funded,"Dutch indie developer",Roguelike action shooter
339,Dennaton Games,dennaton.com,BROAD,Hotline Miami Mobile,5M+,Self-funded,"Swedish indie developer",Top-down action violence
340,DrinkBox Studios,drinkboxstudios.com,BROAD,Guacamelee Mobile,5M+,Self-funded,"Canadian indie developer",Metroidvania with Mexican style
341,Tribute Games,tributegames.com,BROAD,Teenage Mutant Ninja Turtles,5M+,Self-funded,"Canadian indie developer",Retro beat-em-up action
342,WayForward Technologies,wayforward.com,BROAD,Shantae Mobile,5M+,Self-funded,"US indie developer",Retro platformer action
343,Ludosity,ludosity.com,BROAD,Slap City Mobile,5M+,Self-funded,"Swedish indie developer",Platform fighting games
344,Matt Makes Games,mattmakesgames.com,BROAD,Celeste Mobile,5M+,Self-funded,"Canadian indie developer",Precision platformer
345,Extremely OK Games,exok.com,BROAD,Celeste sequel,5M+,Self-funded,"Canadian indie developer",Precision platformer sequel
346,Tomorrow Corporation,tomorrowcorporation.com,BROAD,Little Inferno Mobile,5M+,Self-funded,"US indie developer",Experimental puzzle games
347,Kyle Gabler,2dboy.com,BROAD,World of Goo Mobile,10M+,Self-funded,"US indie developer",Physics puzzle pioneer
348,Lucas Pope,dukope.com,BROAD,Papers Please Mobile,5M+,Self-funded,"US indie developer",Document thriller simulation
349,Jonathan Blow,number-none.com,BROAD,The Witness Mobile,5M+,Self-funded,"US indie developer",First-person puzzle exploration
350,Playdead,playdead.com,BROAD,Inside Mobile,5M+,Self-funded,"Danish indie developer",Atmospheric puzzle platformer
351,Askiisoft,askiisoft.com,BROAD,Katana ZERO Mobile,5M+,Self-funded,"US indie developer",Action platformer with time manipulation
352,D-Pad Studio,d-pad.com,BROAD,Owlboy Mobile,5M+,Self-funded,"Norwegian indie developer",Beautiful pixel platformer
353,Heart Machine,heartmachine.com,BROAD,Hyper Light Drifter Mobile,5M+,Self-funded,"US indie developer",Pixel action adventure
354,INTI CREATES,intri.co.jp,BROAD,Mega Man Zero,5M+,Self-funded,"Japanese indie developer",Retro action platformer
355,Nippon Ichi Software,nisamerica.com,BROAD,Prinny,5M+,Self-funded,"Japanese RPG developer",Quirky action platformer
356,Experience Inc.,experienceinc.jp,BROAD,Demon Gaze Mobile,5M+,Self-funded,"Japanese dungeon RPG developer",First-person dungeon crawler
357,Vanillaware,vanillaware.co.jp,BROAD,Odin Sphere Mobile,5M+,Self-funded,"Japanese action RPG developer",Beautiful 2D action RPG
358,PlatinumGames,platinumgames.com,BROAD,World of Demons,5M+,Self-funded,"Japanese action developer",Stylish action games
359,Grinding Gear Games,grindinggear.com,BROAD,Path of Exile Mobile,5M+,Acquired by Tencent,"New Zealand ARPG developer",Dark fantasy action RPG
360,Digital Extremes,digitalextremes.com,BROAD,Warframe Mobile,10M+,Acquired by Tencent,"Canadian sci-fi action developer",Free-to-play sci-fi action
361,Turtle Rock Studios,turtlerockstudios.com,BROAD,Back 4 Blood Mobile,5M+,Self-funded,"US co-op shooter developer",Zombie co-op shooter
362,Volition,volition-inc.com,BROAD,Saints Row Mobile,5M+,Part of Embracer,"US open world game developer",Open world action comedy
363,Obsidian Entertainment,obsidian.net,BROAD,Outer Worlds Mobile,5M+,Part of Microsoft,"US RPG developer",Story-driven RPG adventures
364,InXile Entertainment,inxile.net,BROAD,Wasteland Mobile,5M+,Part of Microsoft,"US tactical RPG developer",Post-apocalyptic tactical RPG
365,Double Fine Productions,doublefine.com,BROAD,Psychonauts Mobile,5M+,Part of Microsoft,"US adventure game developer",Quirky platformer adventures
366,Ninja Theory,ninjatheory.com,BROAD,Hellblade Mobile,5M+,Part of Microsoft,"UK action adventure developer",Psychological action games
367,Rare,rare.com,BROAD,Sea of Thieves Mobile,5M+,Part of Microsoft,"UK adventure game developer",Multiplayer pirate adventure
368,Playground Games,playground-games.com,BROAD,Forza Horizon Mobile,10M+,Part of Microsoft,"UK racing game developer",Open world racing
369,Turn 10 Studios,turn10studios.com,BROAD,Forza Motorsport Mobile,5M+,Part of Microsoft,"US racing simulation developer",Racing simulation
370,343 Industries,343industries.com,BROAD,Halo Mobile,10M+,Part of Microsoft,"US FPS developer",Halo franchise mobile
371,The Coalition,thecoalition.com,BROAD,Gears Mobile,5M+,Part of Microsoft,"Canadian shooter developer",Cover-based shooter
372,Compulsion Games,compulsiongames.com,BROAD,We Happy Few Mobile,5M+,Part of Microsoft,"Canadian survival developer",Dystopian survival adventure
373,Undead Labs,undeadlabs.com,BROAD,State of Decay Mobile,5M+,Part of Microsoft,"US zombie survival developer",Zombie survival simulation
374,World's Edge,worldsedge.com,BROAD,Age of Empires Mobile,10M+,Part of Microsoft,"US strategy game developer",Real-time strategy classic
375,Tango Gameworks,tangogameworks.com,BROAD,Ghostwire Mobile,5M+,Part of Bethesda/Microsoft,"Japanese action horror developer",Action horror games
376,Arkane Studios,arkane-studios.com,BROAD,Deathloop Mobile,5M+,Part of Bethesda/Microsoft,"French immersive sim developer",Immersive action games
377,id Software,idsoftware.com,BROAD,DOOM Mobile,10M+,Part of Bethesda/Microsoft,"US FPS pioneer",Classic FPS action
378,MachineGames,machinegames.com,BROAD,Wolfenstein Mobile,5M+,Part of Bethesda/Microsoft,"Swedish FPS developer",World War shooter
379,ZeniMax Online Studios,zenimaxonline.com,BROAD,Elder Scrolls Online Mobile,5M+,Part of Bethesda/Microsoft,"US MMORPG developer",Elder Scrolls MMORPG
380,Raven Software,ravensoftware.com,BROAD,Call of Duty Warzone Mobile,100M+,Part of Activision Blizzard,"US shooter developer",Battle royale shooter
381,Sledgehammer Games,sledgehammergames.com,BROAD,Call of Duty Mobile,300M+,Part of Activision Blizzard,"US FPS developer",Call of Duty franchise
382,Treyarch,treyarch.com,BROAD,Call of Duty Black Ops Mobile,100M+,Part of Activision Blizzard,"US FPS developer",Black Ops franchise mobile
383,Infinity Ward,infinityward.com,BROAD,Call of Duty Modern Warfare Mobile,50M+,Part of Activision Blizzard,"US FPS pioneer",Modern Warfare franchise
384,High Moon Studios,highmoonstudios.com,BROAD,Transformers Mobile,10M+,Part of Activision Blizzard,"US action game developer",Licensed action games
385,Toys for Bob,toysforbob.com,BROAD,Crash Bandicoot On the Run,50M+,Part of Activision Blizzard,"US platformer developer",Classic platformer running
386,Vicarious Visions,vfranchise.com,BROAD,Tony Hawk's Pro Skater Mobile,10M+,Part of Activision Blizzard,"US action sports developer",Skateboarding simulation
387,Beenox,beenox.com,BROAD,Crash Team Racing Mobile,10M+,Part of Activision Blizzard,"Canadian racing developer",Kart racing games
388,Demonware,demonware.net,BROAD,Online services,100M+,Part of Activision Blizzard,"Irish online services company",Gaming backend services
389,King Digital,king.com,BROAD,Candy Crush Friends Saga,100M+,Part of Activision Blizzard,"Swedish casual game developer",Match-3 puzzle variations
390,Blizzard Entertainment,blizzard.com,BROAD,Hearthstone,100M+,Part of Activision Blizzard,"US legendary game developer",Digital card game pioneer
391,Respawn Entertainment,respawn.com,BROAD,Apex Legends Mobile,30M+,Part of EA,"US shooter developer",Battle royale shooter
392,DICE,dice.se,BROAD,Battlefield Mobile,20M+,Part of EA,"Swedish FPS developer",Military FPS franchise
393,BioWare,bioware.com,BROAD,Mass Effect Mobile,5M+,Part of EA,"Canadian RPG developer",Story-driven sci-fi RPG
394,Criterion Games,criterion.com,BROAD,Need for Speed Mobile,50M+,Part of EA,"UK racing game developer",Arcade racing games
395,Codemasters,codemasters.com,BROAD,F1 Mobile Racing,50M+,Part of EA,"UK racing simulation developer",Formula 1 racing simulation
396,PopCap Games,popcap.com,BROAD,Plants vs. Zombies 3,30M+,Part of EA,"US casual game developer",Tower defense with zombies
397,Maxis,maxis.com,BROAD,SimCity BuildIt,100M+,Part of EA,"US simulation game pioneer",City building simulation
398,Firemonkeys,firemonkeys.com.au,BROAD,Real Racing 3,500M+,Part of EA,"Australian mobile racing developer",Console-quality mobile racing
399,Industrial Toys,industrialtoys.com,BROAD,Midnight Star,5M+,Part of EA,"US mobile shooter developer",Mobile first-person shooter
400,Capital Games,capitalgames.com,BROAD,Star Wars: Galaxy of Heroes,50M+,Part of EA,"US mobile RPG developer",Star Wars gacha RPG
401,EA Motive,ea.com/motive,BROAD,Dead Space Mobile,5M+,Part of EA,"Canadian horror developer",Sci-fi horror games
402,Ghost Games,ea.com/ghost,BROAD,Need for Speed No Limits,100M+,Part of EA,"Swedish racing developer",Street racing action
403,NaturalMotion,naturalmotion.com,BROAD,CSR Racing 2,100M+,Part of Zynga/Take-Two,"UK racing game developer",Drag racing simulation
404,Gram Games,gram.gs,BROAD,Merge Dragons!,50M+,Part of Zynga/Take-Two,"Turkish merge game developer",Dragon merge puzzle
405,StarLark,starlark.com,BROAD,Golf Rival,30M+,Part of Zynga/Take-Two,"US golf game developer",Mobile golf simulation
406,Tiny Rebel Games,tinyrebelgames.com,BROAD,Doctor Who Infinity,5M+,Self-funded,"UK licensed game developer",Doctor Who puzzle games
407,Revolution Software,revolution.co.uk,BROAD,Broken Sword Mobile,5M+,Self-funded,"UK adventure game developer",Point-and-click adventure
408,Wadjet Eye Games,wadjeteyegames.com,BROAD,Gemini Rue,5M+,Self-funded,"US adventure game developer",Pixel adventure games
409,Frogwares,frogwares.com,BROAD,Sherlock Holmes Mobile,5M+,Self-funded,"Ukrainian detective game developer",Detective mystery games
410,Microids,microids.com,BROAD,Asterix Mobile,10M+,Self-funded,"French game publisher",Licensed European games
411,Bigben Interactive,bigben-interactive.com,BROAD,WRC Mobile,5M+,Public company,"French publisher",Racing and sports games
412,Focus Entertainment,focus-entmt.com,BROAD,A Plague Tale Mobile,5M+,Public company,"French publisher",Narrative adventure games
413,THQ Nordic,thqnordic.com,BROAD,Darksiders Mobile,5M+,Part of Embracer,"Austrian publisher",Action adventure revival
414,Deep Silver,deepsilver.com,BROAD,Saints Row Mobile,5M+,Part of Embracer,"German publisher",Open world action games
415,Koch Media,kochmedia.com,BROAD,Various titles,10M+,Part of Embracer,"German publisher",Multi-genre publishing
416,Gearbox Software,gearboxsoftware.com,BROAD,Borderlands Mobile,5M+,Part of Embracer,"US shooter developer",Looter shooter RPG
417,Crystal Dynamics,crystald.com,BROAD,Tomb Raider Mobile,10M+,Part of Embracer,"US action adventure developer",Tomb Raider franchise
418,Eidos Montreal,eidosmontreal.com,BROAD,Deus Ex Mobile,5M+,Part of Embracer,"Canadian action RPG developer",Cyberpunk immersive sim
419,Piranha Bytes,piranhaby tes.de,BROAD,Gothic Mobile,5M+,Part of Embracer,"German RPG developer",European action RPG
420,Flying Wild Hog,flyingwildhog.com,BROAD,Shadow Warrior Mobile,5M+,Part of Embracer,"Polish action developer",Retro FPS action
421,Coffee Stain North,coffeestain.com,BROAD,Deep Rock Galactic Mobile,5M+,Part of Embracer,"Swedish co-op developer",Dwarven mining co-op
422,Easy Trigger Games,easytriggergames.com,BROAD,Huntdown Mobile,5M+,Part of Embracer,"Swedish action developer",Retro action shooter
423,Milestone,milestone.it,BROAD,MotoGP Mobile,10M+,Part of Embracer,"Italian racing developer",Motorcycle racing simulation
424,Saber Interactive,saber3d.com,BROAD,World War Z Mobile,10M+,Part of Embracer,"US action developer",Zombie horde shooter
425,4A Games,4a-games.com,BROAD,Metro Mobile,5M+,Part of Embracer,"Ukrainian FPS developer",Post-apocalyptic FPS
426,Gunfire Games,gunfiregames.com,BROAD,Remnant Mobile,5M+,Part of Embracer,"US action RPG developer",Souls-like action RPG
427,Hangar 13,hangar13games.com,BROAD,Mafia Mobile,5M+,Part of 2K/Take-Two,"US crime game developer",Crime drama action
428,Firaxis Games,firaxis.com,BROAD,Civilization VI,10M+,Part of 2K/Take-Two,"US strategy game pioneer",Turn-based strategy
429,Visual Concepts,vcentertainment.com,BROAD,NBA 2K Mobile,100M+,Part of 2K/Take-Two,"US sports game developer",Basketball simulation
430,HB Studios,hb-studios.com,BROAD,PGA Tour Mobile,10M+,Part of 2K/Take-Two,"Canadian golf developer",Golf simulation
431,Illfonic,illfonic.com,BROAD,Predator: Hunting Grounds Mobile,5M+,Self-funded,"US asymmetric multiplayer developer",Predator franchise games
432,Gun Media,gunmedia.com,BROAD,Friday the 13th Mobile,5M+,Self-funded,"US horror multiplayer developer",Horror franchise games
433,Behaviour Interactive,bhvr.com,BROAD,Dead by Daylight Mobile,20M+,Self-funded,"Canadian horror multiplayer developer",Asymmetric horror multiplayer
434,Turtle Beach,turtlebeach.com,BROAD,Gaming accessories,10M+,Public company (NASDAQ: HEAR),"US gaming peripheral company",Gaming accessories company
435,Razer Inc.,razer.com,BROAD,Razer Phone games,10M+,Public company (HKG: 1337),"Singapore gaming company",Gaming hardware and software
436,Logitech G,logitechg.com,BROAD,Gaming cloud,10M+,Part of Logitech,"Swiss gaming division",Gaming peripherals and cloud
437,SteelSeries,steelseries.com,BROAD,Gaming peripherals,5M+,VC-backed,"Danish gaming company",Gaming accessories
438,HyperX,hyperx.com,BROAD,Gaming peripherals,5M+,Part of HP,"US gaming division",Gaming accessories brand
439,Corsair Gaming,corsair.com,BROAD,Various,5M+,Public company (NASDAQ: CRSR),"US gaming peripherals company",Gaming hardware
440,ASTRO Gaming,astrogaming.com,BROAD,Gaming peripherals,5M+,Part of Logitech,"US gaming audio company",Gaming headsets
441,Elgato,elgato.com,BROAD,Streaming tools,5M+,Part of Corsair,"German streaming tools company",Content creation tools
442,SCUF Gaming,scufgaming.com,BROAD,Controllers,5M+,Part of Corsair,"US gaming controller company",Pro gaming controllers
443,Fanatec,fanatec.com,BROAD,Racing wheels,5M+,Self-funded,"German racing peripheral company",Racing simulation hardware
444,Thrustmaster,thrustmaster.com,BROAD,Gaming peripherals,5M+,Part of Guillemot,"French peripheral company",Racing and flight controllers
445,Hori,hori.jp,BROAD,Controllers,5M+,Self-funded,"Japanese peripheral company",Licensed gaming accessories
446,8BitDo,8bitdo.com,BROAD,Retro controllers,5M+,Self-funded,"Chinese controller company",Retro-style modern controllers
447,PowerA,powera.com,BROAD,Licensed controllers,5M+,Part of Bensussen Deutsch,"US gaming accessory company",Licensed gaming controllers
448,PDP,pdp.com,BROAD,Controllers,5M+,Part of Performance Designed Products,"US gaming accessory company",Licensed gaming accessories
449,Victrix,victrixpro.com,BROAD,Pro controllers,5M+,Self-funded,"US pro controller company",Tournament gaming controllers
450,Nacon,nacongaming.com,BROAD,Controllers,5M+,Public company,"French gaming accessory company",Gaming controllers and publishing
451,Mad Catz,madcatz.com,BROAD,Gaming peripherals,5M+,Self-funded,"US gaming peripheral company",Gaming accessories
452,ROCCAT,roccat.com,BROAD,Gaming peripherals,5M+,Part of Turtle Beach,"German gaming peripheral company",PC gaming accessories
453,SteelSeries Mobile,steelseries.com,BROAD,Mobile controllers,5M+,VC-backed,"Danish gaming company",Mobile gaming accessories
454,Backbone,playbackbone.com,BROAD,Mobile controllers,10M+,VC-backed,$40M+ funding,"US mobile controller company",Mobile gaming controller
455,GameSir,gamesir.hk,BROAD,Mobile controllers,10M+,Self-funded,"Chinese controller company",Multi-platform controllers
456,Razer Kishi,razer.com,BROAD,Mobile controllers,10M+,Part of Razer,"Singapore gaming company",Mobile controller
457,Flydigi,flydigi.com,BROAD,Mobile controllers,10M+,Self-funded,"Chinese controller company",Mobile gaming peripherals
458,MOGA,mogaanywhere.com,BROAD,Mobile controllers,5M+,Part of PowerA,"US mobile controller brand",Mobile gaming controllers
459,iPega,ipega.hk,BROAD,Mobile controllers,10M+,Self-funded,"Chinese controller brand",Budget mobile controllers
460,Beboncool,beboncool.com,BROAD,Mobile controllers,5M+,Self-funded,"Chinese controller brand",Budget gaming accessories
461,Rotor Riot,rotorriot.com,BROAD,Mobile controllers,5M+,Self-funded,"US mobile gaming company",MFi mobile controllers
462,LeadJoy,leadjoy.com,BROAD,Mobile controllers,5M+,Self-funded,"Chinese controller brand",Mobile gaming controllers
463,Gamevice,gamevice.com,BROAD,Mobile controllers,5M+,VC-backed,"US mobile controller company",Handheld mobile controllers
464,Turtle Beach Atom,turtlebeach.com,BROAD,Mobile controllers,5M+,Part of Turtle Beach,"US gaming peripheral company",Mobile gaming controller
465,RIG Gaming,riggaming.com,BROAD,Gaming headsets,5M+,Part of Nacon,"US gaming audio brand",Gaming audio products
466,Audeze,audeze.com,BROAD,Gaming headsets,5M+,Self-funded,"US audio company",Premium gaming audio
467,Bang & Olufsen Gaming,bang-olufsen.com,BROAD,Gaming audio,5M+,Public company,"Danish audio company",Premium gaming headsets
468,JBL Gaming,jbl.com,BROAD,Gaming audio,5M+,Part of Harman/Samsung,"US audio brand",Gaming audio products
469,Audio-Technica Gaming,audio-technica.com,BROAD,Gaming headsets,5M+,Self-funded,"Japanese audio company",Gaming audio products
470,beyerdynamic Gaming,beyerdynamic.com,BROAD,Gaming headsets,5M+,Self-funded,"German audio company",Premium gaming headsets
471,Sennheiser Gaming,sennheiser.com,BROAD,Gaming headsets,5M+,Self-funded,"German audio company",Gaming audio products
472,Drop,drop.com,BROAD,Community audio,5M+,Self-funded,"US community marketplace",Custom gaming audio
473,Epos Gaming,eposaudio.com,BROAD,Gaming audio,5M+,Self-funded,"Danish audio company",Gaming headsets
474,Fnatic Gear,fnatic.com/gear,BROAD,Gaming peripherals,5M+,Part of Fnatic,"UK esports company",Esports gaming gear
475,Cloud9 Gear,cloud9.gg,BROAD,Gaming peripherals,5M+,Part of Cloud9,"US esports organization",Esports merchandise and gear
476,Team Liquid Gear,teamliquid.com,BROAD,Gaming peripherals,5M+,Part of Team Liquid,"Netherlands esports org",Esports merchandise
477,TSM Shop,tsm.gg,BROAD,Gaming peripherals,5M+,Part of TSM,"US esports organization",Esports merchandise
478,100 Thieves,100thieves.com,BROAD,Gaming lifestyle,10M+,VC-backed $60M+,"US esports and apparel company",Gaming lifestyle brand
479,FaZe Clan,fazeclan.com,BROAD,Gaming lifestyle,10M+,Public company (NASDAQ: FAZE),"US esports organization",Gaming entertainment company
480,G2 Esports,g2esports.com,BROAD,Gaming merchandise,5M+,VC-backed,"German esports organization",European esports leader
481,Natus Vincere,navi.gg,BROAD,Gaming merchandise,5M+,Self-funded,"Ukrainian esports organization",European esports champion
482,Virtus.pro,virtus.pro,BROAD,Gaming merchandise,5M+,Part of VK,"Russian esports organization",CIS region esports
483,Evil Geniuses,evilgeniuses.gg,BROAD,Gaming merchandise,5M+,Part of PEAK6,"US esports organization",North American esports
484,NRG Esports,nrg.gg,BROAD,Gaming merchandise,5M+,VC-backed,"US esports organization",Multi-game esports org
485,Sentinels,sentinels.gg,BROAD,Gaming merchandise,5M+,VC-backed,"US esports organization",Valorant esports leader
486,OpTic Gaming,optic.tv,BROAD,Gaming merchandise,5M+,Part of Envy Gaming,"US esports organization",FPS esports organization
487,Complexity Gaming,complexity.gg,BROAD,Gaming merchandise,5M+,Part of Jerry Jones investment,"US esports organization",Multi-game esports
488,Gen.G Esports,gen.g,BROAD,Gaming merchandise,5M+,VC-backed,"Korean esports organization",Global esports company
489,T1 Entertainment,t1.gg,BROAD,Gaming merchandise,10M+,Part of SK Telecom,"Korean esports organization",League of Legends champions
490,DRX,drx.gg,BROAD,Gaming merchandise,5M+,Self-funded,"Korean esports organization",Korean esports team
491,DAMWON Gaming,dwg.gg,BROAD,Gaming merchandise,5M+,Part of DAMWON,"Korean esports organization",World champions
492,Hanwha Life Esports,hle.kr,BROAD,Gaming merchandise,5M+,Part of Hanwha Group,"Korean esports organization",Korean conglomerate esports
493,KT Rolster,kt-rolster.com,BROAD,Gaming merchandise,5M+,Part of KT Corporation,"Korean esports organization",Telecom-backed esports
494,Bilibili Gaming,bilibiligaming.com,BROAD,Gaming merchandise,5M+,Part of Bilibili,"Chinese esports organization",Chinese streaming esports
495,Royal Never Give Up,rng.com.cn,BROAD,Gaming merchandise,5M+,Self-funded,"Chinese esports organization",League of Legends champions
496,EDward Gaming,edgaming.cn,BROAD,Gaming merchandise,5M+,Self-funded,"Chinese esports organization",World champions 2021
497,JD Gaming,jdgaming.cn,BROAD,Gaming merchandise,5M+,Part of JD.com,"Chinese esports organization",Chinese esports leader
498,Top Esports,topesports.cn,BROAD,Gaming merchandise,5M+,Self-funded,"Chinese esports organization",Chinese League team
499,Weibo Gaming,weibogaming.cn,BROAD,Gaming merchandise,5M+,Part of Weibo,"Chinese esports organization",Social media esports
500,LNG Esports,lngesports.cn,BROAD,Gaming merchandise,5M+,Part of Li-Ning,"Chinese esports organization",Sports brand esports
501,FunPlus Phoenix,fpx.gg,BROAD,Gaming merchandise,5M+,Part of FunPlus,"Chinese esports organization",World champions 2019
502,Invictus Gaming,igaming.com.cn,BROAD,Gaming merchandise,5M+,Part of Wang Sicong,"Chinese esports organization",World champions 2018
503,Karmine Corp,karminecorp.fr,BROAD,Gaming merchandise,5M+,Self-funded,"French esports organization",French esports leader
504,Vitality,vitality.gg,BROAD,Gaming merchandise,5M+,VC-backed,"French esports organization",European multi-game org
505,MAD Lions,madlions.com,BROAD,Gaming merchandise,5M+,Part of OverActive Media,"Spanish esports organization",European esports team
506,Astralis,astralis.gg,BROAD,Gaming merchandise,5M+,Public company,"Danish esports organization",CS:GO champions
507,ENCE,ence.gg,BROAD,Gaming merchandise,5M+,Self-funded,"Finnish esports organization",Nordic esports team
508,Heroic,heroic.gg,BROAD,Gaming merchandise,5M+,Self-funded,"Danish esports organization",CS:GO esports team
509,MOUZ,mousesports.com,BROAD,Gaming merchandise,5M+,Self-funded,"German esports organization",European esports veteran
510,BIG,bigclan.gg,BROAD,Gaming merchandise,5M+,Self-funded,"German esports organization",German esports team
511,Rogue,rogue.gg,BROAD,Gaming merchandise,5M+,Part of ReKTGlobal,"US esports organization",Multi-game esports
512,Misfits Gaming,misfitsgaming.gg,BROAD,Gaming merchandise,5M+,Part of Misfits Gaming Group,"US esports organization",Multi-game esports
513,Immortals,immortals.gg,BROAD,Gaming merchandise,5M+,Part of Immortals Gaming Club,"US esports organization",North American esports
514,Dignitas,dignitas.gg,BROAD,Gaming merchandise,5M+,Part of Harris Blitzer Sports,"US esports organization",Veteran esports org
515,Golden Guardians,goldenguardians.com,BROAD,Gaming merchandise,5M+,Part of Golden State Warriors,"US esports organization",NBA-owned esports
516,FlyQuest,flyquest.gg,BROAD,Gaming merchandise,5M+,Part of Milwaukee Bucks,"US esports organization",NBA-owned esports
517,Counter Logic Gaming,clgaming.net,BROAD,Gaming merchandise,5M+,Part of Madison Square Garden,"US esports organization",Original NA esports
518,Cloud9,cloud9.gg,BROAD,Gaming merchandise,10M+,VC-backed $100M+,"US esports organization",Leading NA esports org
519,Astralis Talent,astralis.gg,BROAD,Academy esports,5M+,Public company,"Danish esports academy",Developing esports talent
520,Team Vitality Academy,vitality.gg,BROAD,Academy esports,5M+,VC-backed,"French esports academy",European talent development
521,Guild Esports,guildesports.com,BROAD,David Beckham esports,5M+,Public company (LON: GILD),"UK esports organization",Celebrity-backed esports
522,EXCEL Esports,xl.gg,BROAD,UK esports,5M+,VC-backed,"UK esports organization",British esports leader
523,Fnatic,fnatic.com,BROAD,Esports merchandise,10M+,VC-backed,"UK esports pioneer",European esports legend
524,Tundra Esports,tundraesports.com,BROAD,Dota 2 champions,5M+,Self-funded,"European esports organization",Dota 2 TI champions
525,OG Esports,og.gg,BROAD,Back-to-back TI champions,5M+,Self-funded,"European esports organization",Two-time Dota 2 champions
526,Team Spirit,teamspirit.ru,BROAD,TI champions,5M+,Self-funded,"Russian esports organization",Dota 2 TI10 champions
527,PSG.LGD,weibo.com/lgdgaming,BROAD,Chinese Dota 2,5M+,Part of Paris Saint-Germain,"Chinese esports organization",Football club esports
528,Xtreme Gaming,xtremegaming.gg,BROAD,Chinese Dota 2,5M+,Self-funded,"Chinese esports organization",Chinese Dota 2 team
529,BetBoom Team,betboom.ru,BROAD,CIS Dota 2,5M+,Part of BetBoom,"Russian esports organization",Sponsored esports team
530,Shopify Rebellion,shopifyrebellion.com,BROAD,E-commerce esports,5M+,Part of Shopify,"Canadian esports organization",Tech company esports
531,Oxygen Esports,oxygen.gg,BROAD,NA esports,5M+,VC-backed,"US esports organization",North American team
532,XSET,xset.com,BROAD,Gaming lifestyle,5M+,VC-backed,"US esports organization",Gaming and culture
533,Tribe Gaming,tribegaming.gg,BROAD,Mobile esports,10M+,VC-backed,"US esports organization",Mobile gaming esports
534,Nova Esports,novaesports.com,BROAD,Mobile esports,5M+,Self-funded,"Global mobile esports",Mobile gaming champions
535,EVOS Esports,evos.gg,BROAD,SEA mobile esports,10M+,VC-backed,"Indonesian esports organization",Southeast Asian esports
536,RRQ (Rex Regum Qeon),rrq.gg,BROAD,Indonesian esports,10M+,VC-backed,"Indonesian esports organization",Mobile Legends esports
537,Blacklist International,blacklist.ph,BROAD,Philippines esports,5M+,Self-funded,"Philippine esports organization",Mobile Legends champions
538,ONIC Esports,onicesports.com,BROAD,SEA mobile esports,5M+,Self-funded,"Indonesian esports organization",Mobile esports team
539,Bigetron Esports,bigetron.gg,BROAD,Indonesian esports,5M+,Self-funded,"Indonesian esports organization",PUBG Mobile champions
540,Alter Ego,alterego.gg,BROAD,Indonesian esports,5M+,Self-funded,"Indonesian esports organization",Indonesian esports team
541,Geek Fam,geekfam.gg,BROAD,SEA esports,5M+,Self-funded,"Malaysian esports organization",SEA Dota 2 team
542,Team Falcons,teamfalcons.sa,BROAD,Saudi esports,5M+,Part of Saudi investment,"Saudi Arabian esports",Middle Eastern esports
543,Team Heretics,teamheretics.com,BROAD,Spanish esports,5M+,VC-backed,"Spanish esports organization",Spanish gaming org
544,KOI,koi.gg,BROAD,Ibai esports,5M+,Self-funded,"Spanish esports organization",Streamer-founded esports
545,Giants Gaming,giantsgaming.pro,BROAD,Spanish esports,5M+,Self-funded,"Spanish esports organization",Spanish gaming veteran
546,Movistar Riders,movistarriders.gg,BROAD,Telecom esports,5M+,Part of Movistar,"Spanish esports organization",Telecom-backed esports
547,SK Gaming,sk-gaming.com,BROAD,German esports,5M+,Self-funded,"German esports organization",European esports veteran
548,Sprout Esports,sprout.gg,BROAD,German esports,5M+,Self-funded,"German esports organization",German gaming org
549,GamerLegion,gamerlegion.gg,BROAD,German esports,5M+,Self-funded,"German esports organization",German esports team
550,9z Team,9z.gg,BROAD,Latin American esports,5M+,Self-funded,"Argentine esports organization",LATAM CS:GO team
551,Isurus Gaming,isurus.gg,BROAD,LATAM esports,5M+,Self-funded,"Argentine esports organization",Latin American gaming
552,FURIA Esports,furia.gg,BROAD,Brazilian esports,10M+,VC-backed,"Brazilian esports organization",Brazilian esports leader
553,LOUD,loud.gg,BROAD,Brazilian gaming,20M+,VC-backed,"Brazilian esports organization",Brazilian content and esports
554,paiN Gaming,paingaming.com,BROAD,Brazilian esports,5M+,Self-funded,"Brazilian esports organization",Brazilian gaming veteran
555,MIBR,mibr.gg,BROAD,Made in Brazil,5M+,Part of Immortals,"Brazilian esports organization",Brazilian CS:GO legend
556,Imperial Esports,imperialcs.gg,BROAD,Brazilian CS,5M+,Self-funded,"Brazilian esports organization",Brazilian CS:GO team
557,KRÜ Esports,kru.gg,BROAD,Aguero esports,5M+,Self-funded,"Argentine esports organization",Footballer-owned esports
558,Leviatán,leviatan.gg,BROAD,Chilean esports,5M+,Self-funded,"Chilean esports organization",Latin American Valorant
559,Keyd Stars,keyd.gg,BROAD,Brazilian esports,5M+,Self-funded,"Brazilian esports organization",Brazilian gaming org
560,RED Canids,redcanids.com.br,BROAD,Brazilian esports,5M+,Self-funded,"Brazilian esports organization",Brazilian LoL team
561,INTZ,intz.com.br,BROAD,Brazilian esports,5M+,Self-funded,"Brazilian esports organization",Brazilian gaming org
562,Fluxo,fluxo.gg,BROAD,Brazilian content esports,5M+,Self-funded,"Brazilian esports organization",Content creator esports
563,Los Grandes,losgrandes.gg,BROAD,Brazilian esports,5M+,Self-funded,"Brazilian esports organization",Brazilian gaming
564,6Karma,6karma.gg,BROAD,Spanish mobile esports,5M+,Self-funded,"Spanish esports organization",Mobile gaming esports
565,Ninjas in Pyjamas,nip.gl,BROAD,Swedish esports,5M+,Self-funded,"Swedish esports organization",European esports legend
566,Apeks,apeks.gg,BROAD,Norwegian esports,5M+,Self-funded,"Norwegian esports organization",Nordic CS:GO team
567,Anonymo Esports,anonymo.gg,BROAD,Polish esports,5M+,Self-funded,"Polish esports organization",Polish CS:GO team
568,Entropiq,entropiq.gg,BROAD,Czech esports,5M+,Self-funded,"Czech esports organization",Central European esports
569,Eternal Fire,eternalfire.gg,BROAD,Turkish esports,5M+,Self-funded,"Turkish esports organization",Turkish CS:GO team
570,BBL Esports,bblesports.com,BROAD,Turkish esports,5M+,Self-funded,"Turkish esports organization",Turkish gaming
571,İstanbul Wildcats,istanbulwildcats.com,BROAD,Turkish LoL,5M+,Self-funded,"Turkish esports organization",Turkish League of Legends
572,Papara SuperMassive,supermassive.com.tr,BROAD,Turkish esports,5M+,Part of Papara,"Turkish esports organization",Fintech-backed esports
573,Dark Passage,darkpassage.gg,BROAD,Turkish esports,5M+,Self-funded,"Turkish esports organization",Turkish gaming org
574,Galatasaray Esports,galatasaray.org,BROAD,Football club esports,5M+,Part of Galatasaray,"Turkish esports organization",Football club gaming
575,Fenerbahçe Esports,fenerbahce.org,BROAD,Football club esports,5M+,Part of Fenerbahçe,"Turkish esports organization",Football club esports
576,Beşiktaş Esports,bjk.com.tr,BROAD,Football club esports,5M+,Part of Beşiktaş,"Turkish esports organization",Football club esports
577,Manchester City Esports,mancity.com,BROAD,Football club esports,5M+,Part of Manchester City,"UK esports organization",Football club gaming
578,AS Monaco Esports,asmonaco.com,BROAD,Football club esports,5M+,Part of AS Monaco,"French esports organization",Football club esports
579,FC Barcelona Gaming,fcbarcelona.com,BROAD,Football club esports,5M+,Part of FC Barcelona,"Spanish esports organization",Football club esports
580,Inter Milan Gaming,inter.it,BROAD,Football club esports,5M+,Part of Inter Milan,"Italian esports organization",Football club esports
581,Borussia Dortmund Gaming,bvb.de,BROAD,Football club esports,5M+,Part of BVB,"German esports organization",Football club esports
582,FC Schalke 04 Esports,schalke04.de,BROAD,Football club esports,5M+,Part of Schalke 04,"German esports organization",Football club esports
583,RB Leipzig Gaming,rbleipzig.com,BROAD,Football club esports,5M+,Part of RB Leipzig,"German esports organization",Football club esports
584,Ajax Esports,ajax.nl,BROAD,Football club esports,5M+,Part of Ajax,"Dutch esports organization",Football club esports
585,PSV Esports,psv.nl,BROAD,Football club esports,5M+,Part of PSV,"Dutch esports organization",Football club esports
586,Ellas Queen,ellasqueen.gg,BROAD,Women's esports,5M+,Self-funded,"Spanish women's esports",Female gaming organization
587,Game XP,gamexp.com.br,BROAD,Brazilian gaming event,5M+,Part of Rock in Rio,"Brazilian gaming company",Gaming festivals
588,Comic Con,comic-con.org,BROAD,Gaming conventions,10M+,Self-funded,"US convention organization",Gaming and pop culture events
589,PAX,paxsite.com,BROAD,Gaming conventions,10M+,Part of ReedPop,"US gaming convention",Gaming expo events
590,Gamescom,gamescom.global,BROAD,Gaming trade fair,10M+,Part of Koelnmesse,"German gaming convention",World's largest gaming event
591,E3,e3expo.com,BROAD,Gaming trade show,10M+,Part of ESA,"US gaming convention",Electronic Entertainment Expo
592,Tokyo Game Show,tgs.cesa.or.jp,BROAD,Japanese gaming event,10M+,Part of CESA,"Japanese gaming convention",Japanese game industry expo
593,ChinaJoy,chinajoy.net,BROAD,Chinese gaming event,10M+,Self-funded,"Chinese gaming convention",Chinese gaming expo
594,G-Star,gstar.or.kr,BROAD,Korean gaming event,5M+,Self-funded,"Korean gaming convention",Korean game show
595,Taipei Game Show,tgs.tca.org.tw,BROAD,Taiwan gaming event,5M+,Self-funded,"Taiwan gaming convention",Taiwan game expo
596,Brasil Game Show,brasilgameshow.com.br,BROAD,Brazilian gaming event,5M+,Self-funded,"Brazilian gaming convention",Latin American game show
597,Paris Games Week,parisgamesweek.com,BROAD,French gaming event,5M+,Self-funded,"French gaming convention",French game expo
598,EGX,egx.net,BROAD,UK gaming event,5M+,Part of ReedPop,"UK gaming convention",British gaming expo
599,DreamHack,dreamhack.com,BROAD,Gaming festival,10M+,Part of Savvy Gaming Group,"Swedish gaming festival",Gaming and esports festival
600,ESL,esl.com,BROAD,Esports company,50M+,Part of Savvy Gaming Group,"German esports company",World's largest esports org
601,FACEIT,faceit.com,BROAD,Esports platform,30M+,Part of Savvy Gaming Group,"UK esports platform",Competitive gaming platform
602,ESEA,esea.net,BROAD,Competitive platform,10M+,Part of FACEIT/Savvy,"US competitive platform",CS:GO competitive league
603,BLAST,blast.tv,BROAD,Esports production,10M+,Part of RFRSH Entertainment,"Danish esports company",Tournament production
604,PGL,pglesports.com,BROAD,Esports production,10M+,Self-funded,"Romanian esports company",Major tournament organizer
605,WePlay Esports,weplay.tv,BROAD,Esports production,10M+,Self-funded,"Ukrainian esports company",Creative esports production
606,BTS (Beyond The Summit),beyondthesummit.tv,BROAD,Dota 2 production,5M+,Self-funded,"US esports production",Community Dota 2 events
607,OGA (OneGameAgency),oga.gg,BROAD,Esports agency,5M+,Self-funded,"Croatian esports company",Esports production
608,Starladder,starladder.com,BROAD,CIS esports,10M+,Self-funded,"Ukrainian esports company",CIS tournament organizer
609,EPICENTER,epicenter.gg,BROAD,Russian esports,5M+,Self-funded,"Russian esports company",Russian tournament production
610,Perfect World Esports,esports.wanmei.com,BROAD,Chinese esports,10M+,Part of Perfect World,"Chinese esports company",Chinese tournament organizer
611,VSPN,vspn.com,BROAD,Esports production,20M+,VC-backed,"Chinese esports company",Asian esports production
612,NikoPartners,nikopartners.com,BROAD,Gaming research,5M+,Self-funded,"US gaming research firm",Asian gaming market research
613,Newzoo,newzoo.com,BROAD,Gaming analytics,10M+,Self-funded,"Dutch gaming research",Gaming market analytics
614,Sensor Tower,sensortower.com,BROAD,App analytics,20M+,VC-backed,"US app intelligence",Mobile app analytics
615,data.ai (App Annie),data.ai,BROAD,App analytics,20M+,VC-backed,"US app intelligence",Mobile market data
616,Apptopia,apptopia.com,BROAD,App intelligence,10M+,VC-backed,"US app analytics",Mobile app estimates
617,GameAnalytics,gameanalytics.com,BROAD,Game analytics,30M+,Self-funded,"Danish analytics company",Free game analytics
618,deltaDNA (Unity),unity.com/deltadna,BROAD,Game analytics,20M+,Part of Unity,"UK game analytics",Player analytics platform
619,Adjust,adjust.com,BROAD,Mobile attribution,50M+,Part of AppLovin,"German mobile attribution",Mobile measurement
620,AppsFlyer,appsflyer.com,BROAD,Mobile attribution,100M+,VC-backed $400M+,"Israeli attribution company",Mobile marketing analytics
621,Singular,singular.net,BROAD,Marketing analytics,30M+,VC-backed,"US marketing analytics",ROI marketing analytics
622,Kochava,kochava.com,BROAD,Mobile attribution,30M+,Self-funded,"US mobile measurement",Attribution and analytics
623,Branch,branch.io,BROAD,Deep linking,100M+,VC-backed $330M+,"US mobile linking",Deep linking and attribution
624,Liftoff,liftoff.io,BROAD,Mobile DSP,50M+,Self-funded,"US mobile advertising",Programmatic user acquisition
625,Chartboost (Zynga),chartboost.com,BROAD,Mobile advertising,30M+,Part of Zynga/Take-Two,"US mobile ad network",Cross-promotion platform
626,AdColony (Digital Turbine),adcolony.com,BROAD,Mobile video ads,50M+,Part of Digital Turbine,"US mobile advertising",Video advertising platform
627,Vungle (Digital Turbine),vungle.com,BROAD,Mobile video ads,50M+,Part of Digital Turbine,"US mobile advertising",In-app video ads
628,Fyber (Digital Turbine),fyber.com,BROAD,Mobile monetization,30M+,Part of Digital Turbine,"German mobile advertising",App monetization platform
629,Digital Turbine,digitalturbine.com,BROAD,Mobile software,100M+,Public company (NASDAQ: APPS),"US mobile technology",App discovery platform
630,IronSource (Unity),is.com,BROAD,Mobile monetization,100M+,Part of Unity,"Israeli mobile platform",Monetization and UA
631,Unity Ads,unity.com/ads,BROAD,Game advertising,500M+,Part of Unity,"US game engine company",In-game advertising
632,AppLovin,applovin.com,BROAD,Mobile technology,500M+,Public company (NASDAQ: APP),"US mobile technology",Mobile marketing platform
633,MAX (AppLovin),applovin.com/max,BROAD,Mediation platform,200M+,Part of AppLovin,"US ad mediation",In-app bidding platform
634,MoPub (AppLovin),mopub.com,BROAD,Ad serving,100M+,Acquired by AppLovin,"US ad technology",Mobile ad serving
635,InMobi,inmobi.com,BROAD,Mobile advertising,100M+,VC-backed unicorn,"Indian mobile advertising",Global mobile advertising
636,Mintegral,mintegral.com,BROAD,Mobile advertising,50M+,Part of Mobvista,"Chinese advertising platform",AI-powered mobile ads
637,Pangle,pangle.io,BROAD,ByteDance ads,100M+,Part of ByteDance,"Chinese advertising platform",TikTok for business ads
638,Tencent Advertising,e.qq.com,BROAD,Chinese advertising,200M+,Part of Tencent,"Chinese advertising platform",Chinese social advertising
639,Kwai Ads,kwai.com/ads,BROAD,Short video ads,50M+,Part of Kuaishou,"Chinese advertising platform",Short video advertising
640,Mopub (Twitter),developer.twitter.com,BROAD,Social advertising,50M+,Part of Twitter/X,"US social advertising",Twitter mobile ads
641,Meta Audience Network,facebook.com/audiencenetwork,BROAD,Social advertising,500M+,Part of Meta,"US social advertising",Facebook/Instagram ads
642,Google AdMob,admob.google.com,BROAD,Mobile advertising,1B+,Part of Google,"US mobile advertising",Largest mobile ad network
643,Google Ad Manager,admanager.google.com,BROAD,Ad serving,500M+,Part of Google,"US ad technology",Ad serving platform
644,Amazon Ads,advertising.amazon.com,BROAD,E-commerce advertising,200M+,Part of Amazon,"US e-commerce advertising",Shopping-focused ads
645,Microsoft Advertising,ads.microsoft.com,BROAD,Search advertising,100M+,Part of Microsoft,"US search advertising",Bing and Xbox ads
646,Snap Ads,forbusiness.snapchat.com,BROAD,Social advertising,100M+,Part of Snap Inc.,"US social advertising",Snapchat advertising
647,Pinterest Ads,business.pinterest.com,BROAD,Visual advertising,50M+,Part of Pinterest,"US visual advertising",Visual discovery ads
648,Reddit Ads,redditinc.com/advertising,BROAD,Community advertising,50M+,Part of Reddit,"US community advertising",Reddit community ads
649,Twitch Advertising,twitchadvertising.tv,BROAD,Streaming advertising,100M+,Part of Amazon,"US streaming advertising",Gaming stream ads
650,YouTube Gaming Ads,youtube.com/gaming,BROAD,Video advertising,500M+,Part of Google,"US video advertising",Gaming video ads
651,Discord,discord.com,BROAD,Gaming community,500M+,VC-backed $15B valuation,"US communication platform",Gaming communication
652,Guilded,guilded.gg,BROAD,Gaming community,20M+,Acquired by Roblox,"US gaming community",Gaming team chat
653,TeamSpeak,teamspeak.com,BROAD,Voice communication,50M+,Self-funded,"German communication company",Voice chat for gamers
654,Mumble,mumble.info,BROAD,Open source voice,10M+,Open source,"Open source project",Free voice communication
655,Parsec,parsec.app,BROAD,Game streaming,10M+,Acquired by Unity,"US game streaming",Remote gaming access
656,Rainway,rainway.com,BROAD,Game streaming,5M+,VC-backed,"US game streaming",Browser game streaming
657,Moonlight,moonlight-stream.org,BROAD,Open source streaming,10M+,Open source,"Open source project",Free game streaming
658,GeForce NOW,nvidia.com/geforcenow,BROAD,Cloud gaming,30M+,Part of Nvidia,"US cloud gaming",Nvidia cloud gaming
659,Xbox Cloud Gaming,xbox.com/cloud,BROAD,Cloud gaming,50M+,Part of Microsoft,"US cloud gaming",Xbox cloud streaming
660,PlayStation Now,playstation.com/psnow,BROAD,Cloud gaming,30M+,Part of Sony,"Japanese cloud gaming",PlayStation streaming
661,Amazon Luna,amazon.com/luna,BROAD,Cloud gaming,20M+,Part of Amazon,"US cloud gaming",Amazon cloud gaming
662,Google Stadia (Legacy),stadia.google.com,BROAD,Cloud gaming legacy,20M+,Part of Google,"US cloud gaming",Google cloud gaming technology
663,Boosteroid,boosteroid.com,BROAD,Cloud gaming,10M+,VC-backed,"Ukrainian cloud gaming",Cloud gaming service
664,Shadow,shadow.tech,BROAD,Cloud PC gaming,10M+,VC-backed,"French cloud computing",Cloud PC service
665,Blacknut,blacknut.com,BROAD,Cloud gaming,5M+,VC-backed,"French cloud gaming",Family cloud gaming
666,Antstream Arcade,antstream.com,BROAD,Retro cloud gaming,5M+,VC-backed,"UK cloud gaming",Retro game streaming
667,Space Ape Games,spaceapegames.com,ADJACENT,Beatstar,50M+,Acquired by Supercell,"UK rhythm game studio acquired by Supercell",Rhythm music games with hit songs
668,First Fun,firstfun.com,ADJACENT,TBD,50M+,VC-backed,"Rising mobile game developer in top publishers list",Emerging hit game developer
669,Joy Nice Games,joynicegames.com,ADJACENT,TBD,50M+,VC-backed,"Rising mobile game developer from China",Emerging mobile game studio
670,Microfun Limited,microfun.com,ADJACENT,TBD,50M+,VC-backed,"Top 25 mobile publisher 2024",High-grossing mobile games
671,Tilting Point,tiltingpoint.com,BROAD,Star Trek Timelines,30M+,VC-backed,"US mobile game publisher with publishing partnerships",Publishing-as-a-service model
672,MTG (Modern Times Group),mtg.com,BROAD,Various portfolio,100M+,Public company (STO: MTGA),"Swedish gaming conglomerate with multiple studios",Gaming and esports portfolio
673,Clipwire Games,clipwiregames.com,BROAD,Bingo Story,30M+,Part of AppLovin,"US casual bingo game developer",Social bingo games
674,HiPiHi Games,hipihigames.com,BROAD,Various titles,10M+,VC-backed,"Chinese mobile game developer",Casual mobile games
675,Gumi Asia,gumi-asia.com,BROAD,Brave Frontier 2,20M+,Subsidiary of Gumi,"Asian branch of Japanese RPG developer",Mobile RPG games
676,Animoca Brands,animocabrands.com,BROAD,The Sandbox,30M+,VC-backed ($5B valuation),"Hong Kong blockchain gaming company",Web3 and blockchain games
677,SQUARE ENIX Mobile,square-enix.com,BROAD,Final Fantasy VII Ever Crisis,20M+,Public company,"Japanese RPG giant mobile division",Final Fantasy mobile games
678,Aiming,aiming.co.jp,BROAD,Dragon Quest Tact,10M+,Public company (TSE: 3911),"Japanese mobile RPG developer",Dragon Quest mobile RPG
679,GREE Inc.,gree.jp,BROAD,Dive To Live,10M+,Public company (TSE: 3632),"Japanese social gaming pioneer",Social mobile games
680,Applibot,applibot.co.jp,BROAD,NieR Re[in]carnation,10M+,Subsidiary of CyberAgent,"Japanese action RPG developer",Action RPG mobile games
681,Sumzap,sumzap.co.jp,BROAD,This War of Mine Mobile,5M+,Subsidiary of Sumitomo,"Japanese mobile game developer",Strategy mobile games
682,UUUM,uuum.jp,BROAD,YouTube creator games,10M+,Public company (TSE: 3990),"Japanese creator economy company",Influencer gaming company
683,RocketRide Games,rocketride.games,BROAD,Various casual,10M+,VC-backed,"Emerging casual game developer",Casual mobile games
684,Boombox Games,boomboxgames.com,BROAD,Merge Matters,10M+,VC-backed,"Merge puzzle game developer",Merge puzzle games
685,SideQuest,sidequestvr.com,BROAD,VR game platform,5M+,VC-backed,"VR game distribution platform",VR game discovery
686,Omniverse Interactive,omniverseinteractive.com,BROAD,Various titles,5M+,VC-backed,"Emerging mobile game developer",Mobile game experiences
687,Starri,starri.co,BROAD,Various social games,10M+,VC-backed,"Social gaming startup",Social mobile games
688,AppOnboard,apponboard.com,BROAD,Various playables,20M+,VC-backed,"Instant play game demos",Game demo platform
689,Playco,play.co,BROAD,Instant games,20M+,VC-backed ($100M+),"Japanese instant games company",Instant web games
690,Gamejam,gamejam.com,BROAD,Various titles,20M+,VC-backed,"Instant gaming platform",Quick play games
691,Etermax,etermax.com,BROAD,Trivia Crack,200M+,Self-funded,"Argentine trivia game developer",Trivia and word games
692,Geewa,geewa.com,BROAD,Smashing Four,20M+,Self-funded,"Czech action game developer",Battle strategy games
693,Bandai Namco Studios,bandainamcostudios.com,BROAD,Tales of Crestoria,10M+,Subsidiary of Bandai Namco,"Japanese game studio",Anime action games
694,Acquire,acquire.co.jp,BROAD,Octopath Traveler Mobile,5M+,Self-funded,"Japanese RPG developer",Classic JRPG on mobile
695,Marvelous AQL,marvelous.jp,BROAD,Rune Factory,5M+,Public company,"Japanese simulation game developer",Farming action RPG
696,Success Corporation,success.co.jp,BROAD,Cooking Mama Mobile,30M+,Self-funded,"Japanese cooking game publisher",Cooking simulation games
697,Natsume,natsume.com,BROAD,Harvest Moon Mobile,10M+,Self-funded,"Japanese farming game publisher",Harvest Moon franchise
698,Circle Entertainment,circle-ent.co.jp,BROAD,Various indies,5M+,Self-funded,"Japanese indie publisher",Indie game publishing
699,XSEED Games,xseedgames.com,BROAD,Story of Seasons Mobile,5M+,Part of Marvelous,"US localization publisher",Japanese game localization
700,NIS America,nisamerica.com,BROAD,Disgaea RPG,10M+,Subsidiary of NIS,"US JRPG localization",Strategy RPG games
701,Kadokawa Games,kadokawagames.jp,BROAD,God Eater Mobile,5M+,Part of Kadokawa,"Japanese action game developer",Action RPG hunting games
702,PQube,pqube.co.uk,BROAD,Various titles,5M+,Self-funded,"UK game publisher",Japanese game localization
703,Mastiff Games,mastiff-games.com,BROAD,Gurumin Mobile,5M+,Self-funded,"US game publisher",Japanese game localization
704,Aksys Games,aksysgames.com,BROAD,Zero Escape Mobile,5M+,Self-funded,"US visual novel publisher",Visual novel localization
705,Spike Chunsoft,spike-chunsoft.com,BROAD,Pokemon Mystery Dungeon,10M+,Self-funded,"Japanese adventure developer",Mystery dungeon games
706,Acquire Corp,acquire.co.jp,BROAD,Way of the Samurai Mobile,5M+,Self-funded,"Japanese action RPG developer",Samurai action games
707,Alpha System,alpha-sys.co.jp,BROAD,Tales of mobile games,5M+,Self-funded,"Japanese RPG developer",Tales of franchise games
708,Artdink,artdink.co.jp,BROAD,A-Train Mobile,5M+,Self-funded,"Japanese simulation developer",Train management simulation
709,Matrix Software,matrixsoft.co.jp,BROAD,Final Fantasy III/IV Mobile,10M+,Self-funded,"Japanese remake developer",Classic RPG remakes
710,Crafts & Meister,craftsandmeister.co.jp,BROAD,God Eater Resonant Ops,5M+,Self-funded,"Japanese action game developer",Action hunting games
711,Imageepoch,imageepoch.co.jp,BROAD,Luminous Arc Mobile,5M+,Self-funded,"Japanese SRPG developer",Strategy RPG games
712,Flight-Plan,flight-plan.co.jp,BROAD,Sacred Blaze Mobile,5M+,Self-funded,"Japanese tactical RPG developer",Tactical RPG games
713,tri-Ace,tri-ace.co.jp,BROAD,Star Ocean Anamnesis,10M+,Self-funded,"Japanese action RPG developer",Real-time action RPG
714,CyberConnect2,cc2.co.jp,BROAD,.hack//Link Mobile,5M+,Self-funded,"Japanese action game developer",Anime action games
715,Quintet,quintet.co.jp,BROAD,Terranigma Mobile,5M+,Self-funded,"Japanese action RPG developer",Classic action RPG revival
716,Mistwalker,mistwalkercorp.com,BROAD,Terra Battle,10M+,Self-funded,"Sakaguchi's mobile RPG studio",Turn-based strategy RPG
717,Silicon Studio,siliconstudio.co.jp,BROAD,Bravely Default Mobile,10M+,Public company (TSE: 3907),"Japanese RPG developer",Classic JRPG style games
718,Racjin,racjin.co.jp,BROAD,Summon Night Mobile,5M+,Self-funded,"Japanese tactical RPG developer",Tactical RPG games
719,Marvelous Interactive,marvelous-inc.com,BROAD,No More Heroes Mobile,5M+,Public company,"Japanese action game developer",Stylish action games
720,G.rev,g-rev.co.jp,BROAD,Under Defeat Mobile,5M+,Self-funded,"Japanese shoot em up developer",Classic arcade shooters
721,Cave,cave.co.jp,BROAD,DoDonPachi Mobile,10M+,Self-funded,"Japanese bullet hell developer",Bullet hell shooters
722,Treasure,treasure-inc.co.jp,BROAD,Ikaruga Mobile,5M+,Self-funded,"Japanese action game developer",Classic action games
723,Compile,compile.co.jp,BROAD,Puyo Puyo Mobile,30M+,Acquired by Sega,"Japanese puzzle developer",Puyo Puyo puzzle games
724,M2,m2stg.com,BROAD,Various ports,10M+,Self-funded,"Japanese porting studio",Classic game ports
725,Granzella,grfrm.com,BROAD,Disaster Report Mobile,5M+,Self-funded,"Japanese disaster simulation developer",Disaster survival games
726,Sting Entertainment,sting.co.jp,BROAD,Yggdra Union Mobile,5M+,Self-funded,"Japanese tactical RPG developer",Tactical card RPG
727,Media.Vision,media-vision.co.jp,BROAD,Wild Arms Mobile,5M+,Self-funded,"Japanese RPG developer",Western-themed JRPG
728,Neverland,neverland.co.jp,BROAD,Lufia Mobile,5M+,Self-funded,"Japanese RPG developer",Classic JRPG franchise
729,Hit-Point,hit-point.co.jp,BROAD,Neko Atsume,50M+,Self-funded,"Japanese casual game developer",Cat collection casual game
730,Wright Flyer Studios,wrightflyer.net,BROAD,SINoALICE,10M+,Subsidiary of GREE,"Japanese gacha RPG developer",Story-driven gacha RPG
731,Voltage Inc.,voltage.co.jp,BROAD,Scandal in the Spotlight,10M+,Self-funded,"Japanese romance game developer",Otome romance games
732,Cybird,cybird.co.jp,BROAD,Ikemen Series,20M+,Self-funded,"Japanese romance game developer",Ikemen romance franchise
733,Genius Inc.,genius-inc.co.jp,BROAD,Lovestruck,10M+,Self-funded,"Japanese romance game publisher",Visual novel romance
734,Cheritz,cheritz.com,BROAD,Mystic Messenger,20M+,Self-funded,"Korean otome game developer",Messenger-style romance
735,NTT Solmare,nttsolmare.com,BROAD,Shall We Date,30M+,Part of NTT Group,"Japanese romance publisher",Dating simulation games
736,DMM Games,dmm.com/games,BROAD,Kantai Collection,20M+,Part of DMM.com,"Japanese gaming platform",Browser and mobile games
737,Nutaku,nutaku.net,BROAD,Adult mobile games,30M+,Self-funded,"Canada adult game platform",Mature mobile games
738,Azur Lane,yo-star.com,BROAD,Azur Lane,30M+,Yostar publishing,"Naval warfare gacha game",Ship girl collection
739,Arknights,yo-star.com,BROAD,Arknights,30M+,Yostar publishing,"Tower defense gacha game",Anime tower defense
740,Blue Archive,nexon.com,BROAD,Blue Archive,30M+,Nexon publishing,"Tactical RPG gacha game",School tactical RPG
741,FGO (Fate/Grand Order),fate-go.jp,BROAD,Fate/Grand Order,100M+,Aniplex publishing,"Story gacha RPG phenomenon",Visual novel gacha RPG
742,Uma Musume,cygames.co.jp,BROAD,Uma Musume Pretty Derby,20M+,Cygames,"Horse girl racing game",Horse racing simulation
743,Princess Connect,cygames.co.jp,BROAD,Princess Connect Re:Dive,30M+,Cygames,"Anime RPG with auto-battle",Story-driven auto RPG
744,Dragalia Lost,cygames.co.jp,BROAD,Dragalia Lost,10M+,Cygames/Nintendo,"Action RPG co-op game",Real-time action RPG
745,World Flipper,cygames.co.jp,BROAD,World Flipper,10M+,Cygames,"Pinball action RPG",Unique pinball RPG
746,Shadowverse,cygames.co.jp,BROAD,Shadowverse,30M+,Cygames,"Digital card game",Anime card battler
747,Granblue Fantasy,cygames.co.jp,BROAD,Granblue Fantasy,30M+,Cygames,"Browser/mobile RPG",Long-running gacha RPG
748,The Alchemist Code,gumi.sg,BROAD,The Alchemist Code,10M+,Gumi publishing,"Tactical RPG gacha",Strategy gacha RPG
749,Brave Exvius,gumi.sg,BROAD,Final Fantasy Brave Exvius,30M+,Gumi publishing,"Final Fantasy mobile RPG",Square Enix collab RPG
750,Sinoalice,square-enix.com,BROAD,SINoALICE Global,10M+,Square Enix/Pokelabo,"Dark fairy tale RPG",Story-driven action RPG
751,Romancing SaGa Re;univerSe,square-enix.com,BROAD,Romancing SaGa Re;univerSe,10M+,Square Enix,"Classic JRPG mobile revival",SaGa franchise mobile
752,War of the Visions,square-enix.com,BROAD,War of the Visions FFBE,10M+,Square Enix/Gumi,"Tactical RPG in FF universe",Final Fantasy tactical RPG
753,NieR Re[in]carnation,square-enix.com,BROAD,NieR Re[in]carnation,10M+,Square Enix/Applibot,"Action RPG mobile spinoff",NieR franchise mobile
754,Dissidia Final Fantasy Opera Omnia,square-enix.com,BROAD,Dissidia Final Fantasy OO,10M+,Square Enix,"Final Fantasy crossover RPG",All-star FF mobile game
755,Final Fantasy Record Keeper,dena.com,BROAD,Final Fantasy Record Keeper,10M+,DeNA/Square Enix,"Retro FF tribute game",Classic FF nostalgia RPG
756,Kingdom Hearts Union X,square-enix.com,BROAD,Kingdom Hearts Union X,10M+,Square Enix,"Kingdom Hearts mobile",Disney/Square collab
757,Dragon Ball Legends,bandainamco.com,BROAD,Dragon Ball Legends,50M+,Bandai Namco,"Anime fighter gacha game",Real-time PvP fighting
758,One Piece Treasure Cruise,bandainamco.com,BROAD,One Piece Treasure Cruise,50M+,Bandai Namco,"One Piece gacha RPG",Anime adventure RPG
759,Naruto Blazing,bandainamco.com,BROAD,Naruto Blazing,30M+,Bandai Namco,"Naruto gacha RPG",Ninja strategy RPG
760,Naruto X Boruto Ninja Voltage,bandainamco.com,BROAD,Naruto X Boruto,20M+,Bandai Namco,"Naruto fortress game",Base building and attack
761,Sword Art Online,bandainamco.com,BROAD,SAO Memory Defrag,10M+,Bandai Namco,"SAO action game",Anime action RPG
762,My Hero Academia,bandainamco.com,BROAD,MHA The Strongest Hero,10M+,Bandai Namco,"My Hero action RPG",Anime action adventure
763,Captain Tsubasa,KLab,BROAD,Captain Tsubasa Dream Team,20M+,KLab Inc.,"Soccer anime game",Anime sports simulation
764,Bleach Brave Souls,KLab,BROAD,Bleach Brave Souls,70M+,KLab Inc.,"Bleach action RPG",Anime action game
765,Tales of the Rays,Bandai Namco,BROAD,Tales of the Rays,10M+,Bandai Namco,"Tales of action RPG",JRPG action combat
766,Super Robot Wars,Bandai Namco,BROAD,Super Robot Wars DD,5M+,Bandai Namco,"Mecha strategy RPG",Giant robot tactics
767,Digimon ReArise,Bandai Namco,BROAD,Digimon ReArise,5M+,Bandai Namco,"Digimon RPG game",Digital monster RPG
768,Pac-Man Party,Bandai Namco,BROAD,Pac-Man Party Royale,10M+,Bandai Namco,"Classic arcade revival",Battle royale Pac-Man
769,Tekken Mobile,Bandai Namco,BROAD,Tekken Mobile,10M+,Bandai Namco,"Fighting game mobile",Console fighting on mobile
770,SoulCalibur,Bandai Namco,BROAD,SoulCalibur Mobile,5M+,Bandai Namco,"Fighting game mobile",Weapon-based fighting
771,Dragon Ball Z Dokkan Battle,Akatsuki,BROAD,DBZ Dokkan Battle,350M+,Akatsuki Inc.,"Dragon Ball puzzle RPG",Puzzle bubble RPG
772,Disney Twisted Wonderland,Aniplex,BROAD,Twisted Wonderland,10M+,Aniplex Inc.,"Disney villain academy",Rhythm visual novel
773,Magia Record,Aniplex,BROAD,Magia Record,10M+,Aniplex Inc.,"Madoka Magica spinoff",Magical girl RPG
774,Fire Emblem Heroes,Nintendo/DeNA,BROAD,Fire Emblem Heroes,20M+,Nintendo,"Strategy RPG mobile",Tactical hero battles
775,Animal Crossing Pocket Camp,Nintendo,BROAD,Animal Crossing Pocket Camp,50M+,Nintendo,"Life simulation mobile",Cozy camping simulation
776,Super Mario Run,Nintendo,BROAD,Super Mario Run,500M+,Nintendo,"Platformer runner",One-touch Mario action
777,Dr. Mario World,Nintendo,BROAD,Dr. Mario World,20M+,Nintendo,"Puzzle game mobile",Classic puzzle gaming
778,Pokemon GO,Niantic/Pokemon,BROAD,Pokemon GO,1B+,Niantic Inc.,"AR Pokemon game",Location-based AR
779,Pokemon Masters EX,DeNA/Pokemon,BROAD,Pokemon Masters EX,50M+,DeNA Co.,"Pokemon trainer battles",Sync pair battles
780,Pokemon Unite,TiMi/Pokemon,BROAD,Pokemon Unite,100M+,TiMi Studio,"Pokemon MOBA",Team battle MOBA
781,Pokemon TCG Live,Pokemon Company,BROAD,Pokemon TCG Live,10M+,Pokemon Company,"Digital card game",Pokemon card battles
782,Pokemon Sleep,SELECT BUTTON,BROAD,Pokemon Sleep,20M+,SELECT BUTTON Inc.,"Sleep tracking game",Sleep gamification
783,Pokemon Cafe ReMix,Genius Sonority,BROAD,Pokemon Cafe ReMix,10M+,Genius Sonority,"Pokemon puzzle cafe",Cafe puzzle game
784,Pokemon Shuffle,Genius Sonority,BROAD,Pokemon Shuffle,30M+,Genius Sonority,"Pokemon match-3",Pokemon puzzle matching
785,Pokemon Quest,Game Freak,BROAD,Pokemon Quest,10M+,Game Freak Inc.,"Pokemon exploration",Block Pokemon adventure
786,Pokemon Playhouse,Pokemon Company,BROAD,Pokemon Playhouse,5M+,Pokemon Company,"Kids Pokemon game",Educational Pokemon
787,Pokemon Pokemon HOME,Pokemon Company,BROAD,Pokemon HOME,30M+,Pokemon Company,"Pokemon storage app",Cloud Pokemon storage
788,Yo-kai Watch Puni Puni,Level-5,BROAD,Yo-kai Watch Puni Puni,30M+,Level-5 Inc.,"Yo-kai puzzle RPG",Character puzzle game
789,Ni no Kuni Cross Worlds,Netmarble/Level-5,BROAD,Ni no Kuni Cross Worlds,10M+,Netmarble,"Ghibli-style MMORPG",Anime open world MMO
790,Inazuma Eleven SD,Level-5,BROAD,Inazuma Eleven SD,5M+,Level-5 Inc.,"Soccer RPG mobile",Anime soccer RPG
791,Professor Layton,Level-5,BROAD,Layton's Mystery Journey,10M+,Level-5 Inc.,"Puzzle mystery",Detective puzzle game
792,Fantasy Life,Level-5,BROAD,Fantasy Life Online,5M+,Level-5 Inc.,"Life simulation RPG",Job-based adventure
793,Megaton Musashi,Level-5,BROAD,Megaton Musashi Mobile,5M+,Level-5 Inc.,"Mecha action RPG",Giant robot action
794,Snack World,Level-5,BROAD,Snack World Mobile,5M+,Level-5 Inc.,"RPG adventure",Quest-based RPG
795,Little Noah,Cygames,BROAD,Little Noah Scion of Paradise,5M+,Cygames,"Roguelite action",Roguelike adventure
796,Lost Order,Cygames,BROAD,Lost Order,5M+,Cygames,"Strategy RPG",Tactical mobile RPG
797,Rage of Bahamut,Cygames,BROAD,Rage of Bahamut,20M+,Cygames,"Original Cygames hit",Card battle RPG
798,Knights of Glory,Cygames,BROAD,Knights of Glory,5M+,Cygames,"Action RPG",Medieval action game
799,Priconne,Cygames,BROAD,Princess Connect,30M+,Cygames,"Anime RPG",Auto-battle RPG
800,Manaria Friends,Cygames,BROAD,Manaria Friends,5M+,Cygames,"Fantasy RPG spinoff",Magic school RPG
801,Deemo,Rayark,BROAD,Deemo,50M+,Rayark Inc.,"Rhythm game",Piano rhythm game
802,Cytus,Rayark,BROAD,Cytus,30M+,Rayark Inc.,"Rhythm game",Futuristic rhythm
803,Voez,Rayark,BROAD,Voez,10M+,Rayark Inc.,"Rhythm game",Touch rhythm game
804,Sdorica,Rayark,BROAD,Sdorica,5M+,Rayark Inc.,"Story RPG",Narrative strategy RPG
805,Implosion,Rayark,BROAD,Implosion Never Lose Hope,10M+,Rayark Inc.,"Action game",Mecha action adventure
806,Soul of Eden,Rayark,BROAD,Soul of Eden,5M+,Rayark Inc.,"Card battler",Strategic card combat
807,MO Astray,Rayark,BROAD,MO Astray,5M+,Rayark Inc.,"Puzzle platformer",Pixel action adventure
808,Cytus 2,Rayark,BROAD,Cytus II,10M+,Rayark Inc.,"Rhythm sequel",Advanced rhythm game
809,Deemo 2,Rayark,BROAD,Deemo II,5M+,Rayark Inc.,"Rhythm sequel",Piano rhythm sequel
810,OPUS,Sigono,BROAD,OPUS: Rocket of Whispers,5M+,Sigono Inc.,"Narrative adventure",Emotional story game
811,Alien Hominid Invasion,Behemoth,BROAD,Alien Hominid,5M+,The Behemoth,"Run and gun action",Cartoon shooter
812,Castle Crashers,Behemoth,BROAD,Castle Crashers Remastered,5M+,The Behemoth,"Beat em up RPG",Co-op beat em up
813,BattleBlock Theater,Behemoth,BROAD,BattleBlock Theater,5M+,The Behemoth,"Puzzle platformer",Co-op platformer
814,Pit People,Behemoth,BROAD,Pit People,5M+,The Behemoth,"Turn-based strategy",Hexagonal tactics
815,Crossy Road,Hipster Whale,BROAD,Crossy Road,500M+,Hipster Whale,"Endless hopper",Frogger-like endless
816,Crossy Road Castle,Hipster Whale,BROAD,Crossy Road Castle,10M+,Hipster Whale,"Roguelike platformer",Castle climbing game
817,Frogger in Toy Town,Hipster Whale,BROAD,Frogger in Toy Town,5M+,Hipster Whale,"Frogger revival",Classic frog gameplay
818,Shooty Skies,Hipster Whale,BROAD,Shooty Skies,30M+,Hipster Whale,"Arcade shooter",Cute bullet hell
819,Monument Valley,ustwo games,BROAD,Monument Valley,100M+,ustwo games,"Puzzle adventure",Escher impossible architecture
820,Monument Valley 2,ustwo games,BROAD,Monument Valley 2,30M+,ustwo games,"Puzzle sequel",Mother-daughter story
821,Alba,ustwo games,BROAD,Alba A Wildlife Adventure,10M+,ustwo games,"Nature adventure",Mediterranean exploration
822,Assemble with Care,ustwo games,BROAD,Assemble with Care,5M+,ustwo games,"Puzzle narrative",Repair puzzle game
823,Land's End,ustwo games,BROAD,Lands End,5M+,ustwo games,"VR puzzle",VR puzzle journey
824,Whale Trail,ustwo games,BROAD,Whale Trail,10M+,ustwo games,"Endless flyer",Colorful flying game
825,Badland,Frogmind,BROAD,Badland,50M+,Frogmind,"Physics platformer",Atmospheric action
826,Badland 2,Frogmind,BROAD,Badland 2,20M+,Frogmind,"Physics sequel",Evolved physics platformer
827,Rumble Stars,Frogmind,BROAD,Rumble Stars Football,30M+,Frogmind,"Soccer battler",Physics soccer combat
828,Rumble Hockey,Frogmind,BROAD,Rumble Hockey,10M+,Frogmind,"Hockey battler",Physics hockey combat
829,Alto's Adventure,Snowman,BROAD,Alto's Adventure,100M+,Snowman,"Endless snowboarding",Zen endless runner
830,Alto's Odyssey,Snowman,BROAD,Alto's Odyssey,50M+,Snowman,"Endless sandboarding",Desert endless runner
831,Skate City,Snowman,BROAD,Skate City,5M+,Snowman,"Skateboarding game",Stylish skating
832,Where Cards Fall,Snowman,BROAD,Where Cards Fall,5M+,Snowman,"Puzzle adventure",House of cards puzzle
833,Part Time UFO,HAL Laboratory,BROAD,Part Time UFO,5M+,HAL Laboratory,"Crane game",UFO claw machine game
834,Kirby's Dream Buffet,HAL Laboratory,BROAD,Kirby's Dream Buffet,5M+,HAL Laboratory,"Kirby party game",Rolling Kirby race
835,Box Boy + Box Girl,HAL Laboratory,BROAD,Box Boy + Box Girl,5M+,HAL Laboratory,"Puzzle platformer",Box manipulation puzzle
836,Good Job!,Nintendo/Paladin,BROAD,Good Job!,5M+,Nintendo EPD,"Physics puzzle",Office destruction physics
837,Game Builder Garage,Nintendo,BROAD,Game Builder Garage,5M+,Nintendo,"Game creation",Visual game programming
838,Big Brain Academy,Nintendo,BROAD,Big Brain Academy,10M+,Nintendo,"Brain training",Cognitive challenge games
839,Wario Ware,Nintendo,BROAD,WarioWare Get It Together,5M+,Nintendo,"Microgame collection",Rapid-fire minigames
840,Rhythm Heaven,Nintendo,BROAD,Rhythm Heaven,10M+,Nintendo,"Rhythm game",Quirky rhythm challenges
841,Brain Age,Nintendo,BROAD,Brain Age,20M+,Nintendo,"Brain training",Mental exercise games
842,Pikmin Bloom,Niantic/Nintendo,BROAD,Pikmin Bloom,10M+,Niantic Inc.,"Walking game",Pikmin pedometer game
843,Ingress Prime,Niantic,BROAD,Ingress Prime,30M+,Niantic Inc.,"AR strategy",Location-based strategy
844,Harry Potter Wizards Unite,Niantic,BROAD,Harry Potter Wizards Unite,20M+,Niantic Inc.,"AR Harry Potter",Magic location game
845,Peridot,Niantic,BROAD,Peridot,10M+,Niantic Inc.,"AR pet game",Virtual pet AR
846,NBA All-World,Niantic,BROAD,NBA All-World,5M+,Niantic Inc.,"AR basketball",Location basketball
847,Transformers Heavy Metal,Niantic,BROAD,Transformers Heavy Metal,5M+,Niantic Inc.,"AR Transformers",Location robot battles
848,Monster Hunter Now,Niantic/Capcom,BROAD,Monster Hunter Now,30M+,Niantic Inc.,"AR monster hunting",Location monster hunting
849,Voodoo,voodoo.io,BROAD,Helix Jump,7B+ total,Goldman Sachs $716M,"#3 mobile publisher worldwide with 7B downloads and 150M MAU",Hypercasual pioneer with addictive arcade games
850,Ketchapp,ketchappgames.com,BROAD,2048,2B+ total,Ubisoft subsidiary,"Hypercasual pioneer with 200+ games and 2B downloads",One-tap arcade games
851,Kolibri Games,kolibrigames.com,BROAD,Idle Miner Tycoon,150M+,Acquired by Ubisoft,"Berlin-based idle game specialist with 150M+ lifetime downloads",Idle tycoon simulation games
852,Fluffy Fairy Games,kolibrigames.com,BROAD,Idle Factory Tycoon,50M+,Kolibri Games,"Original studio behind Idle Miner Tycoon",Factory idle tycoon
853,Lion Studios,lionstudios.cc,BROAD,Mr Bullet,500M+ total,AppLovin subsidiary,"Hypercasual publisher with 500M+ downloads",Puzzle and arcade hypercasual
854,SayGames,saygames.io,BROAD,Johnny Trigger,100M+,VC-backed,"Lithuanian hypercasual publisher with 100M+ downloads",Action hypercasual games
855,Azur Interactive Games,azurgames.com,BROAD,Stack Ball,500M+ total,VC-backed,"Top hypercasual publisher with 500M+ total downloads",Hypercasual arcade
856,Good Job Games,goodjobgames.com,BROAD,Color Road,100M+,VC-backed,"Turkish hypercasual studio with 100M+ downloads",Color-based casual games
857,Rollic Games,rollic.gs,BROAD,Tangle Master 3D,100M+,Zynga acquired $168M,"Turkish hypercasual acquired by Zynga for $168M",Satisfying puzzle games
858,Crazy Labs,crazylabs.com,BROAD,Super Stylist,100M+,VC-backed,"Israeli hypercasual publisher with 100M+ downloads",Dress-up and simulation games
859,Outfit7,outfit7.com,BROAD,Talking Tom,15B+ total,VC-backed,"Talking Tom franchise with 15B+ total downloads",Virtual pet and runner games
860,Peak Games,peak.games,ADJACENT,Toon Blast,100M+,Zynga $1.85B acquisition,"Turkish studio with 12M DAU, Toy Blast and Toon Blast hit $2.5B+ revenue",Match-3 puzzle with cartoon characters
861,Gram Games,gram.gs,ADJACENT,Merge Dragons,50M+,Zynga $250M acquisition,"1010! and Merge Dragons! creators, merged 50M+ total downloads",Merge puzzle with dragon collection
862,Masomo,masomo.com,BROAD,Head Ball 2,100M+,VC-backed,"Turkish sports game studio with Head Ball franchise 100M+ downloads",Arcade sports head soccer
863,Dream Games,dreamgames.com,ADJACENT,Royal Match,100M+,$468M total ($5B valuation),"Fastest Turkish unicorn, Royal Match hit $3B+ lifetime revenue",King's crown match-3 puzzler
864,Spyke Games,spykegames.com,BROAD,Royal Riches,10M+,$55M Series A,"Turkish idle game studio with Royal Riches 10M+ downloads",Idle castle building
865,Ace Games,acegames.gg,BROAD,Merge Legends,5M+,$7M seed,"Turkish merge game studio focused on casual games",Merge RPG hybrid
866,Funky Bay,finkygames.com,BROAD,Funky Bay,10M+,VC-backed,"Turkish farm simulation game studio",Tropical farm adventure
867,SHIFT UP,shiftup.co.kr,ADJACENT,Goddess of Victory Nikke,20M+,Public company (KOSDAQ),"Korean studio with Nikke $500M+ first-year revenue",Sci-fi shooter RPG waifu
868,NCSoft,ncsoft.com,BROAD,Lineage M,50M+,Public company (KOSDAQ),"Korean MMORPG pioneer with Lineage franchise",Mobile MMORPG classic
869,Krafton,krafton.com,BROAD,PUBG Mobile,1B+,Public company (KOSDAQ),"Korean studio behind PUBG 1B+ downloads",Battle royale pioneer
870,Devsisters,devsisters.com,ADJACENT,Cookie Run Kingdom,50M+,Public company (KOSDAQ),"Korean studio with Cookie Run franchise 50M+ downloads",Cookie adventure runner RPG
871,4:33 Creative Lab,433.co.kr,BROAD,Blade Idle,10M+,VC-backed,"Korean mobile game studio with RPG focus",Idle action RPG
872,Kakao Games,kakaogames.com,BROAD,Odin Valhalla Rising,10M+,Public company (KOSDAQ),"Korean publisher with MMORPG portfolio",Viking MMORPG adventure
873,Gamevil/Com2uS,gamevil.com,BROAD,Summoners War,100M+,Public company (KOSDAQ),"Korean mobile game pioneer with 200M+ downloads",Turn-based gacha RPG
874,Gravity,gravity.co.kr,BROAD,Ragnarok Origin,30M+,Public company (KOSDAQ),"Korean MMORPG studio Ragnarok franchise",Classic anime MMORPG
875,Smilegate,smilegate.com,ADJACENT,Epic Seven,20M+,Private,"Korean game giant with CrossFire and Epic Seven",Anime gacha RPG
876,Webzen,webzen.com,BROAD,MU Origin,30M+,Public company (KOSDAQ),"Korean MMORPG publisher MU franchise",Dark fantasy MMORPG
877,Pearl Abyss,pearlabyss.com,BROAD,Black Desert Mobile,20M+,Public company (KOSDAQ),"Korean studio with Black Desert 40M users",Open-world MMORPG
878,Line Games,linegames.com,BROAD,Guardian Tales,10M+,LINE subsidiary,"Korean publisher with LINE backing",Action-adventure gacha RPG
879,Garena International,garena.com,BROAD,Free Fire,1B+,Sea Group (NYSE: SE),"Singapore-based gaming giant, Free Fire 1B+ downloads",Battle royale phenomenon
880,VNG Corporation,vng.com.vn,BROAD,Zing Speed Mobile,50M+,Private Vietnamese unicorn,"Vietnam's largest gaming company with 50M+ downloads",Racing and casual games
881,Amanotes,amanotes.com,BROAD,Magic Tiles 3,1B+,VC-backed,"Vietnamese music game publisher with 1B+ downloads globally",Rhythm and music games
882,Topebox,topebox.com,BROAD,Epic Cricket,10M+,VC-backed,"Vietnamese sports game studio with cricket focus",Sports simulation games
883,iKame Games Zego Studio,ikame.vn,BROAD,iKame Games,100M+,Vietnamese company,"Top Vietnamese developer outside Singapore",Casual and puzzle games
884,TreasureHunter,treasurehunter.games,BROAD,TH Games,10M+,Private,"Vietnamese casual game publisher",Puzzle and arcade games
885,AppQuantum,appquantum.com,BROAD,Gold and Goblins,200M+ total,Playrix investment,"Mobile publisher with 200M+ downloads and idle game focus",Idle merge games
886,Tripledot Studios,tripledotstudios.com,ADJACENT,Woodoku,100M+,$800M AppLovin acquisition,"UK studio with 25M DAU and $2B annual revenue",Puzzle and solitaire games
887,Lion Studios,lionstudios.cc,BROAD,Hexa Sort,500M+ total,Tripledot/AppLovin,"Hypercasual publisher with 500M+ downloads",Sorting puzzle games
888,PeopleFun,peoplefun.com,ADJACENT,Wordscapes,100M+,Tripledot acquisition,"US word puzzle studio with Wordscapes 100M+ downloads",Word puzzle games
889,Belka Games,belka-games.com,ADJACENT,Clockmaker,50M+,Tripledot acquisition,"Match-3 puzzle studio with Clockmaker hit",Mystery match-3 puzzler
890,Magic Tavern,magictavern.com,ADJACENT,Project Makeover,100M+,Tripledot acquisition,"Chinese casual studio with makeover games",Fashion makeover puzzles
891,Machine Zone,mz.com,WHITEOUT SIMILAR,Game of War,100M+,Tripledot acquisition,"Strategy game pioneer with Game of War franchise",Strategy war games
892,Zenlife Games,zenlifegames.com,ADJACENT,Cooking Madness,50M+,Tripledot acquisition,"Cooking game studio with restaurant management",Restaurant cooking games
893,Wildlife Studios,wildlifestudios.com,BROAD,Zooba,100M+,$3B valuation,"Brazilian unicorn with $3B valuation and 100M+ downloads",Action multiplayer games
894,Aquiris,aquiris.com.br,BROAD,Horizon Chase,10M+,Epic Games partnership,"Brazilian racing studio with Horizon Chase",Retro racing games
895,Tapps Games,tappsgames.com,BROAD,Truck Simulator,50M+,Brazilian company,"Brazilian casual game studio with simulation games",Driving simulation games
896,TFG Co,tfgco.com,BROAD,PK XD,100M+,VC-backed,"Brazilian social game studio with PK XD 100M+ downloads",Social sandbox game
897,Nazara Technologies,nazara.com,BROAD,World Cricket Championship,100M+,Public (NSE: NAZARA),"Indian gaming giant with cricket games 100M+ downloads",Cricket and sports games
898,Gametion Technologies,gametion.com,BROAD,Ludo King,700M+,Acquired by Nazara,"Indian studio with Ludo King 700M+ downloads",Board game digital
899,99Games,99games.in,BROAD,Star Chef 2,30M+,VC-backed,"Indian cooking game studio with Star Chef franchise",Cooking simulation games
900,Moonfrog Labs,moonfrog.io,BROAD,Teen Patti Gold,100M+,Sequoia-backed,"Indian card game studio with 100M+ downloads",Card and casino games
901,Wooga,wooga.com,ADJACENT,June's Journey,50M+,Playtika acquisition,"Berlin story-driven casual games studio acquired by Playtika",Hidden object mystery games
902,Small Giant Games,smallgiantgames.com,ADJACENT,Empires & Puzzles,30M+,Zynga $700M acquisition,"Finnish studio acquired by Zynga for $700M",Match-3 RPG hybrid
903,Frogmind,frogmind.com,BROAD,BADLAND,100M+ total,Supercell partnership,"Finnish studio with 100M+ combined downloads, Supercell partnership",Physics-based action games
904,Fingersoft,fingersoft.com,BROAD,Hill Climb Racing,2B+ total,Private,"Finnish studio with Hill Climb Racing 2B+ downloads, 7th most downloaded 2010s",Physics racing arcade
905,Seriously,seriously.com,ADJACENT,Best Fiends,100M+,Playtika acquisition,"Finnish match-3 studio with Best Fiends 100M+ downloads",Match-3 puzzle characters
906,Rovio Entertainment,rovio.com,BROAD,Angry Birds 2,500M+ total,Sega $775M acquisition,"Finnish Angry Birds creator acquired by Sega",Physics puzzle birds
907,Next Games,nextgames.com,ADJACENT,Walking Dead No Man's Land,10M+,Netflix acquisition,"Finnish studio with licensed IP games",Licensed IP survival
908,Space Ape Games,spaceapegames.com,WHITEOUT SIMILAR,Rival Kingdoms,50M+ total,Supercell acquisition,"London strategy studio acquired by Supercell",Real-time strategy
909,Pixonic,pixonic.com,BROAD,War Robots,100M+,MY.GAMES subsidiary,"Russian mech shooter studio with 100M+ downloads",Mech battle multiplayer
910,Kwalee,kwalee.com,BROAD,Draw It,100M+,Private,"UK hypercasual publisher with 100M+ downloads",Drawing arcade games
911,Hutch Games,hutch.io,BROAD,F1 Clash,50M+,MTG acquisition,"UK racing studio with licensed F1 games",Racing simulation
912,NaturalMotion,naturalmotion.com,BROAD,CSR Racing,300M+ total,Zynga subsidiary,"UK racing studio with CSR Racing franchise",Drag racing games
913,Noodlecake Studios,noodlecake.com,BROAD,Alto's Adventure,100M+ total,VC-backed,"Canadian indie publisher with Alto's Adventure",Indie game publishing
914,Kairosoft,kairosoft.co.jp,BROAD,Game Dev Story,50M+ total,Private,"Japanese simulation game pioneer with 50M+ downloads",Pixel tycoon simulations
915,Happy Elements,happyelements.com,ADJACENT,Ensemble Stars,50M+,VC-backed,"Japanese idol game studio with 50M+ downloads",Rhythm and idol games
916,Cygames,cygames.co.jp,ADJACENT,Granblue Fantasy,30M+,CyberAgent subsidiary,"Japanese gacha RPG studio with Granblue Fantasy",Anime gacha RPG
917,COLOPL,colopl.co.jp,ADJACENT,White Cat Project,30M+,Public company (TYO),"Japanese mobile game studio with White Cat Project",Action RPG games
918,GungHo Online,gungho.co.jp,ADJACENT,Puzzle & Dragons,80M+,Public company (TYO),"Japanese puzzle RPG pioneer with 80M+ downloads",Match-3 gacha pioneer
919,Square Enix Mobile,square-enix-games.com,BROAD,Final Fantasy mobile,100M+ total,Public company (TYO),"Japanese gaming giant with mobile FF franchise",JRPG franchise mobile
920,Bandai Namco Mobile,bandainamcoent.com,BROAD,Dragon Ball games,100M+ total,Public company (TYO),"Japanese anime game publisher with Dragon Ball",Anime IP mobile games
921,Konami Mobile,konami.com,BROAD,eFootball PES,100M+,Public company (TYO),"Japanese publisher with eFootball franchise",Sports simulation games
922,Sega Mobile,sega.com,BROAD,Sonic Dash,500M+ total,Public company (TYO),"Japanese publisher with Sonic franchise 500M+ downloads",Running arcade games
923,Capcom Mobile,capcom.com,BROAD,Monster Hunter Now,30M+,Public company (TYO),"Japanese publisher with Monster Hunter Now",AR monster hunting
924,DeNA,dena.com,BROAD,Pokemon Masters,30M+,Public company (TYO),"Japanese publisher with Nintendo partnerships",Licensed IP games
925,GREE,gree.net,ADJACENT,Another Eden,10M+,Public company (TYO),"Japanese mobile gaming pioneer with Another Eden",JRPG adventure
926,Miniclip,miniclip.com,BROAD,8 Ball Pool,1B+ total,Tencent subsidiary,"Swiss publisher with 8 Ball Pool 1B+ downloads",Pool sports games
927,Outfit7,outfit7.com,BROAD,Talking Tom,15B+ total,Jinke-backed,"Slovenian studio with Talking Tom 15B+ downloads",Virtual pet entertainment
928,TabTale,tabtale.com,BROAD,Paint Pop,500M+ total,Miniclip acquisition,"Israeli kids game studio with 500M+ downloads",Kids educational games
929,Pixel Federation,pixelfederation.com,BROAD,TrainStation,50M+,Private,"Slovak simulation game studio with TrainStation",Transport simulation
930,Nordeus,nordeus.com,BROAD,Top Eleven,250M+,Take-Two $378M acquisition,"Serbian sports game studio acquired by Take-Two",Football management sim
931,InnoGames,innogames.com,BROAD,Forge of Empires,80M+ total,MTG subsidiary,"German strategy publisher with Forge of Empires",City-building strategy
932,Goodgame Studios,goodgamestudios.com,BROAD,Empire Four Kingdoms,100M+,Stillfront Group,"German strategy publisher with 100M+ downloads",Medieval empire strategy
933,Ubisoft Mobile,ubisoft.com,BROAD,Hungry Shark,500M+ total,Public company (EPA: UBI),"French publisher with Hungry Shark franchise",Arcade eating games
934,Gameloft SE,gameloft.com,BROAD,Asphalt 9,200M+,Vivendi subsidiary,"French publisher with Asphalt racing franchise",AAA mobile racing
935,Geewa,geewa.com,BROAD,Smashing Four,10M+,VC-backed,"Czech battle game studio with Smashing Four",Strategic battle royale
936,Halfbrick Studios,halfbrick.com,BROAD,Fruit Ninja,1B+ total,Private,"Australian studio with Fruit Ninja 1B+ downloads",Arcade slicing games
937,Hipster Whale,hipsterwhale.com,BROAD,Crossy Road,500M+,Private,"Australian studio with Crossy Road 500M+ downloads",Endless hopper arcade
938,Gismart,gismart.com,BROAD,Cool Goal,100M+,VC-backed,"UK hypercasual publisher with 100M+ downloads",Sports hypercasual
939,Tactile Games,tactilegames.com,ADJACENT,Lily's Garden,100M+,Private,"Danish narrative puzzle studio with 100M+ downloads",Garden match-3 story
940,Playvalve,playvalve.com,BROAD,Bounce Ball,100M+,VC-backed,"Turkey hypercasual publisher with 100M+ downloads",Bounce arcade games
941,BoomBit,boombit.com,BROAD,Darts Club,100M+ total,Public company (WSE),"Polish mobile game publisher with 100M+ downloads",Sports arcade games
942,TFG,tfgco.com,BROAD,PK XD,100M+,VC-backed,"Brazilian social game studio with PK XD 100M+ downloads",Social sandbox game
943,Aquiris Game Studio,aquiris.com.br,BROAD,Horizon Chase,10M+,Epic partnership,"Brazilian racing studio with Horizon Chase",Retro racing arcade
944,Tapps Games,tappsgames.com,BROAD,Truck Simulator,50M+,Brazilian company,"Brazilian simulation game studio with 50M+ downloads",Vehicle simulation
945,Loongcheer,loongcheer.com,WHITEOUT SIMILAR,Survivor Base,10M+,VC-backed,"Chinese survival game studio with Survivor Base",Zombie survival strategy
946,37Interactive,37.com,ADJACENT,Puzzles & Survival,50M+,Public company (SZX: 002555),"Chinese publisher with Puzzles & Survival",Match-3 zombie hybrid
947,4399 Games,4399.com,BROAD,Mini World,100M+,VC-backed,"Chinese sandbox game publisher with Mini World",Sandbox building games
948,Yodo1,yodo1.com,BROAD,Rodeo Stampede,100M+,VC-backed,"Chinese publisher specializing in Western-Eastern crossover",Animal running arcade
949,Ohayoo,ohayoo.com,BROAD,My Little Universe,100M+,ByteDance subsidiary,"ByteDance gaming arm with casual game hits",Casual crafting games
950,Habby,habby.com,ADJACENT,Archero,100M+,VC-backed,"Singapore roguelike publisher with Archero 100M+ downloads",Roguelike shooter
951,Socialpoint,socialpoint.es,BROAD,Dragon City,300M+ total,Take-Two subsidiary,"Spanish studio with Dragon City 300M+ downloads",Dragon breeding games
952,From The Bench,fromthebench.com,BROAD,Head Soccer,100M+,VC-backed,"Spanish sports game studio with Head Soccer",Arcade sports games
953,Digital Legends,digitallegends.com,BROAD,Afterpulse,10M+,VC-backed,"Spanish shooter studio with Afterpulse",Third-person shooter
954,Genera Games,generagames.com,BROAD,Champions & Survivors,5M+,VC-backed,"Spanish strategy game studio",Strategy survival games
955,Pixowl,pixowl.com,BROAD,The Sandbox,40M+,Animoca Brands,"US/Argentina sandbox pioneer with The Sandbox",Sandbox creation games
956,Etermax,etermax.com,BROAD,Trivia Crack,500M+ total,Private,"Argentine trivia game studio with 500M+ downloads",Trivia quiz games
957,Jam City,jamcity.com,BROAD,Harry Potter Hogwarts,100M+ total,VC-backed,"US studio with licensed IP games 100M+ downloads",Licensed IP narrative
958,JETKITE Games,jetkite.com,WHITEOUT SIMILAR,Zero City,20M+,VC-backed,"Russian survival game studio with Zero City",Post-apocalyptic shelter
959,Ekkorr,ekkorr.com,ADJACENT,Infinity Kingdom,10M+,VC-backed,"Chinese strategy studio with Infinity Kingdom",Fantasy strategy MMO
960,Moonton,moonton.com,BROAD,Mobile Legends Bang Bang,1B+,ByteDance acquisition,"Indonesian MOBA studio with 1B+ downloads",MOBA battle arena
961,Garena,garena.com,BROAD,Free Fire,1B+,Sea Group (NYSE: SE),"Singapore battle royale with Free Fire 1B+ downloads",Battle royale shooter
962,Tencent Games,tencent.com,BROAD,PUBG Mobile,1B+,Public company (HKG: 0700),"Chinese gaming giant with PUBG Mobile",Battle royale shooter
963,NetEase Games,neteasegames.com,BROAD,Identity V,100M+,Public company (NASDAQ: NTES),"Chinese gaming giant with asymmetric horror",Asymmetric horror game
964,Bilibili Games,bilibili.com,BROAD,Arknights Global,10M+,Public company (NASDAQ: BILI),"Chinese ACG platform with Arknights publishing",Tower defense gacha
965,XD Inc,xd.com,BROAD,Ragnarok X,10M+,Public company (HKG: 2400),"Chinese MMORPG publisher with Ragnarok X",Anime MMORPG
966,Perfect World,pwrd.com,BROAD,Perfect World Mobile,30M+,Public company (SZX: 002624),"Chinese MMORPG studio with Perfect World franchise",Fantasy MMORPG
967,ChangYou,changyou.com,BROAD,TLBB Mobile,20M+,Sohu subsidiary,"Chinese MMORPG studio with wuxia games",Wuxia MMORPG
968,ZLongGames,zlongames.com,ADJACENT,Langrisser,10M+,VC-backed,"Chinese SRPG studio with Langrisser revival",Tactical RPG classic
969,Yoozoo Games,yoozoo.com,BROAD,Game of Thrones Winter,10M+,Public company (SHG: 002174),"Chinese publisher with licensed IP games",Licensed IP strategy
970,Giant Interactive,giant.com.cn,BROAD,Jiang Hu,20M+,Public company (NYSE: GA),"Chinese MMORPG studio with wuxia games",Wuxia MMORPG
971,Youzu Interactive,youzu.com,BROAD,League of Angels,30M+,Private,"Chinese fantasy RPG publisher with League of Angels",Fantasy browser RPG
972,Kunlun Games,kunlun.com,BROAD,Girls X Battle,20M+,Public company (SZX: 300418),"Chinese idle RPG publisher with gacha games",Idle waifu gacha
973,DragonNest,dragonnest.com,BROAD,Dragon Nest M,30M+,Eyedentity subsidiary,"Korean action RPG studio with Dragon Nest mobile",Action MMORPG
974,Webzen Mobile,webzen.com,BROAD,MU Origin 2,20M+,Public company (KOSDAQ),"Korean MMORPG studio with MU franchise",Dark fantasy MMORPG
975,Gamevil Com2uS,gamevil.com,BROAD,Summoners War Chronicles,30M+,Public company (KOSDAQ),"Korean mobile game pioneer with Summoners War",Turn-based gacha RPG
976,Neteasy Thunder Fire,thunderfire.163.com,ADJACENT,Naraka Mobile,20M+,NetEase subsidiary,"Chinese action studio with Naraka Bladepoint mobile",Battle royale action
977,Hero Games,herogames.com,BROAD,Hero Zero,10M+,VC-backed,"German idle hero publisher with Hero Zero",Idle superhero game
978,Konami Digital,konami.com,BROAD,Yu-Gi-Oh Duel Links,100M+,Public company (TYO: 9766),"Japanese card game publisher with Yu-Gi-Oh",Trading card game
979,Bushiroad,bushiroad.com,ADJACENT,BanG Dream,10M+,Public company (TYO: 7803),"Japanese rhythm game publisher with BanG Dream",Anime rhythm game
980,Aniplex,aniplex.co.jp,ADJACENT,Fate Grand Order,50M+,Sony Music subsidiary,"Japanese gacha RPG with Fate Grand Order $5B revenue",Gacha RPG phenomenon
981,KLab,klab.com,ADJACENT,Love Live School Idol,30M+,Public company (TYO: 3656),"Japanese rhythm game studio with Love Live",Idol rhythm game
982,Akatsuki,akatsuki.co.jp,ADJACENT,Dragon Ball Z Dokkan,350M+,Public company (TYO: 3932),"Japanese gacha RPG with Dokkan Battle 350M+ downloads",Dragon Ball gacha
983,DMM Games,dmm.com,ADJACENT,Uma Musume,10M+,DMM.com subsidiary,"Japanese gacha game publisher with Uma Musume",Horse girl gacha
984,Wright Flyer Studios,wfs.jp,ADJACENT,Another Eden,10M+,GREE subsidiary,"Japanese JRPG studio with Another Eden",Classic JRPG mobile
985,Asobimo,asobimo.com,BROAD,Toram Online,10M+,VC-backed,"Japanese MMORPG studio with Toram Online",Anime MMORPG
986,Boltrend Games,boltrend.com,ADJACENT,Disgaea RPG,5M+,VC-backed,"Japanese localization publisher for Disgaea",Tactical RPG gacha
987,Voltage,voltage.co.jp,ADJACENT,Romance otome games,100M+ total,Public company (TYO: 3639),"Japanese otome game publisher with 100M+ downloads",Romance visual novel
988,Drecom,drecom.co.jp,ADJACENT,MASS FOR THE DEAD,5M+,Public company (TYO: 4293),"Japanese anime game publisher with Overlord game",Licensed anime game
989,Marvelous,marvelous.jp,ADJACENT,Story of Seasons,5M+,Public company (TYO: 7844),"Japanese farming game publisher with Story of Seasons",Farming simulation
990,XFLAG,xflag.com,ADJACENT,Monster Strike,60M+,mixi subsidiary,"Japanese action RPG with Monster Strike 60M+ downloads",Action slingshot RPG
991,Aiming,aiming.co.jp,BROAD,Dragon Quest Tact,10M+,Public company (TYO: 3911),"Japanese tactical RPG publisher with DQ Tact",Tactical Dragon Quest
992,ForwardWorks,forwardworks.co.jp,BROAD,Everybody's Golf,5M+,Sony subsidiary,"Japanese sports game publisher with Everybody's Golf",Golf simulation
993,Kakao Games Corp,kakaogames.com,BROAD,Guardian Tales,10M+,Public company (KOSDAQ),"Korean publisher with Guardian Tales",Action adventure RPG
994,NHN Entertainment,nhn.com,BROAD,Crusaders Quest,10M+,Public company (KOSDAQ),"Korean pixel RPG publisher with Crusaders Quest",Pixel action RPG
995,Vespa,vespainc.com,ADJACENT,King's Raid,10M+,VC-backed,"Korean gacha RPG studio with King's Raid",Anime gacha RPG
996,Nexters,nexters.com,ADJACENT,Hero Wars,100M+,NASDAQ: GDEV,"Russian hero RPG publisher with Hero Wars 100M+",Hero collection RPG
997,MY.GAMES,my.games,BROAD,War Robots,150M+,Mail.ru subsidiary,"Russian publisher with War Robots franchise",Mech battle games
998,Playrix,playrix.com,ADJACENT,Gardenscapes,500M+ total,$7B valuation,"Russian puzzle giant with 500M+ downloads",Match-3 home design
999,G5 Entertainment,g5e.com,ADJACENT,Hidden City,100M+,Public company (STO: G5EN),"Swedish hidden object publisher with 100M+ downloads",Hidden object mystery
1000,Stillfront Group,stillfront.com,BROAD,Goodgame Empire,100M+ total,Public company (STO: SF),"Swedish mobile gaming conglomerate with 100M+ downloads",Strategy portfolio
1001,MTG (Modern Times Group),mtg.com,BROAD,Innogames portfolio,200M+ total,Public company (STO: MTG),"Swedish gaming conglomerate with 200M+ downloads",Strategy portfolio
1002,Embracer Mobile,embracer.com,BROAD,Crazy Labs games,500M+ total,Public company (STO: EMBRAC),"Swedish gaming giant with mobile portfolio",Casual game portfolio
1003,Team17,team17.com,BROAD,Worms series,50M+ total,Public company (LON: TM17),"UK publisher with Worms franchise mobile",Turn-based artillery
1004,Jagex,jagex.com,BROAD,Old School RuneScape,10M+,Private equity,"UK studio with OSRS mobile",MMORPG classic mobile
1005,Keywords Studios,keywordsstudios.com,BROAD,Support services,500M+ reach,Public company (AIM: KWS),"Irish gaming services with huge reach",Gaming services reach
1006,Sumo Digital,sumodigital.com,BROAD,Sackboy,10M+,Tencent subsidiary,"UK studio with LittleBigPlanet mobile",Platform adventure
1007,Codemasters,codemasters.com,BROAD,F1 Mobile Racing,50M+,EA subsidiary,"UK racing studio with F1 mobile",Racing simulation
1008,CI Games,cigames.com,BROAD,Sniper Ghost Warrior,10M+,Public company (WSE: CIG),"Polish shooter publisher with Sniper franchise",Sniper shooter
1009,11 bit studios,11bitstudios.com,WHITEOUT SIMILAR,Frostpunk Beyond Ice,5M+,Public company (WSE: 11B),"Polish survival studio with Frostpunk mobile",Survival city builder
1010,CD Projekt Mobile,cdprojekt.com,BROAD,Gwent,10M+,Public company (WSE: CDR),"Polish studio with Gwent card game",Card battle game
1011,People Can Fly,peoplecanfly.com,BROAD,Bulletstorm,5M+,Public company (WSE: PCF),"Polish shooter studio with Bulletstorm",Action shooter
1012,Techland,techland.pl,BROAD,Dying Light Mobile,5M+,VC-backed,"Polish zombie studio with Dying Light assets",Zombie action
1013,CreativeForge Games,creativeforge.pl,BROAD,Hard West Mobile,5M+,VC-backed,"Polish tactical studio",Western tactical RPG
1014,Vivid Games,vividgames.com,BROAD,Real Boxing,100M+ total,Public company (WSE: VVD),"Polish boxing game studio with 100M+ downloads",Boxing sports games
1015,Ten Square Games,tensquaregames.com,BROAD,Fishing Clash,50M+,Public company (WSE: TEN),"Polish fishing game studio with 50M+ downloads",Fishing simulation
1016,Forever Entertainment,forever-entertainment.com,BROAD,Panzer Dragoon,5M+,Public company (WSE: FRE),"Polish publisher with retro ports",Classic game ports
1017,Black Moon Design,blackmoondesign.com,BROAD,Runefall,5M+,VC-backed,"Polish match-3 studio with Runefall",Match-3 adventure
1018,One More Level,onemoreleveel.pl,BROAD,Ghostrunner,5M+,Private,"Polish cyberpunk action studio",Cyberpunk action
1019,Movie Games,moviegames.com,BROAD,Movie games,10M+ total,Public company (WSE: MVG),"Polish licensed game publisher",Licensed IP games
1020,Carbon Studio,carbonstudio.pl,BROAD,The Wizards,5M+,Private,"Polish VR game studio",VR fantasy games
1021,Flying Wild Hog,flyingwildhog.com,BROAD,Shadow Warrior,5M+,Embracer subsidiary,"Polish shooter studio",Action shooter
1022,Reality Pump,realitypump.com,BROAD,Two Worlds,5M+,VC-backed,"Polish RPG studio with Two Worlds",Open-world RPG
1023,Bloober Team,blooberteam.com,BROAD,Blair Witch,5M+,Public company (WSE: BLO),"Polish horror studio with Blair Witch",Horror adventure
1024,All In Games,allIngames.com,BROAD,Various titles,10M+ total,Public company (WSE: ALG),"Polish publisher with various titles",Multi-genre publisher
1025,Jujubee,jujubee.pl,BROAD,Kursk,5M+,Public company (WSE: JJB),"Polish narrative studio with Kursk",Documentary game
1026,Artifex Mundi,artifexmundi.com,ADJACENT,Hidden Object games,100M+ total,Public company (WSE: ART),"Polish hidden object studio with 100M+ downloads",Hidden object adventures
1027,Starloop Studios,starloopstudios.com,BROAD,Various titles,10M+,Keyword Studios,"Spanish outsourcing studio",Game development services
1028,Genera Mobile,generamobile.com,BROAD,Champions Survivors,5M+,VC-backed,"Spanish strategy mobile studio",Strategy survival
1029,Social Point,socialpoint.es,BROAD,Monster Legends,200M+ total,Take-Two subsidiary,"Spanish creature collection studio",Creature breeding games
1030,From The Bench SL,fromthebench.es,BROAD,Head Soccer La Liga,20M+,Private,"Spanish sports game studio",Arcade sports
1031,CrazyLabs,crazylabs.com,BROAD,Super Stylist,300M+ total,$600M revenue,"Israeli hypercasual with 300M+ downloads",Fashion simulation
1032,Playtika Ltd,playtika.com,ADJACENT,Slotomania,100M+,Public company (NASDAQ: PLTK),"Israeli social casino with 100M+ downloads",Social casino games
1033,Plarium,plarium.com,ADJACENT,Raid Shadow Legends,50M+,Aristocrat $3.9B,"Israeli RPG studio with Raid 50M+ downloads",Dark fantasy gacha
1034,Moon Active,moonactive.com,BROAD,Coin Master,200M+,$4B+ revenue,"Israeli social casual with 200M+ downloads",Social slot casual
1035,Playkot,playkot.com,ADJACENT,Pocket Troops,20M+,VC-backed,"Russian turn-based studio with Pocket Troops",Turn-based strategy
1036,Social Quantum,socialquantum.com,BROAD,Wild West Heroes,30M+,VC-backed,"Russian simulation studio",Western simulation
1037,Game Insight,game-insight.com,BROAD,Guns of Boom,50M+,VC-backed,"Russian shooter publisher with 50M+ downloads",FPS shooter mobile
1038,Awem Games,awem.com,ADJACENT,Cradle of Empires,30M+,VC-backed,"Russian match-3 studio",Egyptian match-3
1039,Vizor Games,vizor-games.com,BROAD,Klondike Adventures,50M+,VC-backed,"Russian adventure studio with 50M+ downloads",Adventure farming
1040,1C Entertainment,1centertainment.com,BROAD,King's Bounty,10M+,Private,"Russian strategy publisher",Turn-based strategy
1041,Banzai Games,banzai.games,BROAD,Various titles,20M+ total,VC-backed,"Russian mobile publisher",Multi-genre publisher
1042,Belka Games,belka-games.com,ADJACENT,Clockmaker,50M+,Tripledot acquisition,"Russian match-3 studio",Mystery match-3
1043,Gameberry Labs,gameberrylabs.com,BROAD,Ludo Star,100M+,VC-backed,"Indian board game studio with 100M+ downloads",Board game digital
1044,MPL (Mobile Premier League),mpl.live,BROAD,MPL Games,100M+,$2.3B valuation,"Indian gaming platform with 100M+ downloads",Gaming platform
1045,Dream11,dream11.com,BROAD,Fantasy Cricket,100M+,Unicorn $8B+,"Indian fantasy sports with 100M+ downloads",Fantasy sports
1046,Octro,octro.com,BROAD,Teen Patti,100M+,VC-backed,"Indian card game studio with 100M+ downloads",Card games
1047,Nazara Technologies,nazara.com,BROAD,WCC3,150M+ total,Public (NSE: NAZARA),"Indian gaming conglomerate with 150M+ downloads",Sports gaming portfolio
1048,Hike,hike.in,BROAD,Rush,50M+,VC-backed,"Indian gaming platform with Rush",Gaming mini-games
1049,OnMobile Global,onmobile.com,BROAD,Gaming Hub,50M+,Public company (NSE: ONMOBILE),"Indian mobile gaming platform",Gaming platform
1050,Jet Synthesis,jetsynthesis.com,BROAD,Multiple titles,30M+ total,VC-backed,"Indian gaming studio",Multi-genre games
1051,Rooter,rooter.gg,BROAD,Gaming streaming,20M+,VC-backed,"Indian gaming streaming platform",Gaming streaming
1052,Mobile2Win,mobile2win.com,BROAD,Cricket games,20M+,VC-backed,"Indian cricket game studio",Cricket mobile games
1053,Dhruva Interactive,dhruva.com,BROAD,Multiple titles,10M+ total,Rockstar Games subsidiary,"Indian AAA support studio",AAA mobile support
1054,SuperGaming,supergaming.com,BROAD,Indus Battle Royale,10M+,VC-backed,"Indian battle royale studio",Battle royale shooter
1055,Yellow Games,yellow.games,BROAD,Various casual,10M+,VC-backed,"Indian casual game studio",Casual games
1056,Gamezop,gamezop.com,BROAD,HTML5 games,50M+,VC-backed,"Indian HTML5 gaming platform",HTML5 gaming platform
1057,WinZO,winzogames.com,BROAD,Gaming platform,100M+,$850M valuation,"Indian gaming platform with 100M+ downloads",Gaming platform
1058,PlaySimple,playsimple.in,ADJACENT,Word Trip,100M+,Stillfront $360M,"Indian word puzzle with 100M+ downloads",Word puzzle games
1059,Moonfrog Labs,moonfroglabs.com,BROAD,Ludo Club,150M+,Stillfront,"Indian board game studio with 150M+ downloads",Board game digital
1060,99Games Online,99games.in,BROAD,Star Chef 2,50M+,VC-backed,"Indian cooking game studio",Cooking simulation
1061,Reliance Games,reliancegames.com,BROAD,Real Steel,50M+,Reliance Entertainment,"Indian AAA mobile publisher",Licensed action games
1062,Zapak Digital,zapak.com,BROAD,Various games,30M+,Reliance subsidiary,"Indian gaming portal",Gaming platform
1063,Games2win,games2win.com,BROAD,Parking Frenzy,100M+,VC-backed,"Indian casual studio with 100M+ downloads",Casual parking games
1064,Zynga India,zynga.com,BROAD,FarmVille support,500M+ reach,Zynga subsidiary,"Indian development support hub",Development support
1065,EA India,ea.com,BROAD,FIFA support,500M+ reach,EA subsidiary,"Indian development support hub",Sports game support
1066,Ubisoft India,ubisoft.com,BROAD,Support studio,200M+ reach,Ubisoft subsidiary,"Indian development support hub",AAA support
1067,Sony PlayStation India,sie.com,BROAD,Support studio,100M+ reach,Sony subsidiary,"Indian development support hub",Console support
1068,Xsolla,xsolla.com,BROAD,Payment platform,1B+ reach,Private,"Global gaming payments platform",Payment infrastructure
1069,Unity Technologies,unity.com,BROAD,Unity engine,3B+ reach,Public company (NYSE: U),"Game engine powering 70% of mobile games",Game engine platform
1070,Epic Games Mobile,epicgames.com,BROAD,Fortnite Mobile,500M+,Private $32B,"Fortnite mobile and Unreal Engine",Battle royale engine
1071,Unreal Engine Mobile,unrealengine.com,BROAD,Unreal Engine,1B+ reach,Epic Games,"Mobile game engine",Game engine platform
1072,Apple Arcade,apple.com,BROAD,Apple Arcade,100M+ subscribers,Public (NASDAQ: AAPL),"Apple gaming subscription service",Gaming subscription
1073,Google Play Games,play.google.com,BROAD,Play Games,3B+ reach,Public (NASDAQ: GOOGL),"Google gaming platform",Gaming platform
1074,Netflix Games,netflix.com,BROAD,Mobile gaming,200M+ subscribers,Public (NASDAQ: NFLX),"Netflix gaming service",Gaming subscription
1075,Amazon Games,amazon.com,BROAD,Mobile gaming,100M+ reach,Public (NASDAQ: AMZN),"Amazon gaming division",Gaming publishing
1076,Microsoft Mobile,microsoft.com,BROAD,Xbox Cloud Gaming,100M+ reach,Public (NASDAQ: MSFT),"Microsoft gaming division",Cloud gaming platform
1077,Activision Mobile,activision.com,BROAD,Call of Duty Mobile,500M+,Microsoft subsidiary,"Call of Duty Mobile publisher",FPS battle royale
1078,Blizzard Mobile,blizzard.com,ADJACENT,Diablo Immortal,50M+,Microsoft subsidiary,"Blizzard mobile division with Diablo",Action RPG mobile
1079,King Digital,king.com,ADJACENT,Candy Crush Saga,3B+,Activision subsidiary,"Candy Crush creator with 3B+ downloads",Match-3 pioneer
1080,EA Mobile,ea.com,BROAD,Need for Speed,200M+ total,Public company (NASDAQ: EA),"EA mobile division",Racing and sports
1081,Take-Two Mobile,take2games.com,BROAD,GTA Mobile,100M+,Public company (NASDAQ: TTWO),"Take-Two mobile division",Action open world
1082,Warner Bros Mobile,warnerbros.com,BROAD,DC games,100M+ total,Warner Bros Discovery,"DC superhero mobile games",Superhero action
1083,Disney Mobile,disney.com,BROAD,Disney games,200M+ total,Public company (NYSE: DIS),"Disney mobile gaming",Family entertainment
1084,Hasbro Mobile,hasbro.com,BROAD,Monopoly GO,100M+,Public company (NASDAQ: HAS),"Hasbro mobile gaming with Monopoly",Board game digital
1085,Mattel Mobile,mattel.com,BROAD,Barbie games,50M+ total,Public company (NASDAQ: MAT),"Mattel mobile gaming",Kids entertainment
1086,LEGO Mobile,lego.com,BROAD,LEGO games,100M+ total,LEGO Group,"LEGO mobile gaming division",Building block games
1087,Nickelodeon Games,nick.com,BROAD,SpongeBob games,50M+ total,Paramount subsidiary,"Nick mobile gaming",Kids cartoon games
1088,Cartoon Network Games,cartoonnetwork.com,BROAD,CN games,50M+ total,Warner Bros Discovery,"Cartoon Network mobile gaming",Kids cartoon games
1089,PBS Kids Games,pbskids.org,BROAD,Educational games,50M+ total,PBS,"Educational kids gaming",Educational games
1090,Sesame Workshop,sesameworkshop.org,BROAD,Sesame games,30M+ total,Nonprofit,"Sesame Street mobile gaming",Educational kids games
1091,National Geographic,natgeo.com,BROAD,Nat Geo games,10M+ total,Disney subsidiary,"Educational gaming",Educational games
1092,BBC Games,bbc.co.uk,BROAD,BBC games,20M+ total,BBC,"UK broadcaster gaming",Educational games
1093,DreamWorks Games,dreamworks.com,BROAD,DreamWorks games,100M+ total,NBCUniversal,"DreamWorks mobile gaming",Family animation games
1094,Illumination Games,illumination.com,BROAD,Minions games,50M+ total,NBCUniversal,"Minions mobile gaming",Family animation games
1095,Blue Sky Games,blueskysstudios.com,BROAD,Ice Age games,30M+ total,Disney subsidiary,"Ice Age mobile gaming",Family animation games
1096,Sony Pictures Mobile,sonypictures.com,BROAD,Movie tie-in games,50M+ total,Sony,"Sony movie mobile games",Movie tie-in games
1097,Paramount Games,paramount.com,BROAD,Movie games,30M+ total,Paramount Global,"Paramount movie mobile games",Movie tie-in games
1098,Lionsgate Games,lionsgate.com,BROAD,Movie games,20M+ total,Lionsgate,"Lionsgate mobile gaming",Movie tie-in games
1099,MGM Games,mgm.com,BROAD,Bond games,10M+ total,Amazon subsidiary,"MGM mobile gaming",Movie tie-in games
1100,Universal Mobile,universalstudios.com,BROAD,Universal games,50M+ total,NBCUniversal,"Universal mobile gaming",Movie tie-in games
1101,Pocket Gems,pocketgems.com,ADJACENT,Episode,500M+ total,Tencent/Sequoia $155M,"San Francisco narrative games studio with 500M+ downloads",Interactive storytelling
1102,Scopely Inc,scopely.com,BROAD,Monopoly GO,1B+,$4.9B Savvy acquisition,"LA mobile gaming giant with $10B+ lifetime revenue",Licensed IP games
1103,NimbleBit,nimblebit.com,BROAD,Tiny Tower,50M+,Private,"San Diego indie studio with Tiny Tower franchise",Pixel tower building
1104,Storm8,storm8.com,ADJACENT,Property Brothers,100M+ total,Stillfront $400M,"San Mateo casual games studio acquired for $400M",Home design games
1105,MZ (Machine Zone),mz.com,WHITEOUT SIMILAR,Game of War,100M+,Tripledot acquisition,"Palo Alto strategy pioneer with Game of War",Strategy war MMO
1106,Kabam,kabam.com,ADJACENT,Marvel Contest,500M+,Netmarble $800M,"San Francisco RPG studio acquired for $800M",Marvel fighting RPG
1107,Glu Mobile,glu.com,BROAD,Kim Kardashian,50M+,EA $2.1B acquisition,"San Francisco casual studio acquired by EA",Celebrity simulation
1108,Big Fish Games,bigfishgames.com,ADJACENT,Big Fish Casino,100M+ total,Aristocrat acquisition,"Seattle casual games publisher",Casual casino games
1109,TinyCo,tinyco.com,ADJACENT,Family Guy Quest,50M+,Jam City acquisition,"San Francisco licensed IP studio",Animated IP games
1110,Jam City,jamcity.com,ADJACENT,Cookie Jam,200M+ total,$350M funded,"LA casual games studio with 200M+ downloads",Match-3 casual
1111,Second Dinner,seconddinner.com,ADJACENT,Marvel Snap,100M+,$100M Series B,$1B+ valuation,"Irvine card game studio with Marvel Snap",Strategic card battler
1112,N3TWORK,n3twork.com,ADJACENT,Legendary Heroes,30M+,VC-backed,"San Francisco mobile publisher",Action RPG games
1113,Disruptor Beam,disruptorbeam.com,BROAD,Game of Thrones,10M+,VC-backed,"Boston licensed IP studio",Licensed strategy games
1114,Demiurge Studios,demiurgestudios.com,ADJACENT,Marvel Puzzle Quest,30M+,VC-backed,"Boston match-3 RPG studio",Match-3 superhero
1115,Tilting Point,tiltingpoint.com,BROAD,SpongeBob,100M+ total,$235M funded,"NY publisher with 100M+ downloads",Publishing platform
1116,East Side Games,eastsidegames.com,BROAD,Trailer Park Boys,50M+,VC-backed,"Vancouver idle game studio with licensed IP",Idle clicker games
1117,GameHouse,gamehouse.com,ADJACENT,Delicious Emily,100M+ total,RealNetworks,"Seattle casual games publisher",Time management games
1118,Magmic Games,magmic.com,BROAD,Various titles,20M+ total,VC-backed,"Ottawa mobile games studio",Multi-genre games
1119,PikPok,pikpok.com,BROAD,Into the Dead,100M+,Private,"New Zealand studio with Into the Dead",Zombie endless runner
1120,JETKITE (US division),jetkite.com,WHITEOUT SIMILAR,Zero City,30M+,VC-backed,"US mobile division with survival games",Post-apocalyptic survival
1121,Zynga Inc,zynga.com,ADJACENT,Words With Friends,500M+ total,Take-Two $12.7B,"San Francisco social gaming giant",Social word games
1122,Electronic Arts Mobile,ea.com,BROAD,Madden Mobile,200M+ total,Public (NASDAQ: EA),"Redwood City sports publisher",Sports mobile games
1123,Niantic Inc,nianticlabs.com,BROAD,Pokemon GO,1B+,$3.5B Scopely acquisition,"San Francisco AR pioneer with 1B+ downloads",AR gaming platform
1124,2K Games Mobile,2k.com,BROAD,WWE 2K Mobile,50M+ total,Take-Two subsidiary,"Novato sports publisher",Sports and wrestling
1125,GSN Games,gsn.com,BROAD,Solitaire TriPeaks,100M+ total,Scopely subsidiary,"San Francisco casual games studio",Casual card games
1126,Scientific Games,scientificgames.com,BROAD,Jackpot Party,100M+ total,Public company (LNW),"Las Vegas social casino publisher",Social casino games
1127,Churchill Downs,cdiww.com,BROAD,Big Fish Casino,50M+,Churchill Downs,"Louisville casino games publisher",Casino games
1128,Penn Interactive,penninteractive.com,BROAD,Hollywood Casino,30M+,Penn Entertainment,"Philadelphia casino games publisher",Casino slots
1129,Zynga Poker,zynga.com,BROAD,Zynga Poker,500M+,Zynga,"San Francisco poker games",Social poker
1130,Playstudios,playstudios.com,BROAD,myVEGAS Slots,50M+,Public (NASDAQ: MYPS),"Burlingame casino games studio",Social casino rewards
1131,SciPlay,sciplay.com,BROAD,Jackpot Party Casino,100M+,Public (NASDAQ: SCPL),"Las Vegas social casino publisher",Social casino games
1132,Product Madness,productmadness.com,BROAD,Heart of Vegas,100M+,Aristocrat subsidiary,"London/SF casino games studio",Casino slot games
1133,Huuuge Games,huuuge.com,BROAD,Huuuge Casino,100M+,Public company (WSE),"SF/Poland casino games studio",Social casino games
1134,DoubleU Games,doubleugames.com,BROAD,DoubleU Casino,100M+,Public (KOSDAQ),"Korean/US social casino studio",Casino slots
1135,High 5 Games,high5games.com,BROAD,High 5 Casino,30M+,VC-backed,"NY social casino games studio",Casino slots
1136,IGT,igt.com,BROAD,DoubleDown Casino,50M+,Public (NYSE: IGT),"Providence casino games publisher",Casino slot games
1137,Appchi Media,appchi.com,BROAD,Casino games,20M+,VC-backed,"San Jose casino games studio",Social casino
1138,Ruby Seven Studios,rubyseven.com,BROAD,Slots,10M+,VC-backed,"SF social casino studio",Casino slots
1139,Slot Social,slotsocial.com,BROAD,Social slots,10M+,VC-backed,"Austin social casino studio",Casino slots
1140,Murka Games,murka.com,BROAD,Slots Era,50M+,VC-backed,"Ukrainian/US casino games studio",Casino slot games
1141,Huuuge Inc,huuuge.games,BROAD,Traffic Puzzle,50M+ total,Public company (WSE),"SF casual and casino games",Casual puzzle games
1142,Rogue Games,rogueco.com,BROAD,Botworld Adventure,10M+,VC-backed,"LA indie publisher with Botworld",Indie game publishing
1143,Hypergryph USA,hypergryph.com,ADJACENT,Arknights Global,30M+,VC-backed,"US publishing arm of Arknights",Tower defense gacha
1144,Yostar USA,yo-star.com,ADJACENT,Blue Archive,20M+,VC-backed,"US publishing arm of Yostar",Anime gacha games
1145,Crunchyroll Games,crunchyroll.com,ADJACENT,Anime games,30M+ total,Sony subsidiary,"SF anime game publisher",Licensed anime games
1146,Bandai Namco US,bandainamcoent.us,ADJACENT,PAC-MAN,200M+ total,Public company (TYO),"Santa Clara anime and classic games",Classic arcade games
1147,Konami USA,konami.com,BROAD,PES Mobile,100M+,Public company (TYO),"El Segundo sports and casino games",Sports simulation
1148,Square Enix US,square-enix-games.com,ADJACENT,FF Brave Exvius,50M+,Public company (TYO),"El Segundo JRPG mobile games",Mobile JRPG
1149,Capcom USA,capcom.com,BROAD,Monster Hunter Now,30M+,Public company (TYO),"San Mateo action games publisher",Action monster games
1150,Sega USA,sega.com,BROAD,Sonic Forces,100M+ total,Public company (TYO),"Irvine Sonic mobile games",Classic Sonic games
1151,Activision Mobile,activision.com,BROAD,Call of Duty Mobile,500M+,Microsoft subsidiary,"Santa Monica FPS mobile publisher",FPS battle royale
1152,Blizzard Mobile,blizzard.com,ADJACENT,Hearthstone,100M+,Microsoft subsidiary,"Irvine card game studio",Digital card game
1153,Bungie,bungie.net,BROAD,Destiny mobile,10M+,Sony subsidiary,"Bellevue FPS studio",Sci-fi shooter
1154,Roblox Corporation,roblox.com,BROAD,Roblox,500M+,Public (NYSE: RBLX),"San Mateo platform with 500M+ downloads",Gaming platform
1155,Unity Technologies,unity.com,BROAD,Made with Unity,3B+ reach,Public (NYSE: U),"San Francisco game engine",Game development platform
1156,Epic Games,epicgames.com,BROAD,Fortnite,500M+ total,Private $32B,"Cary NC battle royale pioneer",Battle royale engine
1157,Ubisoft SF,ubisoft.com,BROAD,Just Dance Now,100M+,Public (EPA: UBI),"San Francisco music games",Dance rhythm games
1158,THQ Nordic USA,thqnordic.com,BROAD,SpongeBob games,50M+ total,Embracer subsidiary,"Boston licensed IP games",Licensed cartoon games
1159,505 Games USA,505games.com,BROAD,Terraria Mobile,30M+,VC-backed,"Calabasas indie publisher",Indie game publishing
1160,Devolver Digital,devolverdigital.com,BROAD,Cult of the Lamb,10M+,Private,"Austin indie publisher",Indie game publishing
1161,thatgamecompany,thatgamecompany.com,BROAD,Sky Children,50M+,VC-backed,"Santa Monica art games studio",Artistic exploration
1162,Annapurna Interactive,annapurnainteractive.com,BROAD,Florence,5M+,Annapurna Pictures,"LA indie publisher",Premium indie games
1163,Raw Fury,rawfury.com,BROAD,Bad North,5M+,VC-backed,"Stockholm/LA indie publisher",Indie strategy games
1164,Noodlecake Studios,noodlecake.com,BROAD,Alto's Odyssey,50M+,Private,"Saskatoon indie publisher",Premium endless runner
1165,Amanita Design,amanita-design.net,BROAD,Machinarium,5M+,Private,"Czech/US indie studio",Puzzle adventure
1166,The Game Band,thegameband.com,BROAD,Where Cards Fall,5M+,Apple Arcade,"LA narrative puzzle studio",Premium puzzle
1167,Snowman,snowman.io,BROAD,Alto's Adventure,50M+,Private,"Toronto indie publisher",Premium endless runner
1168,Simogo,simogo.com,BROAD,Sayonara Wild,5M+,Private,"Sweden/Apple Arcade indie",Premium artistic games
1169,Capybara Games,capybaragames.com,BROAD,Super Brothers,5M+,Private,"Toronto indie studio",Premium indie games
1170,Klei Entertainment,klei.com,BROAD,Don't Starve,30M+ total,Tencent minority,"Vancouver survival studio",Survival crafting
1171,Double Fine,doublefine.com,BROAD,Psychonauts,10M+ total,Microsoft subsidiary,"San Francisco adventure studio",Action adventure
1172,Insomniac Games,insomniacgames.com,BROAD,Spider-Man mobile,10M+,Sony subsidiary,"Burbank action studio",Superhero action
1173,Santa Monica Studio,sms.playstation.com,BROAD,God of War mobile,10M+,Sony subsidiary,"LA action adventure studio",Action adventure
1174,Naughty Dog,naughtydog.com,BROAD,Uncharted,10M+ total,Sony subsidiary,"Santa Monica action studio",Action adventure
1175,Sucker Punch,suckerpunch.com,BROAD,Ghost of Tsushima,5M+,Sony subsidiary,"Bellevue action studio",Samurai action
1176,Respawn Entertainment,respawn.com,BROAD,Apex Legends Mobile,50M+,EA subsidiary,"LA shooter studio with Apex",Battle royale shooter
1177,DICE LA,dice.se,BROAD,Battlefield Mobile,20M+,EA subsidiary,"LA FPS studio",Battlefield mobile
1178,PopCap Games,popcap.com,ADJACENT,Plants vs Zombies 2,100M+,EA subsidiary,"Seattle casual games pioneer",Tower defense casual
1179,BioWare,bioware.com,BROAD,Mass Effect mobile,10M+,EA subsidiary,"Edmonton RPG studio",Sci-fi RPG
1180,Maxis,ea.com/maxis,BROAD,The Sims Mobile,50M+,EA subsidiary,"Emeryville simulation studio",Life simulation
1181,Criterion Games,criteriongames.com,BROAD,Need for Speed Mobile,30M+,EA subsidiary,"UK racing studio",Racing games
1182,Codemasters,codemasters.com,BROAD,F1 Mobile Racing,50M+,EA subsidiary,"UK racing studio",Formula 1 racing
1183,Firemonkeys,firemonkeys.com.au,BROAD,Real Racing 3,500M+,EA subsidiary,"Melbourne racing studio",AAA mobile racing
1184,Industrial Toys,industrialtoys.com,BROAD,Midnight Star,5M+,EA subsidiary,"Pasadena FPS mobile studio",Sci-fi shooter
1185,Kixeye,kixeye.com,WHITEOUT SIMILAR,Battle Pirates,50M+,Private,"San Francisco strategy studio",Strategy war games
1186,Plarium US,plarium.com,ADJACENT,Vikings War,50M+,Aristocrat subsidiary,"Santa Monica strategy RPG",Strategy MMO
1187,Warner Bros Games,wbgames.com,BROAD,Mortal Kombat Mobile,50M+,Warner Bros Discovery,"Burbank fighting games",Fighting action
1188,NetherRealm,netherrealm.com,BROAD,Injustice 2 Mobile,30M+,Warner Bros,"Chicago fighting studio",Superhero fighting
1189,Rocksteady,rocksteadyltd.com,BROAD,Batman Arkham,10M+,Warner Bros,"UK superhero studio",Superhero action
1190,Avalanche Studios,avalanchestudios.com,BROAD,Just Cause Mobile,10M+,Nordisk subsidiary,"Stockholm/NYC action studio",Open-world action
1191,Turtle Rock Studios,turtlerockstudios.com,BROAD,Back 4 Blood,5M+,Private,"Lake Forest shooter studio",Co-op shooter
1192,Crystal Dynamics,crystaldynamics.com,BROAD,Tomb Raider mobile,10M+,Embracer subsidiary,"Redwood City action studio",Action adventure
1193,Eidos Montreal,eidosmontreal.com,BROAD,Deus Ex mobile,5M+,Embracer subsidiary,"Montreal action RPG studio",Sci-fi RPG
1194,People Can Fly US,peoplecanfly.com,BROAD,Outriders mobile,5M+,Public (WSE),"NYC shooter studio",Looter shooter
1195,Obsidian Entertainment,obsidian.net,BROAD,Fallout shelter,10M+,Microsoft subsidiary,"Irvine RPG studio",RPG games
1196,inXile Entertainment,inxile.net,BROAD,Wasteland mobile,5M+,Microsoft subsidiary,"Newport Beach RPG studio",Post-apocalyptic RPG
1197,Bethesda Mobile,bethesda.net,BROAD,Elder Scrolls Blades,20M+,Microsoft subsidiary,"Rockville RPG studio",Fantasy RPG mobile
1198,id Software,idsoftware.com,BROAD,DOOM mobile,10M+,Microsoft subsidiary,"Dallas FPS pioneer",Classic FPS
1199,Arkane Studios,arkane-studios.com,BROAD,Deathloop mobile,5M+,Microsoft subsidiary,"Lyon/Austin action studio",Action immersive sim
1200,Ninja Theory,ninjatheory.com,BROAD,Hellblade,5M+,Microsoft subsidiary,"Cambridge action studio",Action adventure
1201,Turn 10 Studios,turn10studios.com,BROAD,Forza Street,20M+,Microsoft subsidiary,"Redmond racing studio",Racing simulation
1202,Playground Games,playground-games.com,BROAD,Forza Horizon mobile,10M+,Microsoft subsidiary,"UK racing studio",Open-world racing
1203,The Coalition,thecoalition.com,BROAD,Gears POP,10M+,Microsoft subsidiary,"Vancouver shooter studio",Action shooter
1204,343 Industries,343industries.com,BROAD,Halo mobile,10M+,Microsoft subsidiary,"Redmond Halo studio",Sci-fi shooter
1205,Compulsion Games,compulsiongames.com,BROAD,We Happy Few,5M+,Microsoft subsidiary,"Montreal narrative studio",Narrative adventure
1206,Double Helix Games,doublehelixgames.com,BROAD,Various titles,10M+ total,Amazon subsidiary,"Irvine action studio",Action games
1207,Ready at Dawn,readyatdawn.com,BROAD,Lone Echo mobile,5M+,Meta subsidiary,"Irvine VR studio",VR action games
1208,Beat Games,beatgames.com,BROAD,Beat Saber,10M+,Meta subsidiary,"Czech VR rhythm studio",VR rhythm game
1209,Twisted Pixel,twistedpixelgames.com,BROAD,Various titles,5M+,Private,"Austin action studio",Action platform
1210,Harmonix,harmonixmusic.com,BROAD,Rock Band,10M+ total,Epic Games subsidiary,"Boston rhythm games pioneer",Music rhythm games
1211,DrinkBox Studios,drinkboxstudios.com,BROAD,Guacamelee,5M+,Private,"Toronto action platformer",Action metroidvania
1212,Yacht Club Games,yachtclubgames.com,BROAD,Shovel Knight,5M+,Private,"LA indie platformer studio",Retro platformer
1213,WayForward,wayforward.com,BROAD,Shantae,5M+,Private,"Valencia action platformer",Platform adventure
1214,Moon Studios,moonstudios.com,BROAD,Ori mobile,5M+,Private,"Vienna/LA platformer studio",Artistic platformer
1215,Team Cherry,teamcherry.com.au,BROAD,Hollow Knight,10M+,Private,"Adelaide metroidvania",Dark metroidvania
1216,Supergiant Games,supergiantgames.com,BROAD,Hades,10M+,Private,"San Francisco roguelike",Action roguelike
1217,ConcernedApe,stardewvalley.net,BROAD,Stardew Valley,30M+,Private,"Seattle farming RPG",Farming simulation
1218,Re-Logic,re-logic.com,BROAD,Terraria,50M+,Private,"Indiana sandbox studio",Sandbox adventure
1219,Mojang Studios,mojang.com,BROAD,Minecraft,300M+,Microsoft subsidiary,"Stockholm sandbox pioneer",Sandbox building
1220,Innersloth,innersloth.com,BROAD,Among Us,500M+,Private,"Redmond social deduction",Social deduction game
1221,Landfall,landfall.se,BROAD,Totally Accurate,50M+,Private,"Stockholm physics games",Physics comedy games
1222,Coffee Stain,coffeestain.com,BROAD,Goat Simulator,50M+,Embracer subsidiary,"Skövde comedy games",Comedy simulation
1223,Hello Games,hellogames.org,BROAD,No Man's Sky mobile,10M+,Private,"UK exploration studio",Space exploration
1224,Behaviour Interactive,bhvr.com,BROAD,Dead by Daylight,50M+,Private,"Montreal horror studio",Asymmetric horror
1225,Iron Galaxy,irongalaxystudios.com,BROAD,Various ports,30M+ total,Private,"Chicago port studio",Game porting
1226,Tripwire Interactive,tripwireinteractive.com,BROAD,Killing Floor,10M+,Private,"Roswell GA shooter studio",Co-op shooter
1227,Digital Extremes,digitalextremes.com,BROAD,Warframe Mobile,10M+,Tencent subsidiary,"London ON free-to-play pioneer",F2P action RPG
1228,Grinding Gear Games,grindinggear.com,ADJACENT,Path of Exile Mobile,10M+,Tencent subsidiary,"NZ action RPG studio",Diablo-style ARPG
1229,Massive Entertainment,massive.se,BROAD,The Division Mobile,10M+,Ubisoft subsidiary,"Malmö open-world studio",Looter shooter
1230,Red Storm,redstorm.com,BROAD,Rainbow Six Mobile,30M+,Ubisoft subsidiary,"NC tactical shooter studio",Tactical shooter
1231,Ubisoft Montreal,ubisoft.com,BROAD,Assassin's Creed mobile,50M+,Public (EPA: UBI),"Montreal action adventure studio",Historical action
1232,Ubisoft Toronto,ubisoft.com,BROAD,Splinter Cell mobile,10M+,Public (EPA: UBI),"Toronto stealth studio",Stealth action
1233,Ubisoft Annecy,ubisoft.com,BROAD,Steep mobile,5M+,Public (EPA: UBI),"French extreme sports studio",Extreme sports
1234,Ubisoft Paris,ubisoft.com,BROAD,Ghost Recon mobile,10M+,Public (EPA: UBI),"Paris tactical shooter studio",Tactical shooter
1235,Ubisoft Bucharest,ubisoft.com,BROAD,Brawlhalla,100M+,Public (EPA: UBI),"Romanian fighting studio",Platform fighter
1236,Ubisoft Barcelona,ubisoft.com,BROAD,Far Cry mobile,10M+,Public (EPA: UBI),"Spanish open-world studio",Open-world shooter
1237,Ubisoft Kyiv,ubisoft.com,BROAD,Prince of Persia mobile,10M+,Public (EPA: UBI),"Ukrainian action studio",Action platformer
1238,Ubisoft Abu Dhabi,ubisoft.com,BROAD,CSR Racing,50M+,Public (EPA: UBI),"UAE racing games studio",Drag racing
1239,Blue Byte,bluebyte.de,BROAD,The Settlers mobile,10M+,Ubisoft subsidiary,"German strategy studio",City-building strategy
1240,Owlient,owlient.com,BROAD,Howrse,30M+,Ubisoft subsidiary,"French horse breeding games",Virtual pet simulation
1241,Ketchapp Games,ketchappgames.com,BROAD,Knife Hit,500M+ total,Ubisoft subsidiary,"Paris hypercasual pioneer",Hypercasual arcade
1242,Green Panda Games,greenpandagames.com,BROAD,Idle Coffee Corp,50M+,Ubisoft subsidiary,"Paris idle games studio",Idle simulation
1243,1492 Studio,1492studio.com,BROAD,Hungry Shark World,200M+,Ubisoft subsidiary,"Paris arcade games studio",Arcade eating games
1244,Virtuos Games,virtuosgames.com,BROAD,Port studio,100M+ reach,Private,"Singapore AAA support studio",AAA mobile ports
1245,Larian Studios,larian.com,BROAD,Baldur's Gate 3 mobile,10M+,Private,"Belgium RPG studio",RPG adventure
1246,Spiders,spiders-games.com,BROAD,Greedfall mobile,5M+,Private,"Paris RPG studio",Action RPG
1247,Focus Entertainment,focus-entertainment.com,BROAD,A Plague Tale mobile,5M+,Public (EPA: ALFOC),"Paris publisher",Narrative action
1248,Dontnod,dont-nod.com,BROAD,Life is Strange mobile,10M+,Public (EPA: ALDNE),"Paris narrative studio",Narrative adventure
1249,Amplitude Studios,amplitude-studios.com,BROAD,Endless Space mobile,5M+,Sega subsidiary,"Paris 4X strategy studio",4X strategy
1250,Paradox Interactive,paradoxplaza.com,BROAD,Cities Skylines mobile,10M+,Public (STO: PDX),"Stockholm strategy publisher",Grand strategy
1251,Haemimont Games,haemimont-games.com,BROAD,Tropico mobile,5M+,Private,"Bulgarian strategy studio",City-building strategy
1252,Wargaming,wargaming.net,BROAD,World of Tanks Blitz,200M+,Private,"Nicosia military games",Tank battle MMO
1253,Gaijin Entertainment,gaijin.net,BROAD,War Thunder Mobile,50M+,Private,"Budapest military games",Military simulation
1254,Mail.ru Games,games.mail.ru,BROAD,Warface GO,30M+,MY.GAMES,"Russian FPS publisher",F2P shooter
1255,4A Games,4a-games.com.mt,BROAD,Metro mobile,5M+,Saber subsidiary,"Ukrainian FPS studio",Post-apocalyptic FPS
1256,GSC Game World,gsc-game.com,BROAD,STALKER mobile,5M+,Private,"Ukrainian survival studio",Survival shooter
1257,Frogwares,frogwares.com,BROAD,Sherlock Holmes,5M+,Private,"Ukrainian adventure studio",Detective adventure
1258,Nacon,nacon.com,BROAD,WRC mobile,10M+,Public (EPA: NACON),"French racing publisher",Rally racing
1259,505 Games Mobile,505games.com,BROAD,Brothers mobile,5M+,Digital Bros subsidiary,"Milan indie publisher",Premium indie games
1260,Digital Bros,digitalbros.com,BROAD,Various titles,20M+ total,Public (BIT: DIB),"Milan publisher",Multi-genre publisher
1261,Koch Media,kochmedia.com,BROAD,Various titles,30M+ total,Embracer subsidiary,"Munich publisher",Multi-genre publisher
1262,THQ Nordic,thqnordic.com,BROAD,Darksiders mobile,10M+,Embracer subsidiary,"Vienna action RPG publisher",Action adventure
1263,Gearbox,gearboxsoftware.com,BROAD,Borderlands mobile,10M+,Embracer subsidiary,"Frisco TX looter shooter",Looter shooter
1264,Saber Interactive,saber.games,BROAD,World War Z Mobile,10M+,Embracer subsidiary,"St Petersburg action studio",Co-op zombie shooter
1265,Deep Silver,deepsilver.com,BROAD,Saints Row mobile,10M+,Koch Media,"Munich action publisher",Open-world action
1266,Piranha Bytes,piranha-bytes.com,BROAD,Gothic mobile,5M+,THQ Nordic,"German RPG studio",Open-world RPG
1267,Milestone,milestone.it,BROAD,MotoGP mobile,10M+,Koch Media,"Milan racing studio",Motorcycle racing
1268,HandyGames,handy-games.com,BROAD,Little Nightmares mobile,10M+,THQ Nordic,"German mobile publisher",Premium mobile
1269,Blackwell,blackwellgames.com,BROAD,Various titles,5M+,Private,"LA adventure studio",Adventure games
1270,Asobo Studio,asobostudio.com,BROAD,A Plague Tale mobile,5M+,Private,"Bordeaux action studio",Narrative action
1271,Tango Gameworks,tangogameworks.com,BROAD,Ghostwire mobile,5M+,Microsoft subsidiary,"Tokyo action horror",Horror action
1272,Tarsier Studios,tarsierstudios.com,BROAD,Little Nightmares,10M+,Embracer subsidiary,"Malmö horror studio",Puzzle horror
1273,Blooming Point,bloomingpoint.io,BROAD,Various titles,5M+,Private,"Berlin casual studio",Casual games
1274,AppMagic,appmagic.rocks,BROAD,Analytics platform,500M+ reach,Private,"Tel Aviv mobile analytics",Mobile analytics
1275,Sensor Tower,sensortower.com,BROAD,Analytics platform,500M+ reach,Private,"SF mobile analytics",Mobile analytics
1276,Data.ai,data.ai,BROAD,Analytics platform,1B+ reach,Private,"SF mobile analytics",Mobile analytics
1277,Apptopia,apptopia.com,BROAD,Analytics platform,500M+ reach,Private,"Boston mobile analytics",Mobile analytics
1278,GameAnalytics,gameanalytics.com,BROAD,Analytics platform,500M+ reach,Private,"Copenhagen game analytics",Game analytics
1279,Adjust,adjust.com,BROAD,Attribution platform,500M+ reach,AppLovin subsidiary,"Berlin mobile attribution",Mobile attribution
1280,AppsFlyer,appsflyer.com,BROAD,Attribution platform,1B+ reach,Private,$2B valuation,"SF mobile attribution",Mobile attribution
1281,ironSource,ironsrc.com,BROAD,Monetization platform,1B+ reach,Unity merger,"Tel Aviv ad tech",Mobile monetization
1282,Chartboost,chartboost.com,BROAD,Ad platform,500M+ reach,Zynga subsidiary,"SF mobile ads",Mobile advertising
1283,AdColony,adcolony.com,BROAD,Video ads,500M+ reach,Digital Turbine,"LA mobile video ads",Video advertising
1284,Digital Turbine,digitalturbine.com,BROAD,App distribution,1B+ reach,Public (NASDAQ: APPS),"Austin app distribution",App distribution
1285,Liftoff,liftoff.io,BROAD,User acquisition,500M+ reach,Private,"Redwood City mobile UA",User acquisition
1286,Moloco,moloco.com,BROAD,Machine learning UA,500M+ reach,Private,$150M+ funded,"Redwood City ML ads",Machine learning ads
1287,Tapjoy,tapjoy.com,BROAD,Rewarded ads,500M+ reach,ironSource,"SF rewarded video",Rewarded advertising
1288,Vungle,vungle.com,BROAD,Video ads,500M+ reach,Digital Turbine,"SF video ads platform",Video advertising
1289,InMobi,inmobi.com,BROAD,Mobile advertising,1B+ reach,Private,"Bangalore mobile ads",Mobile advertising
1290,Fyber,fyber.com,BROAD,Mediation platform,500M+ reach,Digital Turbine,"Berlin ad mediation",Ad mediation
1291,Unity Ads,unity.com,BROAD,Game advertising,3B+ reach,Public (NYSE: U),"SF game ads platform",Game advertising
1292,Facebook Gaming,facebook.com/gaming,BROAD,Gaming platform,2B+ reach,Meta subsidiary,"Menlo Park gaming",Social gaming platform
1293,Google Play Pass,play.google.com,BROAD,Gaming subscription,100M+ reach,Alphabet subsidiary,"Mountain View gaming",Gaming subscription
1294,Amazon Appstore,amazon.com,BROAD,App distribution,500M+ reach,Amazon subsidiary,"Seattle app store",App distribution
1295,Huawei AppGallery,appgallery.huawei.com,BROAD,App distribution,500M+ reach,Huawei subsidiary,"Shenzhen app store",App distribution
1296,Samsung Galaxy Store,galaxystore.samsung.com,BROAD,App distribution,300M+ reach,Samsung subsidiary,"Seoul app store",App distribution
1297,Xiaomi GetApps,getapps.xiaomi.com,BROAD,App distribution,500M+ reach,Xiaomi subsidiary,"Beijing app store",App distribution
1298,Oppo App Market,oppo.com,BROAD,App distribution,300M+ reach,Oppo subsidiary,"Dongguan app store",App distribution
1299,Vivo App Store,vivo.com,BROAD,App distribution,200M+ reach,Vivo subsidiary,"Dongguan app store",App distribution
1300,TapTap,taptap.io,BROAD,Game discovery,100M+ reach,XD Inc,"Shanghai game platform",Game discovery platform
1301,Miniclip SA,miniclip.com,BROAD,Agar.io,200M+,Tencent subsidiary,"Neuchatel casual games",IO multiplayer games
1302,SYBO Games,sybo.dk,BROAD,Subway Surfers,3B+,Miniclip subsidiary,"Copenhagen endless runner",Endless runner pioneer
1303,Kiloo,kiloo.com,BROAD,Subway Surfers,3B+ total,Miniclip partnership,"Aarhus endless runner",Endless runner pioneer
1304,Fingersoft Oy,fingersoft.com,BROAD,Hill Climb Racing 2,500M+,Private,"Oulu racing games",Physics arcade racing
1305,Frogmind Oy,frogmind.com,BROAD,Badland 2,30M+,Supercell partnership,"Helsinki physics games",Physics action games
1306,Critical Force,criticalforce.fi,BROAD,Critical Ops,100M+,Private,"Kajaani FPS mobile",Mobile FPS shooter
1307,Grand Cru,grandcrugames.com,BROAD,Supernauts,10M+,VC-backed,"Helsinki strategy games",Building strategy
1308,Traplight,traplight.fi,BROAD,Battle Legion,10M+,Private,"Jyväskylä idle battle",Auto-battler games
1309,Futureplay,futureplaygames.com,BROAD,Merge Gardens,30M+,Zynga subsidiary,"Helsinki merge games",Merge simulation
1310,Seriously Digital,seriously.com,ADJACENT,Best Fiends Stars,30M+,Playtika subsidiary,"Helsinki match-3",Match-3 puzzle
1311,Lightneer,lightneer.com,BROAD,Big Bang Legends,5M+,VC-backed,"Helsinki educational",Educational games
1312,Kukouri,kukouri.com,BROAD,Pixel Worlds,10M+,Private,"Tampere sandbox games",Social sandbox
1313,Zen Studios,zenstudios.com,BROAD,Zen Pinball,50M+,Private,"Budapest pinball games",Digital pinball
1314,Nevosoft,nevosoft.com,ADJACENT,Gardens Inc,50M+,VC-backed,"St Petersburg casual",Time management games
1315,Creative Mobile,creative.ee,BROAD,Drag Racing,100M+,CM Games,"Tallinn racing games",Drag racing games
1316,Herocraft,herocraft.com,BROAD,Farm Frenzy,100M+,Private,"Russian casual publisher",Farm management
1317,Nekki,nekki.com,BROAD,Shadow Fight 3,500M+,Private,"St Petersburg fighting",Fighting action
1318,JETKITE,jetkite.com,WHITEOUT SIMILAR,Shelter War,20M+,VC-backed,"Moscow survival games",Shelter survival
1319,Playrix Holding,playrix.com,ADJACENT,Homescapes,500M+,$7B valuation,"Vologda match-3 giant",Match-3 renovation
1320,Game Insight,game-insight.com,BROAD,Paradise Island,50M+,VC-backed,"Vilnius simulation",City-building simulation
1321,Nordcurrent,nordcurrent.com,BROAD,Cooking Fever,200M+,Private,"Vilnius cooking games",Restaurant cooking
1322,10tons,10tons.com,BROAD,Crimsonland,10M+,Private,"Tampere twin-stick shooter",Twin-stick shooter
1323,Housemarque,housemarque.com,BROAD,Nex Machina,5M+,Sony subsidiary,"Helsinki arcade shooter",Arcade shooter
1324,Facepalm Games,facepalmgames.com,BROAD,The Swapper,5M+,Private,"Helsinki puzzle platform",Puzzle platformer
1325,Almost Human,almosthuman.fi,BROAD,Legend of Grimrock,5M+,Private,"Helsinki dungeon crawler",Dungeon crawler
1326,Colossal Order,colossalorder.fi,BROAD,Cities Skylines,30M+ total,Paradox subsidiary,"Tampere city builder",City-building simulation
1327,Nitrome,nitrome.com,BROAD,Leap Day,20M+,Private,"London pixel games",Pixel platformer
1328,Bossa Studios,bossastudios.com,BROAD,I Am Bread,10M+,Private,"London comedy games",Comedy simulation
1329,Mediatonic,mediatonic.co.uk,BROAD,Fall Guys,50M+,Epic Games subsidiary,"London party games",Party battle royale
1330,Hello Games Ltd,hellogames.org,BROAD,No Man's Sky,50M+ total,Private,"Guildford exploration",Space exploration
1331,Revolution Software,revolution.co.uk,BROAD,Broken Sword,5M+,Private,"York adventure games",Point-and-click
1332,Frontier Developments,frontier.co.uk,BROAD,Jurassic World,30M+,Public (LON: FDEV),"Cambridge simulation",Theme park simulation
1333,Sumo Digital Ltd,sumodigital.com,BROAD,Team Sonic Racing,10M+,Tencent subsidiary,"Sheffield racing games",Kart racing
1334,Sports Interactive,sigames.com,BROAD,Football Manager,30M+,Sega subsidiary,"London sports simulation",Football management
1335,Creative Assembly,creative-assembly.com,BROAD,Total War mobile,10M+,Sega subsidiary,"Horsham strategy games",Grand strategy
1336,Rebellion,rebellion.com,BROAD,Sniper Elite,20M+ total,Private,"Oxford shooter games",Tactical shooter
1337,TT Games,ttgames.com,BROAD,LEGO games,200M+ total,Warner Bros,"Knutsford LEGO games",LEGO action adventure
1338,Media Molecule,mediamolecule.com,BROAD,LittleBigPlanet,30M+ total,Sony subsidiary,"Guildford creation games",Creative platform
1339,Jagex Cambridge,jagex.com,BROAD,RuneScape Mobile,20M+,Carlyle Group,"Cambridge MMORPG",Classic MMORPG
1340,Rare,rare.co.uk,BROAD,Sea of Thieves mobile,10M+,Microsoft subsidiary,"Twycross adventure games",Pirate adventure
1341,Traveller's Tales,ttfusion.com,BROAD,LEGO Star Wars,50M+ total,Warner Bros,"Knutsford LEGO games",LEGO adventure
1342,Fireproof Games,fireproofgames.com,ADJACENT,The Room,30M+,Private,"Guildford puzzle games",Puzzle mystery
1343,ustwo games,ustwogames.co.uk,ADJACENT,Monument Valley 2,30M+,Private,"London puzzle games",Artistic puzzler
1344,Chucklefish,chucklefish.org,BROAD,Stardew publisher,50M+ reach,Private,"London indie publisher",Indie publishing
1345,Team17,team17.com,BROAD,Worms 4,30M+,Public (LON: TM17),"Wakefield indie publisher",Artillery strategy
1346,Aardman Animations,aardman.com,BROAD,Shaun the Sheep,10M+,Private,"Bristol animated games",Animated games
1347,Playdemic,playdemic.com,BROAD,Golf Clash,80M+,EA subsidiary,"Manchester golf games",Golf simulation
1348,Playdemic EA,playdemic.com,BROAD,Golf Clash eSports,80M+,EA subsidiary,"Manchester golf eSports",Competitive golf
1349,King Barcelona,king.com,ADJACENT,Pet Rescue Saga,200M+,Activision subsidiary,"Barcelona match-3",Match-3 puzzle
1350,King Stockholm,king.com,ADJACENT,Candy Crush Soda,200M+,Activision subsidiary,"Stockholm match-3",Match-3 puzzle
1351,King London,king.com,ADJACENT,Farm Heroes Saga,200M+,Activision subsidiary,"London match-3",Match-3 puzzle
1352,King Berlin,king.com,ADJACENT,Bubble Witch 3,100M+,Activision subsidiary,"Berlin match-3",Match-3 puzzle
1353,Supercell Shanghai,supercell.com,BROAD,Clash support,500M+ reach,Tencent subsidiary,"Shanghai mobile games",Strategy games support
1354,Tencent Timi Studio,timi.qq.com,BROAD,Honor of Kings,500M+,Tencent subsidiary,"Shenzhen MOBA games",MOBA pioneer
1355,Tencent Lightspeed,lightspeed.qq.com,BROAD,PUBG Mobile CN,500M+,Tencent subsidiary,"Shenzhen battle royale",Battle royale
1356,Tencent TiMi J6,timi.qq.com,BROAD,Arena of Valor,200M+,Tencent subsidiary,"Shenzhen MOBA",MOBA battle arena
1357,NetEase Thunder Fire,thunderfire.163.com,BROAD,Identity V,100M+,NetEase subsidiary,"Hangzhou asymmetric",Asymmetric horror
1358,NetEase Blizzard,163.com,ADJACENT,Diablo support CN,50M+,NetEase subsidiary,"Hangzhou Blizzard games",ARPG support
1359,Lilith Shanghai,lilithgames.com,BROAD,Dislyte,50M+,Private,"Shanghai turn-based RPG",Turn-based gacha
1360,Century Games,centurygames.com,WHITEOUT SIMILAR,Frozen City,50M+,VC-backed,"Beijing survival games",Ice survival
1361,Yotta Games,yottagames.com,WHITEOUT SIMILAR,Mafia City,100M+,Private,"Hangzhou strategy games",Mafia strategy
1362,tap4fun,tap4fun.com,WHITEOUT SIMILAR,War and Order,50M+,Public (HKG: 6820),"Chengdu strategy games",Strategy MMO
1363,FunPlus Beijing,funplus.com,WHITEOUT SIMILAR,State of Survival,200M+,$86M Series B,"Beijing survival strategy",Zombie survival
1364,FunPlus SG,funplus.com,BROAD,Call of Antia,30M+,FunPlus subsidiary,"Singapore mobile games",Match-3 RPG
1365,4399 Mobile,4399.com,BROAD,Various casual,200M+ total,Private,"Xiamen casual games",Casual portal
1366,Elex Technology,elex-tech.com,BROAD,Clash of Kings,100M+,Public (SZX: 002354),"Beijing strategy games",Strategy MMO
1367,Longtu Korea,longtu.kr,BROAD,Various titles,30M+ total,Public (KOSDAQ),"Seoul mobile publisher",Strategy publisher
1368,Joycity,joycity.com,BROAD,Gunship Battle,100M+,Public (KOSDAQ),"Seoul shooter games",Combat simulation
1369,Kakao Games EU,kakaogames.com,BROAD,Black Desert EU,10M+,Public (KOSDAQ),"Amsterdam MMORPG",Western MMORPG
1370,Netmarble Monster,netmarble.com,ADJACENT,Ni no Kuni,30M+,Public (KOSDAQ),"Seoul JRPG mobile",JRPG adventure
1371,Netmarble Nexus,netmarble.com,ADJACENT,MARVEL Future Fight,100M+,Public (KOSDAQ),"Seoul superhero RPG",Marvel action RPG
1372,Com2uS Holdings,com2us.com,BROAD,Summoners War Lost,30M+,Public (KOSDAQ),"Seoul gacha RPG",Turn-based gacha
1373,Devsisters Corp,devsisters.com,ADJACENT,Cookie Run Ovenbreak,100M+,Public (KOSDAQ),"Seoul runner RPG",Running gacha
1374,Neople,neople.co.kr,BROAD,DNF Duel Mobile,20M+,Nexon subsidiary,"Seoul action RPG",Beat-em-up action
1375,Nexon Korea,nexon.com,BROAD,KartRider Rush,50M+,Public (KOSDAQ),"Seoul kart racing",Kart racing
1376,NCSoft Mobile,ncsoft.com,BROAD,Lineage W,30M+,Public (KOSDAQ),"Seoul MMORPG mobile",Mobile MMORPG
1377,Pearl Abyss Black,pearlabyss.com,BROAD,Black Desert Online,50M+,Public (KOSDAQ),"Seoul MMORPG",Open-world MMORPG
1378,Smilegate RPG,smilegate.com,BROAD,Lost Ark Mobile,20M+,Private,"Seoul action MMORPG",Isometric MMORPG
1379,Webzen Inc,webzen.com,BROAD,MU Miracle,20M+,Public (KOSDAQ),"Seoul dark fantasy",Dark fantasy MMORPG
1380,Wemade,wemade.com,BROAD,MIR4,50M+,Public (KOSDAQ),"Seoul blockchain MMORPG",Blockchain MMORPG
1381,Krafton Inc,krafton.com,BROAD,PUBG New State,50M+,Public (KOSDAQ),"Seoul battle royale",Battle royale shooter
1382,Bluehole,bluehole.net,BROAD,TERA Mobile,20M+,Krafton subsidiary,"Seoul action MMORPG",Action MMORPG
1383,RisingWings,risingwings.co.kr,BROAD,Golf King,30M+,Krafton subsidiary,"Seoul golf games",Golf simulation
1384,Unknown Worlds,unknownworlds.com,BROAD,Subnautica mobile,10M+,Krafton subsidiary,"SF survival games",Underwater survival
1385,Striking Distance,strikingdistancestudios.com,BROAD,Callisto Protocol,5M+,Krafton subsidiary,"SF horror games",Horror survival
1386,5minlab,5minlab.com,BROAD,Various titles,10M+,Krafton subsidiary,"Seoul mobile studio",Mobile development
1387,Garena Free Fire,garena.com,BROAD,Free Fire MAX,500M+,Sea Group subsidiary,"Singapore battle royale",Battle royale
1388,Garena Speed,garena.com,BROAD,Speed Drifters,50M+,Sea Group subsidiary,"Singapore racing",Racing drifting
1389,Garena AOV,garena.com,BROAD,AOV Thailand,100M+,Sea Group subsidiary,"Singapore MOBA",MOBA battle arena
1390,Moonton Indonesia,moonton.com,BROAD,MLBB Indonesia,500M+ reach,ByteDance subsidiary,"Jakarta MOBA",MOBA publishing
1391,Tencent Thailand,tencent.com,BROAD,PUBG Mobile TH,100M+ reach,Tencent subsidiary,"Bangkok gaming",Battle royale publishing
1392,Tencent Vietnam,tencent.com,BROAD,Arena of Valor VN,50M+ reach,Tencent subsidiary,"HCMC gaming",MOBA publishing
1393,Tencent Indonesia,tencent.com,BROAD,PUBG Mobile ID,100M+ reach,Tencent subsidiary,"Jakarta gaming",Battle royale publishing
1394,Tencent Philippines,tencent.com,BROAD,Mobile Legends PH,50M+ reach,Tencent subsidiary,"Manila gaming",MOBA publishing
1395,Tencent Japan,tencent.com,BROAD,Arena of Valor JP,30M+ reach,Tencent subsidiary,"Tokyo gaming",MOBA publishing
1396,Tencent Americas,tencent.com,BROAD,Level Infinite,100M+ reach,Tencent subsidiary,"LA publishing",Global publishing
1397,Level Infinite,levelinfinite.com,BROAD,Tower of Fantasy,30M+,Tencent subsidiary,"Amsterdam publishing",Global publishing
1398,Hotta Studio,hotta.game,BROAD,Tower of Fantasy,30M+,Tencent subsidiary,"Hangzhou gacha RPG",Open-world gacha
1399,miHoYo Genshin,hoyoverse.com,BROAD,Genshin Impact,100M+,Private $30B,"Shanghai open-world gacha",Open-world gacha
1400,miHoYo Star Rail,hoyoverse.com,BROAD,Honkai Star Rail,50M+,Private $30B,"Shanghai turn-based gacha",Turn-based RPG
1401,miHoYo Impact,hoyoverse.com,ADJACENT,Honkai Impact 3rd,50M+,Private $30B,"Shanghai action gacha",Action gacha RPG
1402,miHoYo ZZZ,hoyoverse.com,BROAD,Zenless Zone Zero,30M+,Private $30B,"Shanghai action RPG",Urban action gacha
1403,Cognosphere,cognosphere.com,BROAD,HoYoverse Global,200M+ reach,HoYoverse subsidiary,"Singapore global publishing",Global publishing
1404,Yostar Japan,yo-star.co.jp,ADJACENT,Arknights JP,30M+,Yostar subsidiary,"Tokyo tower defense",Tower defense gacha
1405,Yostar Limited,yo-star.com,ADJACENT,Azur Lane Global,30M+,VC-backed,"Shanghai shipgirl gacha",Naval collection
1406,Manjuu,manjuu.com,ADJACENT,Azur Lane,50M+,Yostar partnership,"Shanghai shipgirl games",Shipgirl gacha
1407,Hypergryph,hypergryph.com,ADJACENT,Arknights,50M+,VC-backed,"Shanghai tower defense",Tower defense gacha
1408,Sunborn Network,sunborngame.com,ADJACENT,Girls' Frontline,30M+,VC-backed,"Shanghai tactical RPG",Tactical gacha
1409,Papergames,papergames.net,ADJACENT,Shining Nikki,30M+,VC-backed,"Suzhou dress-up games",Fashion gacha
1410,Infold Games,infoldgames.com,ADJACENT,Reverse 1999,20M+,VC-backed,"Beijing turn-based RPG",Turn-based gacha
1411,XD Global,xd.com,BROAD,Torchlight Infinite,20M+,Public (HKG: 2400),"Shanghai action RPG",Action RPG
1412,NetEase Games,neteasegames.com,BROAD,Naraka Bladepoint,50M+,Public (NASDAQ: NTES),"Hangzhou action battle",Battle royale action
1413,NetEase Eggy,neteasegames.com,BROAD,Eggy Party,50M+,Public (NASDAQ: NTES),"Hangzhou party games",Party fall guys
1414,NetEase Ace,neteasegames.com,BROAD,Ace Racer,30M+,Public (NASDAQ: NTES),"Hangzhou racing games",Racing simulation
1415,NetEase Battle,neteasegames.com,BROAD,Badlanders,20M+,Public (NASDAQ: NTES),"Hangzhou extraction shooter",Extraction shooter
1416,Perfect World,pwrd.com,BROAD,Tower of Fantasy CN,30M+,Public (SZX: 002624),"Beijing open-world RPG",Open-world gacha
1417,Tencent Games PUBG,tencent.com,BROAD,PUBG Mobile Global,1B+,Public (HKG: 0700),"Shenzhen battle royale",Battle royale shooter
1418,Tencent Games COD,tencent.com,BROAD,COD Mobile Global,500M+,Public (HKG: 0700),"Shenzhen FPS mobile",FPS shooter mobile
1419,Activision Mobile CN,activision.com,BROAD,COD Mobile CN,100M+,Microsoft subsidiary,"Santa Monica FPS",FPS China publishing
1420,EA Mobile China,ea.com,BROAD,FIFA Mobile CN,50M+,Public (NASDAQ: EA),"Shanghai sports games",Sports mobile China
1421,Ubisoft China,ubisoft.com,BROAD,Rainbow Six CN,20M+,Public (EPA: UBI),"Shanghai tactical shooter",Tactical China
1422,Riot Games China,riotgames.com,BROAD,Wild Rift CN,100M+,Tencent subsidiary,"Shanghai MOBA mobile",MOBA China
1423,Riot Games Wild,riotgames.com,BROAD,League of Legends WR,50M+,Tencent subsidiary,"LA MOBA mobile",MOBA mobile
1424,Riot Runeterra,riotgames.com,ADJACENT,Legends of Runeterra,20M+,Tencent subsidiary,"LA card game",Digital card game
1425,Riot Teamfight,riotgames.com,ADJACENT,Teamfight Tactics,100M+,Tencent subsidiary,"LA auto-battler",Auto chess battler
1426,Riot Valorant,riotgames.com,BROAD,Valorant Mobile,30M+,Tencent subsidiary,"LA tactical shooter",Tactical FPS mobile
1427,Supercell Clash,supercell.com,BROAD,Clash of Clans,500M+,Tencent subsidiary,"Helsinki strategy",Strategy clan wars
1428,Supercell Brawl,supercell.com,BROAD,Brawl Stars,500M+,Tencent subsidiary,"Helsinki team battle",Team battle multiplayer
1429,Supercell Hay,supercell.com,BROAD,Hay Day,200M+,Tencent subsidiary,"Helsinki farming",Farming simulation
1430,Supercell Boom,supercell.com,BROAD,Boom Beach,100M+,Tencent subsidiary,"Helsinki combat strategy",Combat strategy
1431,Supercell Squad,supercell.com,BROAD,Squad Busters,50M+,Tencent subsidiary,"Helsinki party action",Party action game
1432,Metacore Games,metacoregames.com,ADJACENT,Merge Mansion,50M+,Supercell subsidiary,"Helsinki merge puzzle",Merge narrative
1433,Space Ape Fastlane,spaceapegames.com,BROAD,Fastlane Road,50M+,Supercell subsidiary,"London racing shooter",Racing shooter
1434,Space Ape Beatstar,spaceapegames.com,BROAD,Beatstar,50M+,Supercell subsidiary,"London rhythm games",Rhythm music
1435,Frogmind Rumble,frogmind.com,BROAD,Rumble Hockey,20M+,Supercell partnership,"Helsinki sports games",Sports arcade
1436,Boom Corp,boomcorp.com,BROAD,Rush Royale,50M+,MY.GAMES subsidiary,"Moscow tower defense",Tower defense merge
1437,MY.GAMES War,my.games,BROAD,War Robots Remastered,100M+,Mail.ru subsidiary,"Moscow mech shooter",Mech battle
1438,MY.GAMES Rush,my.games,BROAD,Rush Royale,50M+,Mail.ru subsidiary,"Moscow tower merge",Tower defense
1439,MY.GAMES Grand,my.games,BROAD,Grand Hotel Mania,30M+,Mail.ru subsidiary,"Moscow time management",Time management
1440,Gismart Merge,gismart.com,BROAD,Merge Plane,50M+,VC-backed,"Minsk merge games",Merge simulation
1441,Gismart Music,gismart.com,BROAD,Beat Blade,50M+,VC-backed,"Minsk rhythm games",Rhythm slicing
1442,Gismart Cool,gismart.com,BROAD,Cool Goal,100M+,VC-backed,"Minsk sports games",Sports hypercasual
1443,Azur Games,azurgames.com,BROAD,Juicy Stack,200M+ total,VC-backed,"Limassol hypercasual",Hypercasual publisher
1444,SayGames Top,saygames.io,BROAD,Brain Test,200M+,VC-backed,"Vilnius puzzle games",Puzzle trivia
1445,SayGames Johnny,saygames.io,BROAD,Johnny Trigger,100M+,VC-backed,"Vilnius action games",Action shooter
1446,BoomBit Darts,boombit.com,BROAD,Darts of Fury,50M+,Public (WSE: BBT),"Gdansk sports games",Darts sports
1447,BoomBit Sling,boombit.com,BROAD,Sling Drift,50M+,Public (WSE: BBT),"Gdansk racing games",Racing drifting
1448,Voodoo Paper,voodoo.io,BROAD,Paper.io,200M+,Goldman Sachs $716M,"Paris IO games",IO multiplayer
1449,Voodoo Helix,voodoo.io,BROAD,Helix Jump,500M+,Goldman Sachs $716M,"Paris arcade games",Hypercasual arcade
1450,Voodoo Crowd,voodoo.io,BROAD,Crowd City,100M+,Goldman Sachs $716M,"Paris IO games",IO multiplayer
1451,Voodoo Hole,voodoo.io,BROAD,Hole.io,100M+,Goldman Sachs $716M,"Paris IO games",IO multiplayer
1452,Voodoo Aquapark,voodoo.io,BROAD,Aquapark.io,100M+,Goldman Sachs $716M,"Paris IO games",Water park IO
1453,Lion Studios Bullet,lionstudios.cc,BROAD,Mr Bullet,100M+,AppLovin subsidiary,"SF puzzle shooter",Puzzle shooter
1454,Lion Studios Happy,lionstudios.cc,BROAD,Happy Glass,100M+,AppLovin subsidiary,"SF physics puzzle",Physics puzzle
1455,Lion Studios Love,lionstudios.cc,BROAD,Love Balls,100M+,AppLovin subsidiary,"SF drawing puzzle",Drawing physics
1456,AppLovin Machine,applovin.com,BROAD,Machine Zone portfolio,500M+ reach,Public (NASDAQ: APP),"Palo Alto mobile games",Mobile gaming platform
1457,AppLovin Belka,applovin.com,ADJACENT,Clockmaker,50M+,Public (NASDAQ: APP),"Palo Alto puzzle games",Match-3 puzzle
1458,Playtika Wooga,playtika.com,ADJACENT,June's Journey,50M+,Public (NASDAQ: PLTK),"Berlin hidden object",Hidden object
1459,Playtika Seriously,playtika.com,ADJACENT,Best Fiends,100M+,Public (NASDAQ: PLTK),"Helsinki match-3",Match-3 puzzle
1460,Playtika Jelly,playtika.com,ADJACENT,Jelly Splash,30M+,Public (NASDAQ: PLTK),"Berlin match-3",Match-3 puzzle
1461,Playtika Slotomania,playtika.com,BROAD,Slotomania Free,100M+,Public (NASDAQ: PLTK),"Tel Aviv social casino",Social casino
1462,Playtika Bingo,playtika.com,BROAD,Bingo Blitz,50M+,Public (NASDAQ: PLTK),"Tel Aviv social bingo",Social bingo
1463,Playtika Caesars,playtika.com,BROAD,Caesars Slots,50M+,Public (NASDAQ: PLTK),"Tel Aviv casino slots",Casino slots
1464,Aristocrat Pixel,aristocrat.com,BROAD,Cashman Casino,50M+,Public (ASX: ALL),"London slot games",Casino slots
1465,Aristocrat Product,aristocrat.com,BROAD,Lightning Link,50M+,Public (ASX: ALL),"Sydney casino slots",Casino slots
1466,Aristocrat Big Fish,aristocrat.com,ADJACENT,Big Fish Games,50M+,Public (ASX: ALL),"Seattle casual games",Casual casino
1467,Zynga Words,zynga.com,ADJACENT,Words With Friends 2,50M+,Take-Two subsidiary,"SF word games",Word puzzle social
1468,Zynga Merge,zynga.com,ADJACENT,Merge Dragons,50M+,Take-Two subsidiary,"SF merge games",Merge dragon
1469,Zynga Empires,zynga.com,ADJACENT,Empires Puzzles,50M+,Take-Two subsidiary,"Helsinki match-3 RPG",Match-3 hero RPG
1470,Zynga CSR,zynga.com,BROAD,CSR Racing 2,200M+,Take-Two subsidiary,"SF drag racing",Drag racing
1471,Zynga Golf,zynga.com,BROAD,Golf Rival,50M+,Take-Two subsidiary,"SF golf games",Golf simulation
1472,Zynga Poker Live,zynga.com,BROAD,Zynga Poker,500M+,Take-Two subsidiary,"SF poker games",Social poker
1473,Zynga FarmVille,zynga.com,BROAD,FarmVille 3,50M+,Take-Two subsidiary,"SF farming games",Farming simulation
1474,Zynga Toy,zynga.com,ADJACENT,Toy Blast,100M+,Take-Two subsidiary,"SF puzzle games",Block puzzle
1475,Zynga Toon,zynga.com,ADJACENT,Toon Blast,100M+,Take-Two subsidiary,"SF cartoon puzzle",Cartoon puzzle
1476,Zynga Gram,zynga.com,ADJACENT,Merge Dragons,50M+,Take-Two subsidiary,"SF merge games",Merge fantasy
1477,Zynga Rollic,zynga.com,BROAD,High Heels,100M+,Take-Two subsidiary,"Istanbul hypercasual",Hypercasual fashion
1478,Zynga Echtra,zynga.com,BROAD,Torchlight mobile,10M+,Take-Two subsidiary,"SF action RPG",Action RPG Diablo
1479,Scopely Monopoly,scopely.com,BROAD,Monopoly GO,500M+,Savvy $4.9B,"LA board game",Board game digital
1480,Scopely Star Trek,scopely.com,BROAD,Star Trek Fleet,50M+,Savvy $4.9B,"LA strategy space",Strategy Star Trek
1481,Scopely WWE,scopely.com,BROAD,WWE Champions,50M+,Savvy $4.9B,"LA wrestling RPG",Wrestling puzzle RPG
1482,Scopely Marvel,scopely.com,ADJACENT,Marvel Strike Force,50M+,Savvy $4.9B,"LA Marvel RPG",Turn-based superhero
1483,Scopely Stumble,scopely.com,BROAD,Stumble Guys,500M+,Savvy $4.9B,"Helsinki party games",Party fall guys
1484,Scopely Pokemon,scopely.com,BROAD,Pokemon GO,1B+,Savvy $4.9B,"SF AR games",AR pokemon
1485,Scopely Yahtzee,scopely.com,BROAD,Yahtzee Buddies,50M+,Savvy $4.9B,"LA dice games",Dice social game
1486,Scopely Scrabble,scopely.com,ADJACENT,Scrabble GO,50M+,Savvy $4.9B,"LA word games",Word board game
1487,EA FIFA Mobile,ea.com,BROAD,EA FC Mobile,200M+,Public (NASDAQ: EA),"Vancouver sports games",Football simulation
1488,EA Madden Mobile,ea.com,BROAD,Madden NFL Mobile,100M+,Public (NASDAQ: EA),"Orlando sports games",American football
1489,EA UFC Mobile,ea.com,BROAD,EA Sports UFC,50M+,Public (NASDAQ: EA),"Vancouver fighting sports",MMA fighting
1490,EA NBA Mobile,ea.com,BROAD,NBA Live Mobile,50M+,Public (NASDAQ: EA),"Vancouver basketball",Basketball simulation
1491,EA NHL Mobile,ea.com,BROAD,NHL Mobile,20M+,Public (NASDAQ: EA),"Vancouver hockey games",Hockey simulation
1492,EA Golf Mobile,ea.com,BROAD,EA Sports PGA,30M+,Public (NASDAQ: EA),"Orlando golf games",Golf simulation
1493,EA Real Racing,ea.com,BROAD,Real Racing 3,500M+,Public (NASDAQ: EA),"Melbourne racing games",AAA racing mobile
1494,EA Need Speed,ea.com,BROAD,NFS No Limits,200M+,Public (NASDAQ: EA),"Bucharest racing games",Street racing
1495,EA Star Wars,ea.com,ADJACENT,Star Wars Heroes,50M+,Public (NASDAQ: EA),"Sacramento Star Wars",Star Wars gacha
1496,EA Sims Mobile,ea.com,BROAD,Sims Mobile,50M+,Public (NASDAQ: EA),"Redwood City simulation",Life simulation
1497,EA Plants Zombies,ea.com,ADJACENT,PvZ 3,100M+,Public (NASDAQ: EA),"Seattle tower defense",Tower defense
1498,EA Apex Mobile,ea.com,BROAD,Apex Legends Mobile,30M+,Public (NASDAQ: EA),"LA battle royale",Battle royale shooter
1499,EA Battlefield,ea.com,BROAD,Battlefield Mobile,20M+,Public (NASDAQ: EA),"Stockholm FPS mobile",FPS warfare
1500,2K WWE,2k.com,BROAD,WWE SuperCard,50M+,Take-Two subsidiary,"Novato wrestling cards",Wrestling card game
1501,2K NBA,2k.com,BROAD,NBA 2K Mobile,100M+,Take-Two subsidiary,"Novato basketball",Basketball simulation
1502,2K PGA,2k.com,BROAD,PGA TOUR 2K,20M+,Take-Two subsidiary,"Novato golf games",Golf simulation
1503,2K Civilization,2k.com,BROAD,Civ VI Mobile,10M+,Take-Two subsidiary,"Sparks 4X strategy",4X strategy
1504,2K XCOM,2k.com,BROAD,XCOM 2 Mobile,5M+,Take-Two subsidiary,"Sparks tactical",Tactical squad
1505,2K BioShock,2k.com,BROAD,BioShock Mobile,5M+,Take-Two subsidiary,"Novato FPS shooter",FPS story shooter
1506,2K Borderlands,2k.com,BROAD,Tiny Tina's,10M+,Take-Two subsidiary,"Frisco looter shooter",Looter shooter
1507,Rockstar Mobile,rockstargames.com,BROAD,GTA SA Mobile,50M+,Take-Two subsidiary,"NYC open world",Open-world crime
1508,Rockstar RDR,rockstargames.com,BROAD,RDR Mobile,10M+,Take-Two subsidiary,"NYC western action",Western action
1509,Bethesda Elder,bethesda.net,BROAD,Elder Scrolls Blades,20M+,Microsoft subsidiary,"Rockville RPG mobile",Fantasy RPG action
1510,Bethesda Fallout,bethesda.net,BROAD,Fallout Shelter,50M+,Microsoft subsidiary,"Rockville vault sim",Vault management
1511,Bethesda DOOM,bethesda.net,BROAD,DOOM Eternal Mobile,10M+,Microsoft subsidiary,"Dallas FPS shooter",FPS hell shooter
1512,Xbox Cloud,xbox.com,BROAD,Xbox Game Pass,50M+ subscribers,Microsoft subsidiary,"Redmond cloud gaming",Cloud gaming
1513,PlayStation Mobile,playstation.com,BROAD,PS Remote Play,30M+,Sony subsidiary,"San Mateo remote play",Remote gaming
1514,Nintendo Mobile,nintendo.com,BROAD,Mario Kart Tour,200M+,Public (TYO: 7974),"Kyoto racing games",Kart racing
1515,Nintendo Pokemon,pokemon.com,BROAD,Pokemon Unite,80M+,Public (TYO: 7974),"Kyoto MOBA pokemon",MOBA pokemon
1516,Nintendo Fire,fire-emblem-heroes.com,ADJACENT,Fire Emblem Heroes,50M+,Public (TYO: 7974),"Kyoto tactical RPG",Tactical gacha
1517,Nintendo Animal,animalcrossing.com,BROAD,Animal Crossing,50M+,Public (TYO: 7974),"Kyoto life sim",Life simulation
1518,Nintendo Dragalia,nintendo.com,ADJACENT,Dragalia Lost,10M+,Public (TYO: 7974),"Kyoto action RPG",Action gacha
1519,DeNA Pokemon,dena.com,BROAD,Pokemon Masters EX,30M+,Public (TYO: 2432),"Tokyo pokemon gacha",Pokemon gacha
1520,DeNA Mario,dena.com,BROAD,Super Mario Run,500M+,Public (TYO: 2432),"Tokyo platformer",Mario runner
1521,DeNA Pikmin,dena.com,BROAD,Pikmin Bloom,10M+,Public (TYO: 2432),"Tokyo AR walking",AR walking
1522,Cygames Uma,cygames.co.jp,ADJACENT,Uma Musume,30M+,CyberAgent subsidiary,"Tokyo horse racing gacha",Horse girl gacha
1523,Cygames Princess,cygames.co.jp,ADJACENT,Princess Connect,20M+,CyberAgent subsidiary,"Tokyo anime gacha",Anime RPG gacha
1524,Cygames Shadowverse,cygames.co.jp,ADJACENT,Shadowverse,30M+,CyberAgent subsidiary,"Tokyo card game",Digital card game
1525,Cygames Granblue,cygames.co.jp,ADJACENT,Granblue Fantasy,30M+,CyberAgent subsidiary,"Tokyo browser RPG",Turn-based gacha
1526,Cygames Dragalia,cygames.co.jp,ADJACENT,Dragalia development,10M+,CyberAgent subsidiary,"Tokyo action RPG",Action RPG gacha
1527,Aniplex FGO,aniplex.co.jp,ADJACENT,Fate Grand Order,50M+,Sony Music subsidiary,"Tokyo gacha RPG",Fate franchise gacha
1528,Aniplex Magia,aniplex.co.jp,ADJACENT,Magia Record,20M+,Sony Music subsidiary,"Tokyo magical girl gacha",Magical girl gacha
1529,Bandai Namco Dragon,bandainamcoent.com,ADJACENT,Dragon Ball Legends,100M+,Public (TYO: 7832),"Tokyo fighting gacha",Dragon Ball PvP
1530,Bandai Namco One,bandainamcoent.com,ADJACENT,One Piece TC,100M+,Public (TYO: 7832),"Tokyo card gacha",One Piece gacha
1531,Bandai Namco Naruto,bandainamcoent.com,ADJACENT,Naruto Blazing,50M+,Public (TYO: 7832),"Tokyo ninja gacha",Naruto gacha
1532,Bandai Namco Gundam,bandainamcoent.com,ADJACENT,Gundam Battle,30M+,Public (TYO: 7832),"Tokyo mecha gacha",Gundam battle
1533,Bandai Namco Tales,bandainamcoent.com,ADJACENT,Tales of Crestoria,10M+,Public (TYO: 7832),"Tokyo JRPG gacha",Tales gacha
1534,Bandai Namco Digimon,bandainamcoent.com,ADJACENT,Digimon ReArise,10M+,Public (TYO: 7832),"Tokyo monster gacha",Digimon gacha
1535,Bandai Namco Super,bandainamcoent.com,ADJACENT,Super Robot Wars,10M+,Public (TYO: 7832),"Tokyo mecha strategy",Mecha tactical
1536,Bandai Namco Sword,bandainamcoent.com,ADJACENT,SAO Memory Defrag,20M+,Public (TYO: 7832),"Tokyo SAO gacha",Sword Art gacha
1537,Konami YGO,konami.com,ADJACENT,Yu-Gi-Oh Duel Links,100M+,Public (TYO: 9766),"Tokyo card game",Trading card game
1538,Konami YGO Master,konami.com,ADJACENT,Yu-Gi-Oh Master Duel,50M+,Public (TYO: 9766),"Tokyo card game",Trading card game
1539,Konami PES,konami.com,BROAD,eFootball 2024,200M+,Public (TYO: 9766),"Tokyo football sim",Football simulation
1540,Konami Bombergirl,konami.com,BROAD,Bomberman mobile,30M+,Public (TYO: 9766),"Tokyo arcade action",Arcade bomber
1541,Konami Castlevania,konami.com,ADJACENT,Castlevania Grimoire,10M+,Public (TYO: 9766),"Tokyo action RPG",Action platformer
1542,Square Enix FFBE,square-enix.com,ADJACENT,FF Brave Exvius,50M+,Public (TYO: 9684),"Tokyo FF gacha",Final Fantasy gacha
1543,Square Enix WOTV,square-enix.com,ADJACENT,War of Visions,30M+,Public (TYO: 9684),"Tokyo tactical RPG",Tactical FF gacha
1544,Square Enix DFFOO,square-enix.com,ADJACENT,Dissidia FF OO,20M+,Public (TYO: 9684),"Tokyo FF gacha",Dissidia gacha
1545,Square Enix DQ,square-enix.com,ADJACENT,Dragon Quest Walk,30M+,Public (TYO: 9684),"Tokyo DQ AR",Dragon Quest AR
1546,Square Enix KH,square-enix.com,ADJACENT,Kingdom Hearts UX,20M+,Public (TYO: 9684),"Tokyo KH gacha",Kingdom Hearts gacha
1547,Square Enix NieR,square-enix.com,ADJACENT,NieR Reincarnation,10M+,Public (TYO: 9684),"Tokyo action gacha",NieR gacha RPG
1548,Capcom Monster,capcom.com,BROAD,Monster Hunter Now,50M+,Public (TYO: 9697),"Osaka AR hunting",Monster AR hunting
1549,Capcom Resident,capcom.com,BROAD,RE Village Mobile,10M+,Public (TYO: 9697),"Osaka horror action",Survival horror
1550,Capcom Street,capcom.com,BROAD,Street Fighter,30M+ total,Public (TYO: 9697),"Osaka fighting games",Fighting game
1551,Sega Sonic,sega.com,BROAD,Sonic Forces Speed,100M+,Public (TYO: 6460),"Tokyo Sonic racing",Sonic racing
1552,Sega Puyo,sega.com,ADJACENT,Puyo Puyo Quest,30M+,Public (TYO: 6460),"Tokyo puzzle games",Puyo puzzle
1553,Sega Yakuza,sega.com,BROAD,Yakuza Mobile,10M+,Public (TYO: 6460),"Tokyo action RPG",Crime action RPG
1554,Sega Total War,sega.com,BROAD,Total War Battles,10M+,Public (TYO: 6460),"UK strategy mobile",Strategy warfare
1555,Sega Football,sega.com,BROAD,Football Manager Mobile,30M+,Public (TYO: 6460),"UK sports sim",Football management
1556,Atlus Persona,atlus.com,ADJACENT,Persona mobile,10M+,Sega subsidiary,"Tokyo JRPG",JRPG adventure
1557,Level-5 Yokai,level5.co.jp,ADJACENT,Yo-kai Watch World,10M+,Private,"Fukuoka yokai AR",Yokai AR game
1558,Level-5 Ni no,level5.co.jp,ADJACENT,Ni no Kuni Cross,20M+,Private,"Fukuoka JRPG",Studio Ghibli JRPG
1559,Level-5 Inazuma,level5.co.jp,BROAD,Inazuma Eleven,10M+,Private,"Fukuoka soccer RPG",Soccer RPG
1560,Level-5 Fantasy,level5.co.jp,ADJACENT,Fantasy Life Online,10M+,Private,"Fukuoka life sim RPG",Life sim RPG
1561,Level-5 Layton,level5.co.jp,ADJACENT,Layton Katrielle,10M+,Private,"Fukuoka puzzle adventure",Puzzle mystery
1562,Rayark Cytus,rayark.com,ADJACENT,Cytus II,10M+,Private,"Taipei rhythm game",Rhythm music game
1563,Rayark Deemo,rayark.com,ADJACENT,Deemo,30M+,Private,"Taipei rhythm piano",Piano rhythm game
1564,Rayark VOEZ,rayark.com,ADJACENT,VOEZ,10M+,Private,"Taipei rhythm game",Rhythm music game
1565,Rayark Sdorica,rayark.com,ADJACENT,Sdorica,5M+,Private,"Taipei tactical RPG",Tactical puzzle RPG
1566,XPEC Chaos,xpec.com.tw,ADJACENT,Chaos Rings,5M+,Public (TWSE),"Taipei JRPG",Mobile JRPG
1567,IGG Lords,igg.com,BROAD,Lords Mobile,300M+,Public (HKG: 0799),"Singapore strategy MMO",Strategy kingdom
1568,IGG Castle,igg.com,BROAD,Castle Clash,100M+,Public (HKG: 0799),"Singapore strategy",Castle strategy
1569,IGG Doomsday,igg.com,WHITEOUT SIMILAR,Doomsday Last Survivors,30M+,Public (HKG: 0799),"Singapore zombie survival",Zombie strategy
1570,IGG Viking,igg.com,BROAD,Viking Rise,20M+,Public (HKG: 0799),"Singapore viking strategy",Viking strategy
1571,Long Tech Last,longtechgames.com,WHITEOUT SIMILAR,Last Shelter Survival,50M+,Private,"Hong Kong post-apoc",Post-apocalyptic strategy
1572,Long Tech Last Fortress,longtechgames.com,WHITEOUT SIMILAR,Last Fortress,50M+,Private,"Hong Kong underground",Underground survival
1573,Yotta Mafia,yottagames.com,WHITEOUT SIMILAR,Mafia City,100M+,Private,"Hangzhou mafia strategy",Mafia strategy MMO
1574,Top Games Evony,topgamesinc.com,BROAD,Evony Return,100M+,Private,"Shenzhen strategy MMO",Strategy kingdom
1575,Elex Clash,elex-tech.com,WHITEOUT SIMILAR,Clash of Kings,100M+,Public (SZX: 002354),"Beijing strategy MMO",Strategy kingdom MMO
1576,FunPlus Guns,funplus.com,BROAD,Guns of Glory,50M+,$86M Series B,"Beijing strategy MMO",Strategy gunpowder
1577,FunPlus King,funplus.com,BROAD,King of Avalon,100M+,$86M Series B,"Beijing dragon strategy",Dragon strategy
1578,FunPlus State,funplus.com,WHITEOUT SIMILAR,State of Survival,200M+,$86M Series B,"Beijing zombie strategy",Zombie state survival
1579,FunPlus Sea,funplus.com,BROAD,Sea of Conquest,30M+,$86M Series B,"Beijing naval strategy",Naval pirate strategy
1580,FunPlus Antia,funplus.com,ADJACENT,Call of Antia,30M+,$86M Series B,"Beijing match-3 RPG",Match-3 hero RPG
1581,tap4fun Invasion,tap4fun.com,WHITEOUT SIMILAR,Invasion Modern Empire,50M+,Public (HKG: 6820),"Chengdu military strategy",Military strategy
1582,tap4fun War Order,tap4fun.com,WHITEOUT SIMILAR,War and Order,50M+,Public (HKG: 6820),"Chengdu fantasy strategy",Fantasy kingdom strategy
1583,37Games Puzzles,37.com,ADJACENT,Puzzles Survival,50M+,Public (SZX: 002555),"Guangzhou match-3 zombie",Match-3 survival
1584,37Games Ant,37.com,BROAD,Ant Legion,30M+,Public (SZX: 002555),"Guangzhou ant strategy",Ant colony strategy
1585,Camel Games Age,camelgames.com,WHITEOUT SIMILAR,Age of Origins,50M+,Private,"Hong Kong zombie TD",Tower defense zombie
1586,Camel Games Puzzle,camelgames.com,ADJACENT,Puzzle Combat,20M+,Private,"Hong Kong match-3 zombie",Match-3 zombie
1587,4399 Mini World,4399.com,BROAD,Mini World,100M+,Private,"Xiamen sandbox games",Sandbox building
1588,4399 Castle,4399.com,BROAD,Castle Revenge,20M+,Private,"Xiamen casual strategy",Casual strategy
1589,Youzu League,yoozoo.com,ADJACENT,League of Angels,50M+,Private,"Shanghai angel RPG",Angel gacha RPG
1590,Youzu Saint,yoozoo.com,ADJACENT,Saint Seiya,20M+,Private,"Shanghai anime RPG",Saint Seiya gacha
1591,Giant Network,giant.com.cn,BROAD,Ball Balls,30M+,Public (NYSE: GA),"Shanghai casual games",Casual arcade
1592,Shanda Games,shanda.com,BROAD,Legendary,30M+,Private,"Shanghai MMORPG",Classic MMORPG mobile
1593,Perfect World Fantasy,pwrd.com,BROAD,Fantasy New,20M+,Public (SZX: 002624),"Beijing MMORPG",Fantasy MMORPG
1594,Changyou TLBB,changyou.com,BROAD,TLBB 3D,30M+,Sohu subsidiary,"Beijing wuxia MMORPG",Wuxia MMORPG
1595,Kunlun Clash,kunlun.com,BROAD,Clash of Lords,50M+,Public (SZX: 300418),"Beijing clash strategy",Strategy clash
1596,Ourpalm Card,ourpalm.com,BROAD,Hero Legends,20M+,Public (SZX: 300315),"Beijing card RPG",Card collection RPG
1597,Leiting Games,9game.cn,BROAD,Various titles,50M+ total,Alibaba subsidiary,"Hangzhou mobile publisher",Mobile gaming portal
1598,Hero Entertainment,herogame.com,BROAD,Survival games,30M+,Private,"Shanghai survival",Survival games
1599,NetDragon Education,netdragon.com,BROAD,Eudemons,20M+,Public (HKG: 0777),"Fuzhou MMORPG",Fantasy MMORPG
1600,Kingnet Network,kingnet.com,BROAD,Shushan,30M+,Public (SZX: 002517),"Shanghai wuxia games",Wuxia mobile games
1601,G-Bits Network,gbits.net,BROAD,Idle Monster,20M+,VC-backed,"Xiamen idle games",Idle monster RPG
1602,Tripledot Studios,tripledotstudios.com,BROAD,Solitaire Cash,50M+,$116M funding,"London casual gaming unicorn $1.4B valuation",Cash game solitaire
1603,MobilityWare,mobilityware.com,BROAD,Solitaire,500M+,Private,"Irvine classic card games pioneer",Classic solitaire mobile
1604,Big Fish Games,bigfishgames.com,BROAD,Big Fish Casino,100M+,Acquired by Aristocrat,"Seattle casual gaming pioneer",Casino casual games
1605,Product Madness,productmadness.com,BROAD,Heart of Vegas,50M+,Aristocrat subsidiary,"London social casino 100M downloads",Social slots casino
1606,Huuuge Games,huuugegames.com,BROAD,Huuuge Casino,50M+,Public (WSE: HUG),"Polish social casino gaming",Social casino slots
1607,Playtika Caesars,playtika.com,BROAD,Caesars Slots,50M+,Public (NASDAQ: PLTK),"Israel social casino leader",Caesars branded slots
1608,Playtika Bingo,playtika.com,BROAD,Bingo Blitz,50M+,Public (NASDAQ: PLTK),"Israel social casino leader",Social bingo gaming
1609,SciPlay,sciplay.com,BROAD,Jackpot Party,50M+,Public (NASDAQ: SCPL),"Las Vegas slots publisher",Jackpot slots games
1610,GSN Games,gsn.com,BROAD,GSN Casino,30M+,Sony subsidiary,"Los Angeles casino games",Social casino slots
1611,DoubleDown Interactive,doubledowninteractive.com,BROAD,DoubleDown Casino,50M+,Public (KOSDAQ),"Seattle social casino",Vegas social slots
1612,High 5 Games,high5games.com,BROAD,High 5 Casino,30M+,Private,"New York slots developer",Premium slots games
1613,Murka Games,murka.com,BROAD,Scatter Slots,30M+,VC-backed,"Ukrainian social casino",Scatter slots gaming
1614,Playstudios,playstudios.com,BROAD,myVEGAS Slots,50M+,Public (NASDAQ: MYPS),"Las Vegas real rewards casino",Real rewards slots
1615,me2zen,me2zen.com,BROAD,Slotomania,30M+,Private,"Tel Aviv slots gaming",Social slots
1616,Zynga Words,zynga.com,ADJACENT,Words With Friends,100M+,Take-Two subsidiary,"San Francisco word games",Social word gaming
1617,Zynga Poker,zynga.com,BROAD,Zynga Poker,100M+,Take-Two subsidiary,"San Francisco poker games",Social poker gaming
1618,Zynga FarmVille,zynga.com,BROAD,FarmVille 3,50M+,Take-Two subsidiary,"San Francisco farm games",Farm simulation
1619,PIXIO,pixio.com,BROAD,Color by Number,50M+,Private,"Color puzzle casual",Coloring game app
1620,Easybrain,easybrain.com,ADJACENT,Sudoku.com,100M+,Private,"Cyprus puzzle games",Classic puzzle mobile
1621,Easybrain Nonogram,easybrain.com,ADJACENT,Nonogram.com,50M+,Private,"Cyprus puzzle games",Logic puzzle games
1622,Easybrain Jigsaw,easybrain.com,BROAD,Jigsaw Puzzles,100M+,Private,"Cyprus puzzle games",Jigsaw puzzle app
1623,Supersonic Studios,supersonic.com,BROAD,Various titles,1B+ total,Unity subsidiary,"Tel Aviv hypercasual publisher",Hypercasual publisher
1624,ironSource (Unity),is.com,BROAD,Various titles,2B+ total,Unity subsidiary,"Tel Aviv gaming platform",Mobile gaming platform
1625,AppLovin Max,applovin.com,BROAD,Various titles,1B+ total,Public (NASDAQ: APP),"Palo Alto gaming platform",Mobile gaming platform
1626,Tilting Point,tiltingpoint.com,BROAD,Star Trek,30M+,Private,"NYC publishing partner",Mobile publishing
1627,N3TWORK,n3twork.com,BROAD,Tetris,100M+,Private,"SF mobile publisher",Tetris mobile version
1628,Flaregames,flaregames.com,BROAD,Nonstop Knight,20M+,Stillfront subsidiary,"German mobile publisher",Mobile game publisher
1629,Stillfront Group,stillfront.com,BROAD,Various titles,500M+ total,Public (STO: SF),"Swedish gaming group",Mobile gaming group
1630,Modern Times Group,mtg.com,BROAD,Various titles,300M+ total,Public (STO: MTGA),"Swedish gaming group",Gaming investments
1631,Embracer Group,embracer.com,BROAD,Various titles,500M+ total,Public (STO: EMBRAC),"Swedish gaming group",Gaming conglomerate
1632,Keywords Studios,keywordsstudios.com,BROAD,Various services,N/A,Public (LSE: KWS),"Dublin game services",Game development services
1633,Etermax,etermax.com,BROAD,Trivia Crack,700M+,Private,"Buenos Aires trivia games",Trivia gaming pioneer
1634,Wildlife Magic,wildlifestudios.com,BROAD,Tennis Clash,50M+,VC-backed $3B valuation,"São Paulo sports games",Tennis mobile game
1635,Wildlife Zooba,wildlifestudios.com,BROAD,Zooba,50M+,VC-backed $3B valuation,"São Paulo battle royale",Zoo battle royale
1636,Aquiris,aquiris.com.br,BROAD,Horizon Chase,20M+,Epic Games acquired,"Porto Alegre racing",Retro racing games
1637,TapNation,tap-nation.io,BROAD,Giant Rush,100M+,Private,"Paris hypercasual",Hypercasual publisher
1638,Homa Games,homagames.com,BROAD,Sky Roller,100M+,$165M funding,"Paris hypercasual unicorn",Hypercasual publisher
1639,Good Job Games,goodjobgames.com,BROAD,Fun Race 3D,500M+,Private,"Istanbul hypercasual",Turkish hypercasual
1640,Rollic Games,rollic.gs,BROAD,Go Knots 3D,200M+,Zynga acquired,"Istanbul hypercasual",Turkish hypercasual
1641,Ruby Games,rubygames.com,BROAD,Phone Case DIY,100M+,Private,"Istanbul hypercasual",Turkish hypercasual
1642,Popcore Games,popcore.com,BROAD,Pull the Pin,100M+,Private,"Berlin hypercasual",German hypercasual
1643,SayGames,saygames.io,BROAD,Johnny Trigger,100M+,Private,"Ukraine hypercasual",Ukrainian hypercasual
1644,Azur Games,azurgames.com,BROAD,Stack Ball,200M+,Private,"Russia hypercasual",Russian hypercasual
1645,Lion Studios,lionstudios.cc,BROAD,Mr Bullet,100M+,AppLovin subsidiary,"SF hypercasual",AppLovin hypercasual
1646,Crazy Labs,crazylabs.com,BROAD,Super Salon,100M+,TabTale parent,"Tel Aviv hypercasual",Israeli hypercasual
1647,TabTale,tabtale.com,BROAD,Various kids,500M+ total,Public (TLV: TBTL),"Tel Aviv kids games",Kids entertainment
1648,Budge Studios,budgestudios.com,BROAD,My Little Pony,50M+,Private,"Montreal kids games",Kids licensed games
1649,TutoTOONS,tutotoons.com,BROAD,Various kids,500M+ total,Private,"Lithuania kids games",Kids casual games
1650,Outfit7,outfit7.com,BROAD,My Talking Tom,1B+,Jinke acquired,"Slovenia Talking Tom franchise",Virtual pet gaming
1651,Talking Tom Gold,outfit7.com,BROAD,Talking Tom Gold Run,500M+,Jinke acquired,"Slovenia runner game",Endless runner pet
1652,My Talking Angela,outfit7.com,BROAD,My Talking Angela,500M+,Jinke acquired,"Slovenia virtual pet",Virtual pet female
1653,Kiloo,kiloo.com,BROAD,Subway Surfers,3B+,Private,"Danish endless runner creator",Subway Surfers creator
1654,SYBO Games,sybo.dk,BROAD,Subway Surfers,3B+,Private,"Danish endless runner",Subway Surfers IP owner
1655,Miniclip,miniclip.com,BROAD,8 Ball Pool,1B+,Tencent acquired,"Swiss casual games",Pool game leader
1656,iDreamSky,idreamsky.com,BROAD,Various titles,500M+ total,Public (HKG: 1119),"Shenzhen publisher China",Chinese mobile publisher
1657,Cmge Technology,cmge.com,BROAD,Various titles,300M+ total,Public (HKG: 0302),"Hong Kong publisher",Chinese mobile publisher
1658,Zen Studios,zenstudios.com,BROAD,Pinball FX,20M+,Private,"Budapest pinball games",Digital pinball
1659,Green Panda Games,greenpandagames.com,BROAD,Idle Supermarket,50M+,Ubisoft acquired,"Paris idle tycoon",Idle tycoon games
1660,Ubisoft Mobile,ubisoft.com,BROAD,Assassin's Creed,50M+,Public (EPA: UBI),"Paris AAA mobile division",AAA mobile games
1661,Ubisoft Brawlhalla,ubisoft.com,BROAD,Brawlhalla,100M+,Public (EPA: UBI),"Paris fighting game",Free platform fighter
1662,Ubisoft Hungry,ubisoft.com,BROAD,Hungry Shark,500M+,Public (EPA: UBI),"Paris arcade games",Hungry Shark series
1663,Frogmind,frogmind.com,BROAD,Badland,100M+,Supercell acquired,"Helsinki physics game",Physics puzzle action
1664,Metacore Games,metacoregames.com,ADJACENT,Merge Mansion,50M+,Supercell acquired,"Helsinki merge puzzle",Merge mystery game
1665,Space Ape Games,spaceapegames.com,ADJACENT,Beatstar,50M+,Supercell acquired,"London rhythm games",Rhythm music gaming
1666,Trailmix Games,trailmix.games,ADJACENT,Love Island,20M+,Supercell invested,"London narrative games",Story-driven games
1667,Pixel United,pixelunited.com,BROAD,Various titles,200M+ total,Aristocrat subsidiary,"Mobile gaming portfolio",Social casino portfolio
1668,Playtika Redecor,playtika.com,BROAD,Redecor,20M+,Public (NASDAQ: PLTK),"Israel design games",Home design gaming
1669,Playtika Solitaire,playtika.com,BROAD,Solitaire Grand,50M+,Public (NASDAQ: PLTK),"Israel card games",Solitaire gaming
1670,SciPlay Quick,sciplay.com,BROAD,Quick Hit Slots,50M+,Public (NASDAQ: SCPL),"Las Vegas slots",Quick hit slots
1671,SciPlay Bingo,sciplay.com,BROAD,Bingo Showdown,20M+,Public (NASDAQ: SCPL),"Las Vegas bingo",Bingo gaming
1672,Zynga Merge,zynga.com,ADJACENT,Merge Dragons,50M+,Take-Two subsidiary,"SF merge games",Dragon merge puzzle
1673,Zynga Match,zynga.com,ADJACENT,Harry Potter,30M+,Take-Two subsidiary,"SF licensed puzzle",Harry Potter puzzle
1674,Zynga CSR,zynga.com,BROAD,CSR Racing 2,200M+,Take-Two subsidiary,"SF racing games",Drag racing mobile
1675,Zynga Golf,zynga.com,BROAD,Golf Rival,50M+,Take-Two subsidiary,"SF sports games",Golf gaming
1676,NaturalMotion,naturalmotion.com,BROAD,Dawn of Titans,20M+,Zynga subsidiary,"UK strategy games",Strategy action hybrid
1677,Peak Solitaire,zynga.com,ADJACENT,Solitaire Bliss,20M+,Zynga/Take-Two subsidiary,"Turkey card puzzle",Solitaire puzzle
1678,Gram Games,gram.gs,ADJACENT,Merge Magic,30M+,Zynga acquired,"Turkey merge games",Turkish merge puzzle
1679,Small Giant,smallgiantgames.com,ADJACENT,Empires Puzzles,50M+,Zynga acquired,"Helsinki match-3 RPG",Finnish puzzle RPG
1680,Torque Games,torquegames.com,ADJACENT,Match Masters,20M+,Private,"Israel PvP puzzle",Competitive puzzle
1681,Tactile Games,tactilegames.com,ADJACENT,Lily's Garden,50M+,Private,"Copenhagen story puzzle",Story match-3
1682,Wooga Junes,wooga.com,ADJACENT,June's Journey,50M+,Playtika acquired,"Berlin hidden object",Hidden object gaming
1683,Wooga Switchcraft,wooga.com,ADJACENT,Switchcraft,10M+,Playtika acquired,"Berlin match-3 story",Story puzzle game
1684,Playdom Disney,disney.com,BROAD,Disney Magic,50M+,Disney subsidiary,"Burbank Disney games",Disney mobile games
1685,Jam City Disney,jamcity.com,BROAD,Disney Emoji,50M+,$350M funding,"LA Disney games",Disney licensed games
1686,Jam City Cookie,jamcity.com,ADJACENT,Cookie Jam,100M+,$350M funding,"LA match-3 games",Match-3 leader
1687,Jam City Panda,jamcity.com,ADJACENT,Panda Pop,100M+,$350M funding,"LA bubble shooter",Bubble shooter
1688,Jam City Vineyard,jamcity.com,ADJACENT,Vineyard Valley,20M+,$350M funding,"LA decoration puzzle",Farm decoration puzzle
1689,Ludia Dragons,ludia.com,BROAD,Dragons Rise,30M+,Jam City acquired,"Montreal creature games",Dragon creature games
1690,Ludia JWTG,ludia.com,BROAD,Jurassic World TG,50M+,Jam City acquired,"Montreal dinosaur games",Dinosaur collection
1691,Glu Mobile,glu.com,BROAD,Design Home,100M+,EA acquired,"SF design games",Home design gaming
1692,Glu Diner,glu.com,BROAD,Diner DASH,50M+,EA acquired,"SF restaurant games",Restaurant management
1693,Glu Kim,glu.com,BROAD,Kim Kardashian,50M+,EA acquired,"SF celebrity games",Celebrity life sim
1694,Glu MLB,glu.com,BROAD,MLB Tap Sports,50M+,EA acquired,"SF sports games",Baseball mobile game
1695,Glu Covet,glu.com,BROAD,Covet Fashion,50M+,EA acquired,"SF fashion games",Fashion styling game
1696,Glu Deer Hunter,glu.com,BROAD,Deer Hunter,100M+,EA acquired,"SF hunting games",Hunting simulation
1697,Crowdstar,crowdstar.com,BROAD,Design Home,100M+,Glu/EA subsidiary,"Burlingame design games",Home design pioneer
1698,Com2Us Dragon,com2us.com,ADJACENT,DragonSky,20M+,Public (KOSDAQ),"Seoul dragon games",Dragon idle game
1699,Com2Us Golf,com2us.com,BROAD,Golf Star,30M+,Public (KOSDAQ),"Seoul sports games",Golf simulation
1700,Com2Us Ace,com2us.com,BROAD,Ace Fishing,50M+,Public (KOSDAQ),"Seoul fishing games",Fishing game mobile
1701,Gamevil Dragon,gamevil.com,ADJACENT,Dragon Blaze,20M+,Com2Us subsidiary,"Seoul dragon RPG",Dragon gacha RPG
1702,Gamevil Kritika,gamevil.com,BROAD,Kritika,20M+,Com2Us subsidiary,"Seoul action RPG",Action RPG mobile
1703,Vespa,vfriendes.com,ADJACENT,King's Raid,20M+,Private,"Seoul anime RPG",Anime gacha RPG
1704,Kakao Games Odin,kakaogames.com,BROAD,Odin Valhalla,30M+,Public (KRX: 293490),"Seoul Norse MMORPG",Norse mythology MMO
1705,Kakao Guardian,kakaogames.com,ADJACENT,Guardian Tales,50M+,Public (KRX: 293490),"Seoul action RPG",Pixel action RPG
1706,NCsoft Lineage M,ncsoft.com,BROAD,Lineage M,30M+,Public (KRX: 036570),"Seoul MMORPG giant",MMORPG mobile leader
1707,NCsoft Blade,ncsoft.com,BROAD,Blade & Soul,30M+,Public (KRX: 036570),"Seoul martial arts MMO",Wuxia MMORPG
1708,NCsoft Aion,ncsoft.com,BROAD,Aion Legions,20M+,Public (KRX: 036570),"Seoul fantasy MMO",Fantasy MMORPG mobile
1709,NCSoft TL,ncsoft.com,BROAD,Throne Liberty,20M+,Public (KRX: 036570),"Seoul open world MMO",Open world MMORPG
1710,Pearl Abyss EVE,pearlabyss.com,BROAD,EVE Echoes,20M+,Public (KRX: 263750),"Seoul space MMO",Space MMORPG mobile
1711,Pearl Abyss DoV,pearlabyss.com,BROAD,DokeV,Pre-launch,Public (KRX: 263750),"Seoul creature collect",Creature collection
1712,Krafton PUBG,krafton.com,BROAD,PUBG Mobile,1B+,Public (KRX: 259960),"Seoul battle royale",Battle royale pioneer
1713,Krafton BGMI,krafton.com,BROAD,BGMI,100M+,Public (KRX: 259960),"Seoul BR India version",India battle royale
1714,Level Infinite PUBG,levelinfinite.com,BROAD,PUBG Mobile,1B+,Tencent subsidiary,"Shenzhen publishing",Tencent publisher brand
1715,Level Infinite Arena,levelinfinite.com,BROAD,Arena Valor,200M+,Tencent subsidiary,"Shenzhen MOBA mobile",Mobile MOBA
1716,Level Infinite Tower,levelinfinite.com,BROAD,Tower of Fantasy,30M+,Tencent subsidiary,"Shenzhen open world",Open world gacha
1717,Timi Studio Honor,timi.qq.com,BROAD,Honor of Kings,500M+,Tencent internal,"Shenzhen top grossing MOBA",China #1 mobile game
1718,Timi Studio CODM,timi.qq.com,BROAD,Call of Duty Mobile,500M+,Tencent internal,"Shenzhen shooter",COD mobile version
1719,Timi Studio Pokemon,timi.qq.com,BROAD,Pokemon Unite,100M+,Tencent internal,"Shenzhen Pokemon MOBA",Pokemon MOBA
1720,Lightspeed Studios,lightspeed.qq.com,BROAD,Game for Peace,300M+,Tencent internal,"Shenzhen shooter",China PUBG version
1721,Lightspeed Apex,lightspeed.qq.com,BROAD,Apex Legends M,30M+,Tencent internal,"Shenzhen BR shooter",Apex mobile version
1722,Aurora Studio,aurora.qq.com,BROAD,Moonlight Blade,50M+,Tencent internal,"Shenzhen wuxia MMO",Wuxia MMORPG mobile
1723,Moonton ML,moonton.com,BROAD,Mobile Legends,1B+,ByteDance subsidiary,"Shanghai MOBA",Southeast Asia MOBA
1724,Moonton MLBB,moonton.com,BROAD,ML Bang Bang,1B+,ByteDance subsidiary,"Shanghai competitive MOBA",Esports MOBA
1725,Nuverse,nuverse.com,BROAD,Marvel Snap,30M+,ByteDance subsidiary,"Beijing publishing",ByteDance games
1726,Ohayoo,ohayoo.cn,BROAD,Various casual,500M+ total,ByteDance subsidiary,"Beijing casual publisher",ByteDance casual
1727,miHoYo Genshin,hoyoverse.com,ADJACENT,Genshin Impact,150M+,Self-funded $30B,"Shanghai open world gacha",Gacha phenomenon
1728,miHoYo Honkai,hoyoverse.com,ADJACENT,Honkai Star,100M+,Self-funded $30B,"Shanghai turn RPG",Turn-based gacha
1729,miHoYo Impact 3rd,hoyoverse.com,ADJACENT,Honkai Impact,50M+,Self-funded $30B,"Shanghai action RPG",Action gacha RPG
1730,miHoYo ZZZ,hoyoverse.com,ADJACENT,Zenless Zone,30M+,Self-funded $30B,"Shanghai action roguelike",Urban action RPG
1731,Hypergryph,hypergryph.com,ADJACENT,Arknights,30M+,Private,"Shanghai tower defense",Tower defense gacha
1732,Yostar Arknights,yo-star.com,ADJACENT,Arknights,30M+,Private,"Shanghai publisher",Anime gacha publisher
1733,Yostar Azur,yo-star.com,ADJACENT,Azur Lane,20M+,Private,"Shanghai naval gacha",Naval gacha game
1734,Yostar Blue,yo-star.com,ADJACENT,Blue Archive,20M+,Private,"Shanghai school RPG",School gacha RPG
1735,Papergames,papegames.net,ADJACENT,Shining Nikki,20M+,Private,"Suzhou dress-up",Fashion gacha dress-up
1736,Papergames Love,papegames.net,ADJACENT,Love Nikki,50M+,Private,"Suzhou dress-up pioneer",Fashion dress-up
1737,X.D. Network,xd.com,BROAD,TapTap platform,100M+,Public (HKG: 2400),"Shanghai game platform",China Steam-like
1738,Bilibili Gaming,bilibiligame.net,ADJACENT,FGO China,50M+,Public (NASDAQ: BILI),"Shanghai anime games",Anime gaming publisher
1739,Bilibili Princess,bilibiligame.net,ADJACENT,Princess Connect,30M+,Public (NASDAQ: BILI),"Shanghai gacha",Anime gacha publisher
1740,NetEase Knives,neteasegames.com,BROAD,Knives Out,200M+,Public (NASDAQ: NTES),"Hangzhou BR shooter",Battle royale shooter
1741,NetEase Identity,neteasegames.com,BROAD,Identity V,200M+,Public (NASDAQ: NTES),"Hangzhou asymmetric",Asymmetric horror
1742,NetEase Onmyoji,neteasegames.com,ADJACENT,Onmyoji,50M+,Public (NASDAQ: NTES),"Hangzhou Japanese RPG",Japanese folklore RPG
1743,NetEase Harry,neteasegames.com,BROAD,Harry Potter,50M+,Public (NASDAQ: NTES),"Hangzhou licensed",Harry Potter mobile
1744,NetEase Diablo,neteasegames.com,BROAD,Diablo Immortal,50M+,Public (NASDAQ: NTES),"Hangzhou Blizzard partner",Diablo mobile co-dev
1745,NetEase Marvel,neteasegames.com,BROAD,Marvel Rivals,30M+,Public (NASDAQ: NTES),"Hangzhou hero shooter",Hero shooter
1746,NetEase Eggy,neteasegames.com,BROAD,Eggy Party,100M+,Public (NASDAQ: NTES),"Hangzhou party game",Party game social
1747,NetEase Racing,neteasegames.com,BROAD,Racing Master,30M+,Public (NASDAQ: NTES),"Hangzhou racing",Racing simulation
1748,NetEase Creative,neteasegames.com,BROAD,Creative Destruction,50M+,Public (NASDAQ: NTES),"Hangzhou sandbox BR",Building BR hybrid
1749,NetEase LifeAfter,neteasegames.com,WHITEOUT SIMILAR,LifeAfter,100M+,Public (NASDAQ: NTES),"Hangzhou survival MMO",Survival MMORPG
1750,NetEase Sky,neteasegames.com,BROAD,Sky Children,50M+,Public (NASDAQ: NTES),"Hangzhou social adventure",Social flying game
1751,thatgamecompany,thatgamecompany.com,BROAD,Sky Children,100M+,Private,"Santa Monica art games",Artistic social game
1752,Innersloth,innersloth.com,BROAD,Among Us,500M+,Private,"Seattle social deduction",Among Us phenomenon
1753,Devolver Digital,devolverdigital.com,BROAD,Various indies,50M+ total,Public (LSE: DEVO),"Austin indie publisher",Indie game publisher
1754,Team17,team17.com,BROAD,Worms,50M+ total,Public (LSE: TM17),"UK game publisher",British game publisher
1755,Hyperhippo,hyperhippo.ca,BROAD,AdVenture Capitalist,50M+,Private,"Victoria BC idle games",Idle tycoon pioneer
1756,Kolibri Games,kolibrigames.com,BROAD,Idle Miner,100M+,Ubisoft acquired,"Berlin idle games",Idle mining tycoon
1757,Pixonic,pixonic.com,BROAD,War Robots,200M+,MY.GAMES subsidiary,"Moscow mech combat",Mech battle PvP
1758,MY.GAMES Rush,my.games,BROAD,Rush Royale,50M+,VK subsidiary,"Amsterdam tower defense",Tower defense PvP
1759,MY.GAMES Hustle,my.games,BROAD,Hustle Castle,50M+,VK subsidiary,"Amsterdam castle RPG",Castle building RPG
1760,MY.GAMES Left,my.games,BROAD,Left to Survive,30M+,VK subsidiary,"Amsterdam zombie shooter",Zombie shooter
1761,Allright,allrightgame.com,BROAD,Various titles,30M+ total,Private,"Cyprus mobile games",Mobile game developer
1762,Playrix ScapesAds,playrix.com,ADJACENT,Gardenscapes,200M+,$7B valuation,"Dublin match-3 leader",Match-3 decoration
1763,Playrix Homescapes,playrix.com,ADJACENT,Homescapes,200M+,$7B valuation,"Dublin match-3 story",Home decoration puzzle
1764,Playrix Township,playrix.com,BROAD,Township,200M+,$7B valuation,"Dublin farm builder",Farm city builder
1765,Playrix Fishdom,playrix.com,ADJACENT,Fishdom,100M+,$7B valuation,"Dublin aquarium puzzle",Aquarium match-3
1766,Playrix Manor,playrix.com,ADJACENT,Manor Matters,50M+,$7B valuation,"Dublin hidden object",Hidden object mystery
1767,Moon Active Coin,moonactive.com,BROAD,Coin Master,100M+,$400M+ funding,"Tel Aviv social casual",Social slot gaming
1768,Moon Active Piggy,moonactive.com,BROAD,Piggy GO,20M+,$400M+ funding,"Tel Aviv board games",Social board game
1769,Seriously Digital,seriously.com,BROAD,Best Fiends,100M+,Playtika acquired,"Helsinki match-3",Finnish match-3 RPG
1770,Socialpoint Dragon,socialpoint.es,BROAD,Dragon City,100M+,Take-Two subsidiary,"Barcelona dragon breeding",Dragon collection
1771,Socialpoint Monster,socialpoint.es,BROAD,Monster Legends,100M+,Take-Two subsidiary,"Barcelona monster RPG",Monster battle RPG
1772,Socialpoint World,socialpoint.es,BROAD,World Chef,30M+,Take-Two subsidiary,"Barcelona cooking",Restaurant management
1773,First Touch Games,firsttouchgames.com,BROAD,Score Hero,100M+,Private,"Dublin soccer games",Soccer story game
1774,First Touch DLS,firsttouchgames.com,BROAD,Dream League,100M+,Private,"Dublin soccer sim",Soccer management
1775,Fingersoft Hill2,fingersoft.com,BROAD,Hill Climb 2,500M+,Private,"Oulu racing physics",Physics racing sequel
1776,Fingersoft Fail,fingersoft.com,BROAD,Fail Hard,50M+,Private,"Oulu stunt racing",Stunt physics game
1777,Frogmind Rumble,frogmind.com,BROAD,Rumble Stars,20M+,Supercell acquired,"Helsinki sports action",Action soccer
1778,Epic Fortnite,epicgames.com,BROAD,Fortnite Mobile,500M+,Private $32B,"Cary NC battle royale",Fortnite on mobile
1779,Epic Rocket League,epicgames.com,BROAD,Rocket League,50M+,Private $32B,"Cary NC car soccer",Rocket League mobile
1780,Activision CODM,activision.com,BROAD,COD Mobile,500M+,Microsoft subsidiary $69B,"Santa Monica shooter",Call of Duty mobile
1781,Activision CODWZ,activision.com,BROAD,Warzone Mobile,100M+,Microsoft subsidiary $69B,"Santa Monica BR",Warzone mobile version
1782,Activision Candy,activision.com,ADJACENT,Candy Crush,3B+,Microsoft subsidiary $69B,"Stockholm match-3",Match-3 pioneer King
1783,Activision Farm,activision.com,BROAD,Farm Heroes,100M+,Microsoft subsidiary $69B,"Stockholm match-3 farm",Farm puzzle King
1784,Activision Bubble,activision.com,BROAD,Bubble Witch,100M+,Microsoft subsidiary $69B,"Stockholm bubble",Bubble shooter King
1785,Activision Pet,activision.com,ADJACENT,Pet Rescue,100M+,Microsoft subsidiary $69B,"Stockholm puzzle",Pet rescue puzzle
1786,EA UFC,ea.com,BROAD,EA Sports UFC,100M+,Public (NASDAQ: EA) $40B,"Vancouver fighting",UFC mobile fighting
1787,EA Need Speed,ea.com,BROAD,Need for Speed,100M+,Public (NASDAQ: EA) $40B,"Criterion racing",Racing mobile game
1788,EA Real Racing,ea.com,BROAD,Real Racing 3,500M+,Public (NASDAQ: EA) $40B,"Firemonkeys racing",Racing simulation
1789,EA Star Wars,ea.com,BROAD,Star Wars GOH,50M+,Public (NASDAQ: EA) $40B,"Capital Games RPG",Star Wars gacha
1790,EA Simpsons,ea.com,BROAD,Simpsons Tapped,50M+,Public (NASDAQ: EA) $40B,"EA Mobile builder",Simpsons city builder
1791,Firemonkeys,firemonkeys.com.au,BROAD,Real Racing 3,500M+,EA subsidiary,"Melbourne racing",Racing developer
1792,Capital Games,capitalgames.com,BROAD,Star Wars GOH,50M+,EA subsidiary,"Sacramento Star Wars",Star Wars mobile RPG
1793,Nintendo Mario,nintendo.com,BROAD,Mario Kart Tour,200M+,Public (TYO: 7974) $60B,"Kyoto racing franchise",Mario Kart mobile
1794,Nintendo Fire,nintendo.com,ADJACENT,Fire Emblem,20M+,Public (TYO: 7974) $60B,"Kyoto tactical RPG",Fire Emblem gacha
1795,Nintendo Animal,nintendo.com,BROAD,Animal Crossing,50M+,Public (TYO: 7974) $60B,"Kyoto life sim",Animal Crossing mobile
1796,Nintendo Pokemon GO,nintendo.com,BROAD,Pokemon GO,1B+,Public (TYO: 7974) $60B,"Kyoto AR Pokemon",Pokemon AR game
1797,DeNA Nintendo,dena.com,BROAD,Mario Kart Tour,200M+,Public (TYO: 2432),"Tokyo Nintendo partner",Nintendo mobile partner
1798,DeNA Pokemon,dena.com,ADJACENT,Pokemon Masters,30M+,Public (TYO: 2432),"Tokyo Pokemon games",Pokemon gacha
1799,CyGames Uma,cygames.co.jp,ADJACENT,Uma Musume,30M+,CyberAgent subsidiary,"Tokyo horse racing gacha",Horse girl gacha
1800,CyGames Princess,cygames.co.jp,ADJACENT,Princess Connect,50M+,CyberAgent subsidiary,"Tokyo anime RPG",Anime gacha RPG
1801,CyGames GBF,cygames.co.jp,ADJACENT,Granblue Fantasy,20M+,CyberAgent subsidiary,"Tokyo classic gacha",Classic gacha RPG
1802,CyGames Shadowverse,cygames.co.jp,ADJACENT,Shadowverse,30M+,CyberAgent subsidiary,"Tokyo card game",Anime card game
1803,CyberAgent Ameba,cyberagent.co.jp,BROAD,Ameba platforms,100M+,Public (TYO: 4751),"Tokyo gaming conglomerate",Japanese gaming group
1804,Aniplex FGO,aniplex.co.jp,ADJACENT,Fate/Grand Order,50M+,Sony Music subsidiary,"Tokyo Fate series",Fate gacha phenomenon
1805,Aniplex Demon,aniplex.co.jp,ADJACENT,Demon Slayer,20M+,Sony Music subsidiary,"Tokyo anime games",Demon Slayer mobile
1806,Bandai Namco DBZ,bandainamcoent.com,ADJACENT,Dragon Ball Z,350M+,Public (TYO: 7832),"Tokyo DBZ games",Dragon Ball gacha
1807,Bandai Namco One,bandainamcoent.com,ADJACENT,One Piece TC,100M+,Public (TYO: 7832),"Tokyo One Piece",One Piece gacha
1808,Bandai Namco Naruto,bandainamcoent.com,ADJACENT,Naruto Blazing,50M+,Public (TYO: 7832),"Tokyo Naruto games",Naruto gacha
1809,Bandai Namco Gundam,bandainamcoent.com,ADJACENT,Gundam Battle,30M+,Public (TYO: 7832),"Tokyo mecha games",Gundam mobile game
1810,Bandai Namco Tales,bandainamcoent.com,ADJACENT,Tales of Series,20M+,Public (TYO: 7832),"Tokyo Tales RPG",Tales gacha mobile
1811,SEGA Sonic,sega.com,BROAD,Sonic Dash,500M+,Public (TYO: 6460),"Tokyo Sonic games",Sonic endless runner
1812,SEGA Sonic Forces,sega.com,BROAD,Sonic Forces,100M+,Public (TYO: 6460),"Tokyo Sonic racing",Sonic mobile racing
1813,SEGA Yakuza,sega.com,BROAD,Yakuza Like,20M+,Public (TYO: 6460),"Tokyo Yakuza mobile",Yakuza mobile version
1814,SEGA Football,sega.com,BROAD,Football Manager,50M+,Public (TYO: 6460),"Tokyo sports sim",Football Manager mobile
1815,Konami YuGiOh,konami.com,ADJACENT,Yu-Gi-Oh DL,150M+,Public (TYO: 9766),"Tokyo card game",YuGiOh card mobile
1816,Konami eFootball,konami.com,BROAD,eFootball,500M+,Public (TYO: 9766),"Tokyo football",PES mobile version
1817,Konami Duel Links,konami.com,ADJACENT,Duel Links,100M+,Public (TYO: 9766),"Tokyo YuGiOh",YuGiOh Duel Links
1818,Square Enix FFBE,square-enix.com,ADJACENT,FF Brave Exvius,50M+,Public (TYO: 9684),"Tokyo FF mobile",Final Fantasy gacha
1819,Square Enix DFFOO,square-enix.com,ADJACENT,Dissidia FF,20M+,Public (TYO: 9684),"Tokyo FF fighting",Final Fantasy mobile
1820,Square Enix DQT,square-enix.com,ADJACENT,Dragon Quest T,30M+,Public (TYO: 9684),"Tokyo DQ mobile",Dragon Quest gacha
1821,Square Enix KH,square-enix.com,ADJACENT,Kingdom Hearts,30M+,Public (TYO: 9684),"Tokyo Disney RPG",Kingdom Hearts mobile
1822,Square Enix NieR,square-enix.com,ADJACENT,NieR Reincarn,20M+,Public (TYO: 9684),"Tokyo action gacha",NieR mobile RPG
1823,Capcom Monster,capcom.com,BROAD,Monster Hunter,50M+,Public (TYO: 9697),"Osaka Monster Hunter",Monster Hunter mobile
1824,Capcom Street,capcom.com,BROAD,Street Fighter,50M+,Public (TYO: 9697),"Osaka fighting games",Street Fighter mobile
1825,Capcom RE,capcom.com,BROAD,RE Resistance,20M+,Public (TYO: 9697),"Osaka horror games",Resident Evil mobile
1826,GungHo PAD,gungho.co.jp,ADJACENT,Puzzle Dragons,80M+,Public (TYO: 3765),"Tokyo puzzle RPG pioneer",Puzzle gacha pioneer
1827,GungHo Teppen,gungho.co.jp,ADJACENT,TEPPEN,10M+,Public (TYO: 3765),"Tokyo card battler",Capcom card game
1828,Colopl Shironeko,colopl.co.jp,ADJACENT,Shironeko,30M+,Public (TYO: 3668),"Tokyo action RPG",Cat action RPG
1829,Colopl Runesaga,colopl.co.jp,ADJACENT,Rune Story,20M+,Public (TYO: 3668),"Tokyo fantasy RPG",Fantasy mobile RPG
1830,KLab Love Live,klab.com,ADJACENT,Love Live,50M+,Public (TYO: 3656),"Tokyo rhythm game",Idol rhythm gacha
1831,KLab Captain,klab.com,ADJACENT,Captain Tsubasa,30M+,Public (TYO: 3656),"Tokyo soccer anime",Anime soccer game
1832,Aiming Caravan,aiming.co.jp,ADJACENT,Caravan Stories,20M+,Public (TYO: 3911),"Tokyo fantasy MMO",Fantasy mobile MMO
1833,Wright Flyer,wfs.games,ADJACENT,Another Eden,20M+,GREE subsidiary,"Tokyo JRPG",Classic style JRPG
1834,GREE,gree.net,BROAD,Various titles,100M+ total,Public (TYO: 3632),"Tokyo social gaming",Japanese social games
1835,Akatsuki Romancing,akatsuki.co.jp,ADJACENT,Romancing SaGa,20M+,Public (TYO: 3932),"Tokyo Square partner",SaGa mobile RPG
1836,Drecom Wizardry,drecom.co.jp,ADJACENT,Wizardry,10M+,Public (TYO: 4423),"Tokyo dungeon RPG",Dungeon crawler mobile
1837,f4samurai Magia,f4samurai.jp,ADJACENT,Magia Record,20M+,Private,"Tokyo Madoka game",Madoka gacha
1838,Applibot Blade,applibot.co.jp,ADJACENT,Blade Xlord,10M+,CyberAgent subsidiary,"Tokyo action RPG",Action gacha RPG
1839,Marvelous DAEMON,marv.jp,BROAD,DAEMON X,20M+,Public (TYO: 7844),"Tokyo mecha action",Mecha action mobile
1840,Boltrend Games,boltrend.com,ADJACENT,Disgaea RPG,20M+,Private,"Guangzhou JRPG publisher",JRPG mobile publisher
1841,Crunchyroll Games,crunchyroll.com,ADJACENT,Princess Connect,30M+,Sony subsidiary,"SF anime games",Anime game publisher
1842,Bushiroad,bushiroad.com,ADJACENT,BanG Dream,30M+,Public (TYO: 7803),"Tokyo rhythm games",Rhythm gacha games
1843,Bushiroad Revue,bushiroad.com,ADJACENT,Revue Starlight,10M+,Public (TYO: 7803),"Tokyo musical RPG",Musical theater gacha
1844,HoYoverse Tears,hoyoverse.com,ADJACENT,Tears of Themis,20M+,miHoYo subsidiary,"Shanghai otome",Otome detective game
1845,Netmarble Ni no,netmarble.com,ADJACENT,Ni no Kuni,20M+,Public (KRX: 251270),"Seoul Ghibli RPG",Studio Ghibli mobile
1846,Netmarble KOFAS,netmarble.com,BROAD,KOF All Star,30M+,Public (KRX: 251270),"Seoul fighting gacha",King of Fighters mobile
1847,Netmarble A3,netmarble.com,BROAD,A3 Still Alive,20M+,Public (KRX: 251270),"Seoul battle royale MMO",BR MMO hybrid
1848,Nexon Blue Archive,nexon.com,ADJACENT,Blue Archive,30M+,Public (TYO: 3659),"Tokyo school gacha",School gacha RPG
1849,Nexon V4,nexon.com,BROAD,V4 Global,20M+,Public (TYO: 3659),"Tokyo open world MMO",Open world MMORPG
1850,Nexon KartRider,nexon.com,BROAD,KartRider Rush,50M+,Public (TYO: 3659),"Tokyo racing",Kart racing mobile
1851,Nexon FC Mobile,nexon.com,BROAD,FC Mobile,100M+,Public (TYO: 3659),"Tokyo soccer",EA FIFA partner
1852,Smilegate Crossfire,smilegate.com,BROAD,CrossFire,100M+,Private,"Seoul FPS",CrossFire mobile
1853,Smilegate Lost Ark,smilegate.com,BROAD,Lost Ark,50M+,Private,"Seoul ARPG",Lost Ark publisher
1854,Gravity Ragnarok,gravity.co.kr,BROAD,Ragnarok M,50M+,Public (NASDAQ: GRVY),"Seoul classic MMORPG",Ragnarok mobile
1855,Webzen MU,webzen.com,BROAD,MU Origin,50M+,Public (KRX: 069080),"Seoul classic MMORPG",MU mobile version
1856,Gamigo Trove,gamigo.com,BROAD,Trove,30M+,MGI subsidiary,"Hamburg MMO publisher",MMO game publisher
1857,Wargaming WoT,wargaming.net,BROAD,World of Tanks,200M+,Private,"Nicosia tank combat",Tank combat PvP
1858,Wargaming WoWS,wargaming.net,BROAD,World of Warships,100M+,Private,"Nicosia naval combat",Naval combat PvP
1859,Gaijin War Thunder,gaijin.net,BROAD,War Thunder,50M+,Private,"Budapest combat sim",Military combat sim
1860,Mail.ru MY.GAMES,my.games,BROAD,Various titles,300M+ total,VK subsidiary,"Amsterdam publisher",Russian game publisher
1861,Nordeus Top Eleven,nordeus.com,BROAD,Top Eleven,250M+,Take-Two subsidiary,"Belgrade soccer manager",Soccer management
1862,Nacon Racing,nacon.com,BROAD,WRC Rally,30M+,Public (EPA: NACON),"Paris racing publisher",Racing game publisher
1863,Focus Home,focus-entmt.com,BROAD,Various titles,30M+ total,Public (EPA: ALFOC),"Paris publisher",AA game publisher
1864,Aeria Games,aeriagames.com,BROAD,Various MMO,50M+ total,Gamigo subsidiary,"Berlin F2P publisher",F2P game publisher
1865,Innova,innova.games,BROAD,Lineage 2,30M+,Private,"Moscow MMO publisher",Russian MMO publisher
1866,Scopely WWE,scopely.com,BROAD,WWE Champions,50M+,$4.9B Savvy acquisition,"LA wrestling games",WWE mobile game
1867,Scopely Walking,scopely.com,WHITEOUT SIMILAR,Walking Dead,30M+,$4.9B Savvy acquisition,"LA zombie survival",Walking Dead mobile
1868,Scopely Yahtzee,scopely.com,BROAD,Yahtzee Hands,50M+,$4.9B Savvy acquisition,"LA dice games",Classic dice mobile
1869,Scopely Looney,scopely.com,BROAD,Looney Tunes,50M+,$4.9B Savvy acquisition,"LA cartoon games",Looney Tunes RPG
1870,Tilting Point Warhammer,tiltingpoint.com,BROAD,Warhammer,30M+,Private,"NYC Warhammer games",Warhammer mobile
1871,Tilting Point SpongeBob,tiltingpoint.com,BROAD,SpongeBob,50M+,Private,"NYC licensed games",SpongeBob mobile
1872,Kabam Marvel,kabam.com,BROAD,Marvel CoC,200M+,Netmarble subsidiary,"Vancouver Marvel games",Marvel fighting
1873,Kabam Transformers,kabam.com,BROAD,Transformers,50M+,Netmarble subsidiary,"Vancouver Hasbro games",Transformers mobile
1874,FoxNext Marvel,foxnextgames.com,BROAD,Marvel Strike,100M+,Scopely acquired,"LA Marvel games",Marvel turn-based
1875,Second Dinner Marvel,seconddinner.com,ADJACENT,Marvel Snap,50M+,$100M Series B unicorn,"Irvine card battler",Marvel card game
1876,Velan Studios,velanstudios.com,BROAD,Mario Kart,200M+,Private,"Troy NY Nintendo partner",Mario Kart mobile partner
1877,Behaviour Interactive,bhvr.com,BROAD,Dead by Daylight,50M+,Private,"Montreal horror games",Dead by Daylight mobile
1878,Ludia JWTG Dev,ludia.com,BROAD,Jurassic World,100M+,Jam City subsidiary,"Montreal dinosaurs",Jurassic World games
1879,Gumi Brave,gumi.co.jp,ADJACENT,Brave Frontier,40M+,Public (TYO: 3903),"Tokyo gacha pioneer",Brave Frontier gacha
1880,Gumi FFBE,gumi.co.jp,ADJACENT,Final Fantasy BE,50M+,Public (TYO: 3903),"Tokyo FF developer",FF Brave Exvius dev
1881,XFLAG Monster,xflag.com,ADJACENT,Monster Strike,50M+,MIXI subsidiary,"Tokyo monster battler",Monster Strike Japan
1882,MIXI Corporation,mixi.co.jp,ADJACENT,Monster Strike,50M+,Public (TYO: 2121),"Tokyo social games",Japanese gaming giant
1883,Pokelabo SINoALICE,pokelabo.co.jp,ADJACENT,SINoALICE,20M+,GREE/Sony subsidiary,"Tokyo dark RPG",Yoko Taro mobile RPG
1884,Sumzap Ranbu,sumzap.co.jp,ADJACENT,Touken Ranbu,20M+,bandai Namco subsidiary,"Tokyo sword boys",Sword personification
1885,Happy Elements Ensemble,happyelements.com,ADJACENT,Ensemble Stars,30M+,Private,"Tokyo idol game",Male idol gacha
1886,Happy Elements Mahjong,happyelements.com,BROAD,Mahjong Soul,20M+,Private,"Tokyo mahjong",Online mahjong game
1887,Donuts Ensemble,donuts.ne.jp,ADJACENT,Tokyo 7th Sisters,10M+,Private,"Tokyo idol rhythm",Idol rhythm game
1888,Yostar Girls,yo-star.com,ADJACENT,Girls Frontline,30M+,Private,"Shanghai tactical RPG",Gun girl gacha
1889,MICA Team GFL,micateam.cn,ADJACENT,Girls Frontline,30M+,Private,"Shanghai tactical",Tactical dolls RPG
1890,Sunborn GFL2,sunborngame.com,ADJACENT,GFL2 Exilium,20M+,Private,"Shanghai sequel",Girls Frontline 2
1891,Eagle Games,eaglegames.com.tw,ADJACENT,Destiny Child,20M+,SHIFT UP acquired,"Taiwan gacha",Gacha character game
1892,SHIFT UP Nikke,shiftup.co.kr,ADJACENT,Goddess Nikke,50M+,Public (KRX: 462870),"Seoul shooter gacha",Shooter RPG gacha
1893,SHIFT UP Stellar,shiftup.co.kr,ADJACENT,Stellar Blade,20M+,Public (KRX: 462870),"Seoul action",Action adventure
1894,NAT Games,natgames.co.kr,ADJACENT,Overhit,20M+,Nexon subsidiary,"Seoul gacha RPG",Visual gacha RPG
1895,GAMEVIL Sky,gamevil.com,ADJACENT,Sky Knights,15M+,Com2Us subsidiary,"Seoul MMORPG",Anime style MMO
1896,Kakao Archeage,kakaogames.com,BROAD,Archeage,30M+,Public (KRX: 293490),"Seoul sandbox MMO",Sandbox MMORPG
1897,XL Games Archeage,xlgames.com,BROAD,Archeage,30M+,Private,"Seoul MMO pioneer",Korean MMO developer
1898,Longtu Korea,longtu.co.kr,BROAD,Dragon Raja,30M+,Tencent subsidiary,"Seoul open world RPG",Open world mobile RPG
1899,JOYCITY Gunship,joycity.com,BROAD,Gunship Battle,100M+,Private,"Seoul military games",Helicopter combat
1900,JOYCITY Pirates,joycity.com,BROAD,Pirates of Caribbean,30M+,Private,"Seoul licensed",Pirates mobile game
1901,Devsisters Cookie,devsisters.com,ADJACENT,Cookie Run,100M+,Public (KOSDAQ),"Seoul runner gacha",Cookie Run franchise
1902,Devsisters Kingdom,devsisters.com,ADJACENT,Cookie Kingdom,50M+,Public (KOSDAQ),"Seoul gacha strategy",Cookie Run Kingdom
1903,111percent Archero,111percent.net,BROAD,Archero,100M+,Private,"Seoul roguelike",Archero mobile
1904,Habby Archero,habby.com,BROAD,Archero,100M+,Private,"Singapore roguelike publisher",Roguelike shooter
1905,Habby Survivor,habby.com,BROAD,Survivor.io,100M+,Private,"Singapore survivor",Zombie survival shooter
1906,Habby Punball,habby.com,BROAD,Punball,50M+,Private,"Singapore roguelike",Pinball roguelike
1907,Lightfox Games,lightfoxgames.com,BROAD,SSSnaker,50M+,Private,"Singapore casual",Snake roguelike
1908,Ohayoo Games,ohayoo.cn,BROAD,Various casual,500M+ total,ByteDance subsidiary,"Beijing hypercasual",ByteDance casual arm
1909,Ohayoo Survivor,ohayoo.cn,BROAD,Survival games,100M+,ByteDance subsidiary,"Beijing survival casual",Casual survival games
1910,CMGE iQIYI,cmge.com,BROAD,Various titles,200M+ total,Public (HKG: 0302),"Hong Kong publisher",Chinese publisher
1911,iQIYI Games,iqiyi.com,BROAD,Various titles,100M+ total,iQIYI subsidiary,"Beijing streaming games",Streaming platform games
1912,Alibaba Games,alibabagroup.com,BROAD,Various titles,200M+ total,Public (NYSE: BABA),"Hangzhou platform games",Alibaba gaming division
1913,Seasun Westward,seasungames.com,BROAD,Westward Journey,50M+,Kingsoft subsidiary,"Zhuhai classic MMORPG",Classic Chinese MMO
1914,Kingsoft Sword,kingsoft.com,BROAD,Swordsman,30M+,Public (HKG: 3888),"Beijing wuxia games",Wuxia MMO mobile
1915,ZLongGame Langrisser,zlongame.com,ADJACENT,Langrisser,30M+,Tencent invested,"Beijing SRPG",Tactical RPG mobile
1916,ZLongGame SaintSeiya,zlongame.com,ADJACENT,Saint Seiya,20M+,Tencent invested,"Beijing anime gacha",Saint Seiya mobile
1917,Yotta Games,yottagames.com,WHITEOUT SIMILAR,Mafia City,100M+,Private,"Shanghai mafia strategy",Mafia city builder
1918,Yotta Rise,yottagames.com,WHITEOUT SIMILAR,Rise of Mafia,30M+,Private,"Shanghai crime strategy",Crime strategy game
1919,ELEX WZ,elex.com,WHITEOUT SIMILAR,Warpath,30M+,Private,"Beijing military strategy",WWII tank strategy
1920,ELEX Game,elextech.com,BROAD,Game of Sultans,50M+,Private,"Beijing historical sim",Sultan simulation
1921,ELEX Rage,elextech.com,BROAD,Rage of Kings,30M+,Private,"Beijing strategy",Kingdom strategy
1922,MZ Game Mobile,mzgame.com,WHITEOUT SIMILAR,Game of War,100M+,Private,"Palo Alto strategy pioneer",GOW Fire Age
1923,MZ Mobile Strike,mzgame.com,WHITEOUT SIMILAR,Mobile Strike,50M+,Private,"Palo Alto combat strategy",Arnold strategy game
1924,MZ Final Fantasy,mzgame.com,WHITEOUT SIMILAR,FF New Empire,50M+,Private,"Palo Alto FF strategy",Final Fantasy strategy
1925,Epic Action,epicaction.com,WHITEOUT SIMILAR,Rise of Empires,50M+,Private,"Hong Kong empire strategy",Ice and fire strategy
1926,Deluxe Games Rise,deluxegames.com,WHITEOUT SIMILAR,Rise of Empires,50M+,Private,"HK strategy",Empire building RTS
1927,Nova Games AoZ,novagames.com,WHITEOUT SIMILAR,Age of Z,30M+,Private,"Hong Kong zombie strategy",Zombie strategy game
1928,Camel Age Origins,camelgames.com,WHITEOUT SIMILAR,Age of Origins,50M+,Private,"Hong Kong tower defense",TD zombie strategy
1929,Century Frozen,centurygames.com,WHITEOUT SIMILAR,Frozen City,30M+,VC-backed,"Singapore frozen survival",Ice survival builder
1930,Ace Games Hair,acegames.io,BROAD,Hair Challenge,100M+,Private,"Istanbul hypercasual",Turkish hypercasual
1931,Ace Games High,acegames.io,BROAD,High Heels,200M+,Private,"Istanbul hypercasual",Heels runner game
1932,Rollic Blob,rollic.gs,BROAD,Blob Runner,100M+,Zynga acquired,"Istanbul hypercasual",Blob runner game
1933,Rollic Tangle,rollic.gs,BROAD,Tangle Master,100M+,Zynga acquired,"Istanbul puzzle hypercasual",Untangle puzzle
1934,Rollic Roof,rollic.gs,BROAD,Roof Rails,200M+,Zynga acquired,"Istanbul runner",Rail grinding runner
1935,Popcore Paper,popcore.com,BROAD,Paperio,100M+,Private,"Berlin casual games",Territory casual game
1936,Geisha Tokyo,geishatokyo.com,BROAD,Various titles,50M+ total,Private,"Tokyo casual publisher",Japanese casual games
1937,PONOS Battle,ponos.jp,BROAD,Battle Cats,80M+,Private,"Kyoto tower defense",Cat tower defense
1938,GameLoft Asphalt,gameloft.com,BROAD,Asphalt 9,200M+,Vivendi subsidiary $24B,"Barcelona racing",Premium mobile racing
1939,GameLoft Dungeon,gameloft.com,BROAD,Dungeon Hunter,100M+,Vivendi subsidiary,"Barcelona ARPG",Action RPG franchise
1940,GameLoft Order,gameloft.com,WHITEOUT SIMILAR,Order Chaos,50M+,Vivendi subsidiary,"Barcelona MMORPG",Mobile MMORPG
1941,Vivendi Games,vivendi.com,BROAD,Various titles,500M+ total,Public (EPA: VIV) $24B,"Paris gaming group",Vivendi gaming portfolio
1942,Tencent QQ,qq.com,BROAD,QQ Speed,200M+,Public (HKG: 0700) $400B,"Shenzhen racing China",QQ branded racing
1943,Tencent WeGame,wegame.com.cn,BROAD,Various titles,500M+ total,Public (HKG: 0700) $400B,"Shenzhen platform",Chinese gaming platform
1944,Garena Free Fire,garena.com,BROAD,Free Fire,1B+,Sea Limited (NYSE: SE),"Singapore battle royale",Free Fire BR
1945,Garena Speed,garena.com,BROAD,Speed Drifters,100M+,Sea Limited,"Singapore racing",Mobile racing
1946,Sea Shopee,seagroup.com,BROAD,Shopee games,200M+ total,Public (NYSE: SE),"Singapore casual games",E-commerce casual
1947,VNG ZingPlay,vng.com.vn,BROAD,ZingPlay,100M+,Private $2.5B valuation,"Vietnam gaming giant",Vietnamese gaming
1948,VNG Zing Speed,vng.com.vn,BROAD,Zing Speed,50M+,Private $2.5B,"Vietnam racing",Vietnamese racing
1949,VNG PUBG VN,vng.com.vn,BROAD,PUBG Mobile VN,50M+,Private $2.5B,"Vietnam BR",PUBG Vietnam version
1950,Agate Kimo,agate.id,BROAD,Kimo Friends,20M+,Private,"Jakarta Indonesian studio",Indonesian game dev
1951,Touchten Games,touchten.com,BROAD,Target of Bane,10M+,Private,"Jakarta indie studio",Indonesian developer
1952,Dunia Games,duniagames.co.id,BROAD,Various titles,50M+ total,Telkomsel subsidiary,"Jakarta telecom games",Indonesian game platform
1953,Globe Games,globe.com.ph,BROAD,Various titles,30M+ total,Globe Telecom subsidiary,"Manila telecom games",Philippine gaming
1954,AIS Games,ais.th,BROAD,Various titles,50M+ total,AIS subsidiary,"Bangkok telecom games",Thai gaming platform
1955,True Digital,truedigital.co.th,BROAD,Various titles,30M+ total,True Corp subsidiary,"Bangkok digital games",Thai digital gaming
1956,Tencent SEA,tencent.com,BROAD,Various SEA,500M+ total,Public (HKG: 0700),"Singapore regional",Tencent SEA publishing
1957,ByteDance Pico,bytedance.com,BROAD,Pico VR games,30M+ total,Private $220B,"Beijing VR gaming",VR gaming platform
1958,Roblox Corporation,roblox.com,BROAD,Roblox,600M+,Public (NYSE: RBLX) $25B,"San Mateo platform",Roblox gaming platform
1959,Unity Technologies,unity.com,BROAD,Various games,1B+ total,Public (NYSE: U) $7B,"San Francisco engine",Unity game engine
1960,Playable Games,playablegames.com,BROAD,Various titles,30M+ total,Private,"Copenhagen mobile",Danish mobile developer
1961,Tactile Games Lily,tactilegames.com,ADJACENT,Lily's Garden,100M+,Private,"Copenhagen match-3 story",Story driven match-3
1962,Nordcurrent Cooking,nordcurrent.com,BROAD,Cooking Fever,500M+,Private,"Vilnius cooking games",Cooking game leader
1963,Nordcurrent Murder,nordcurrent.com,BROAD,Murder Mystery,50M+,Private,"Vilnius mystery games",Mystery casual games
1964,G5 Entertainment,g5e.com,ADJACENT,Hidden City,100M+,Public (STO: G5EN),"Stockholm hidden object",Hidden object publisher
1965,G5 Sherlock,g5e.com,ADJACENT,Sherlock,50M+,Public (STO: G5EN),"Stockholm mystery",Mystery adventure games
1966,G5 Jewels,g5e.com,ADJACENT,Jewels of Rome,30M+,Public (STO: G5EN),"Stockholm match-3",Match-3 adventure
1967,G5 Mahjong,g5e.com,ADJACENT,Mahjong Journey,50M+,Public (STO: G5EN),"Stockholm puzzle",Mahjong puzzle game
1968,Huawei GameCenter,consumer.huawei.com,BROAD,Various titles,500M+ total,Huawei subsidiary,"Shenzhen platform",Huawei game store
1969,Xiaomi Games,mi.com,BROAD,Various titles,300M+ total,Public (HKG: 1810),"Beijing platform",Xiaomi game center
1970,OPPO Games,oppo.com,BROAD,Various titles,300M+ total,BBK subsidiary,"Dongguan platform",OPPO gaming platform
1971,Vivo Games,vivo.com,BROAD,Various titles,200M+ total,BBK subsidiary,"Dongguan platform",Vivo game center
1972,Samsung Galaxy,samsung.com,BROAD,Various titles,500M+ total,Public (KRX: 005930),"Seoul platform",Samsung gaming
1973,Apple Arcade,apple.com,BROAD,Arcade titles,200M+ total,Public (NASDAQ: AAPL) $3T,"Cupertino subscription",Apple gaming subscription
1974,Google Play,google.com,BROAD,Various titles,5B+ total,Alphabet (NASDAQ: GOOGL) $2T,"Mountain View platform",Google Play games
1975,Amazon Games,amazon.com,BROAD,Various titles,100M+ total,Public (NASDAQ: AMZN) $2T,"Seattle games",Amazon gaming division
1976,Netflix Games,netflix.com,BROAD,Various titles,50M+ total,Public (NASDAQ: NFLX) $250B,"Los Gatos streaming games",Netflix mobile gaming
1977,Devolver Fall,devolverdigital.com,BROAD,Fall Guys,100M+,Public (LSE: DEVO),"Austin indie publisher",Fall Guys publisher
1978,Mediatonic Fall,mediatonicgames.com,BROAD,Fall Guys,100M+,Epic Games acquired,"London party games",Fall Guys developer
1979,Psyonix Rocket,psyonix.com,BROAD,Rocket League,100M+,Epic Games subsidiary,"San Diego car soccer",Rocket League dev
1980,Facepunch Rust,facepunch.com,BROAD,Rust,20M+,Private,"Birmingham survival",Rust game developer
1981,Double Eleven Rust,double11.com,BROAD,Rust Console,20M+,Private,"Middlesbrough ports",Console port specialist
1982,505 Games,505games.com,BROAD,Various titles,100M+ total,Digital Bros subsidiary,"Milan publisher",AA game publisher
1983,THQ Nordic,thqnordic.com,BROAD,Various titles,50M+ total,Embracer subsidiary,"Vienna publisher",AA game publisher
1984,Deep Silver,deepsilver.com,BROAD,Various titles,50M+ total,Embracer subsidiary,"Munich publisher",AA game publisher
1985,Coffee Stain,coffeestain.com,BROAD,Goat Simulator,50M+,Embracer subsidiary,"Skövde indie",Goat Simulator dev
1986,Saber Interactive,saber.games,BROAD,Various titles,50M+ total,Embracer subsidiary,"New Jersey ports",Port specialist studio
1987,Gearbox Software,gearboxsoftware.com,BROAD,Borderlands,30M+,Embracer subsidiary,"Frisco TX shooter",Borderlands franchise
1988,Crystal Dynamics,crystald.com,BROAD,Tomb Raider,50M+,Embracer subsidiary,"Redwood City action",Tomb Raider developer
1989,Eidos Montreal,eidosmontreal.com,BROAD,Deus Ex,30M+,Embracer subsidiary,"Montreal AAA",AAA game developer
1990,Square Enix West,square-enix.com,BROAD,Various titles,100M+ total,Public (TYO: 9684),"London Western games",Western game publishing
1991,Koch Media,kochmedia.com,BROAD,Various titles,50M+ total,Embracer subsidiary,"Munich publisher",European publisher
1992,Curve Games,curve-games.com,BROAD,Human Fall Flat,50M+,Private,"London indie publisher",Human Fall Flat
1993,No Brakes Human,nobrakegames.com,BROAD,Human Fall Flat,50M+,Private,"Vilnius physics puzzle",Human Fall Flat dev
1994,Landfall Games,landfall.se,BROAD,Totally Accurate,30M+,Private,"Stockholm physics games",Physics comedy games
1995,Bossa Studios,bossastudios.com,BROAD,Surgeon Simulator,30M+,Private,"London physics games",Surgeon Simulator
1996,Hello Games No,hellogames.org,BROAD,No Man's Sky,20M+,Private,"Guildford exploration",No Man's Sky studio
1997,Frontier Dev,frontier.co.uk,BROAD,Jurassic World,30M+,Public (LSE: FDEV),"Cambridge sim games",Simulation specialist
1998,Paradox Interactive,paradoxinteractive.com,BROAD,Various strategy,50M+ total,Public (STO: PDX),"Stockholm strategy",Grand strategy publisher
1999,Paradox Cities,paradoxinteractive.com,BROAD,Cities Skylines,30M+,Public (STO: PDX),"Stockholm city builder",City building sim
2000,Colossal Order,colossalorder.fi,BROAD,Cities Skylines,30M+,Private,"Helsinki city builder",Cities Skylines dev
2001,Haemimont Games,haemimont-games.com,BROAD,Tropico,20M+,THQ Nordic subsidiary,"Sofia city builder",Tropico developer
2002,Kalypso Media,kalypsomedia.com,BROAD,Tropico,30M+,Private,"Worms publisher",Tropico publisher
2003,11 bit studios,11bitstudios.com,WHITEOUT SIMILAR,Frostpunk,30M+,Public (WSE: 11B),"Warsaw survival sim",Frostpunk developer
2004,Robot Gentleman,robotgentleman.com,BROAD,60 Seconds,30M+,Private,"Warsaw survival games",60 Seconds developer
2005,Artifex Mundi,artifexmundi.com,ADJACENT,Hidden objects,100M+ total,Public (WSE: ART),"Zabrze hidden object",Polish hidden object
2006,Ten Square Games,tensquaregames.com,BROAD,Fishing Clash,100M+,Public (WSE: TEN),"Wroclaw fishing games",Fishing game leader
2007,Ten Square Let's,tensquaregames.com,BROAD,Let's Fish,50M+,Public (WSE: TEN),"Wroclaw fishing",Casual fishing game
2008,CreativeForge Hunt,creativeforge.pl,BROAD,Hunt games,20M+,Private,"Warsaw tactical games",Polish tactical dev
2009,CI Games Lords,cigames.com,BROAD,Lords Fallen,20M+,Public (WSE: CIG),"Warsaw action RPG",Polish action RPG
2010,Techland Dying,techland.pl,BROAD,Dying Light,30M+,Private,"Wroclaw survival",Dying Light developer
2011,CD Projekt RED,cdprojektred.com,BROAD,Cyberpunk,30M+,Public (WSE: CDR) $8B,"Warsaw RPG giant",Cyberpunk developer
2012,Playway SA,playway.com,BROAD,Various sims,200M+ total,Public (WSE: PLW),"Warsaw sim publisher",Polish sim publisher
2013,Klabater,klabater.com,BROAD,Various ports,30M+ total,Playway subsidiary,"Warsaw publisher",Polish game publisher
2014,Gaming Factory,gamingfactory.pl,BROAD,Various titles,20M+ total,Playway subsidiary,"Warsaw developer",Polish game developer
2015,Movie Games,moviegames.pl,BROAD,Drug Dealer Sim,20M+,Public (WSE: MOV),"Warsaw sim games",Simulator developer
2016,Ultimate Games,ultimate-games.com,BROAD,Various titles,50M+ total,Public (WSE: ULT),"Warsaw publisher",Polish publisher
2017,SimFabric,simfabric.com,BROAD,Various sims,30M+ total,Public (NewConnect),"Warsaw sim developer",Simulator specialist
2018,Forever Entertainment,forever-entertainment.com,BROAD,Various titles,50M+ total,Public (WSE: FEV),"Warsaw remakes",Remake specialist
2019,All in! Games,allingames.com,BROAD,Various titles,30M+ total,Private,"Krakow publisher",Polish AA publisher
2020,Bloober Team,blooberteam.com,BROAD,Layers of Fear,30M+,Public (WSE: BLO),"Krakow horror",Horror game developer
2021,One More Level,omlgames.com,BROAD,Ghostrunner,20M+,Bloober partnership,"Krakow action",Polish action dev
2022,Anshar Studios,ansharstudios.com,BROAD,Gamedec,10M+,Private,"Krakow RPG",Polish RPG developer
2023,People Can Fly,peoplecanfly.com,BROAD,Outriders,30M+,Public (WSE: PCF),"Warsaw shooter",Shooter developer
2024,Flying Wild Hog,flyingwildhog.com,BROAD,Shadow Warrior,30M+,Koch Media subsidiary,"Warsaw shooter",Shadow Warrior dev
2025,Starward Industries,starward.industries,BROAD,The Invincible,10M+,Public (WSE: SWI),"Krakow sci-fi",Polish sci-fi dev
2026,Draw Distance,drawdistance.com,BROAD,Serial Cleaner,20M+,Public (WSE: DDI),"Krakow indie",Polish indie dev
2027,Creepy Jar Green,creepyjar.com,BROAD,Green Hell,20M+,Private,"Warsaw survival",Green Hell developer
2028,Reality Games London,wearerealitygames.com,BROAD,Landlord GO,10M+,Private,"London location games",Location-based games
2029,MAG Interactive,maginteractive.com,ADJACENT,WordBrain,100M+,Private,"Stockholm word games",Swedish word puzzle
2030,Tactile Games Word,tactilegames.com,ADJACENT,Word Trip,50M+,Private,"Copenhagen word games",Word puzzle games
2031,BitMango Word,bitmango.com,ADJACENT,Word Cookies,100M+,Private,"Seoul word puzzle",Korean word games
2032,PeopleFun Word,peoplefun.com,ADJACENT,Wordscapes,100M+,AppLovin subsidiary,"Dallas word games",US word puzzle
2033,Bitmango Block,bitmango.com,ADJACENT,Block Puzzle,100M+,Private,"Seoul puzzle games",Block puzzle leader
2034,Bitmango Roll,bitmango.com,BROAD,Roll the Ball,100M+,Private,"Seoul puzzle games",Sliding puzzle
2035,AppLovin Lion,applovin.com,BROAD,Lion Studios games,1B+ total,Public (NASDAQ: APP) $80B,"Palo Alto hypercasual",Hypercasual publisher
2036,AppLovin Max Network,applovin.com,BROAD,MAX mediation,5B+ total,Public (NASDAQ: APP) $80B,"Palo Alto ad tech",Mobile ad leader
2037,ironSource Growth,ironsrc.com,BROAD,ironSource games,2B+ total,Unity merged,"Tel Aviv gaming platform",Ad platform games
2038,Applovin Machine Zone,applovin.com,WHITEOUT SIMILAR,Game of War,100M+,AppLovin acquired,"Palo Alto strategy",Strategy game pioneer
2039,IronHide Kingdom,ironhidegames.com,BROAD,Kingdom Rush,100M+,Private,"Uruguay tower defense",TD franchise leader
2040,IronHide Legends,ironhidegames.com,BROAD,Legends of Kingdom,50M+,Private,"Uruguay TD sequel",Kingdom Rush sequel
2041,IronHide Origins,ironhidegames.com,BROAD,Kingdom Origins,50M+,Private,"Uruguay TD prequel",Kingdom Rush prequel
2042,IronHide Vengeance,ironhidegames.com,BROAD,Kingdom Vengeance,30M+,Private,"Uruguay TD sequel",Kingdom Rush Vengeance
2043,Ninja Kiwi BTD,ninjakiwi.com,BROAD,Bloons TD 6,50M+,Private,"New Zealand TD",Bloons TD franchise
2044,Ninja Kiwi Battles,ninjakiwi.com,BROAD,Bloons TD Battles,50M+,Private,"New Zealand TD PvP",Competitive TD
2045,Rogue Games,rogueco.com,BROAD,Various titles,30M+ total,$10M funding,"LA indie publisher",Mobile indie publisher
2046,Beamdog,beamdog.com,BROAD,Baldur's Gate,10M+,Private,"Edmonton RPG ports",Classic RPG mobile
2047,Larian Studios,larian.com,BROAD,Baldur's Gate 3,20M+,Private,"Ghent RPG giant",BG3 developer
2048,Spiders Games,spiders-games.com,BROAD,Greedfall,10M+,Private,"Paris action RPG",French RPG dev
2049,Focus Ent Spiders,focus-entmt.com,BROAD,Greedfall,10M+,Public (EPA: ALFOC),"Paris publisher",Greedfall publisher
2050,Asobo Studio,asobostudio.com,BROAD,MS Flight Sim,20M+,Private,"Bordeaux sim dev",Flight Sim developer
2051,Dontnod Entertainment,dontnod.com,BROAD,Life is Strange,30M+,Public (EPA: ALDNE),"Paris narrative",Life is Strange dev
2052,Deck Nine Games,deck9.com,BROAD,Life is Strange TC,20M+,Private,"Denver narrative",LiS True Colors dev
2053,Telltale Games,telltale.com,BROAD,Walking Dead,50M+,LCG Entertainment,"Malibu narrative",Walking Dead games
2054,Skybound Games,skyboundgames.com,BROAD,Walking Dead,50M+,Skybound subsidiary,"LA licensed games",Walking Dead publisher
2055,Quantic Dream,quanticdream.com,BROAD,Detroit Human,20M+,NetEase invested,"Paris interactive drama",Heavy Rain dev
2056,Supermassive Games,supermassivegames.com,BROAD,Until Dawn,20M+,Nordisk Games invested,"Guildford horror",Until Dawn developer
2057,Rebellion,rebellion.com,BROAD,Sniper Elite,50M+,Private,"Oxford shooter",Sniper Elite franchise
2058,CipSoft Tibia,cipsoft.com,BROAD,Tibia,10M+,Private,"Regensburg MMORPG",Classic MMORPG
2059,Artix Entertainment,artix.com,BROAD,AQ3D,20M+,Private,"Tampa RPG studio",Browser to mobile RPG
2060,Jagex RuneScape,jagex.com,BROAD,RuneScape Mobile,50M+,Private,"Cambridge MMORPG",RuneScape mobile version
2061,Jagex OSRS,jagex.com,BROAD,Old School RS,50M+,Private,"Cambridge classic MMO",OSRS mobile
2062,Blizzard Hearthstone,blizzard.com,ADJACENT,Hearthstone,100M+,Microsoft subsidiary $69B,"Irvine card game",Hearthstone CCG
2063,Blizzard WoW,blizzard.com,BROAD,WoW companion,30M+,Microsoft subsidiary,"Irvine MMO support",WoW mobile app
2064,Riot Legends,riotgames.com,BROAD,League Legends WR,100M+,Tencent subsidiary,"LA MOBA mobile",LoL Wild Rift
2065,Riot TFT,riotgames.com,ADJACENT,Teamfight Tactics,100M+,Tencent subsidiary,"LA autobattler",TFT mobile version
2066,Riot Valorant,riotgames.com,BROAD,Valorant Mobile,Pre-launch,Tencent subsidiary,"LA tactical shooter",Valorant mobile
2067,Digital Extremes,digitalextremes.com,BROAD,Warframe,50M+,Tencent acquired,"London ON looter shooter",Warframe mobile
2068,Grinding Gear,pathofexile.com,BROAD,Path of Exile,30M+,Tencent acquired,"Auckland ARPG",PoE mobile version
2069,Funcom Conan,funcom.com,BROAD,Conan Exiles,20M+,Tencent acquired,"Oslo survival MMO",Conan mobile
2070,Sharkmob Bloodhunt,sharkmob.com,BROAD,Bloodhunt,10M+,Tencent subsidiary,"Malmö battle royale",Vampire BR
2071,Bohemia Interactive,bistudio.com,BROAD,Mini DayZ,20M+,Private,"Prague survival",DayZ mobile version
2072,10 Chambers,10chambers.com,BROAD,GTFO,10M+,Private,"Stockholm coop shooter",GTFO developer
2073,Stunlock Studios,stunlock.com,BROAD,V Rising,10M+,Private,"Skellefteå vampire",V Rising developer
2074,Keen Games,keengames.com,BROAD,Portal Knights,10M+,Private,"Frankfurt adventure",Portal Knights dev
2075,Snapshot Games,snapshotgames.com,BROAD,Phoenix Point,10M+,Private,"Sofia tactics",Phoenix Point dev
2076,inXile Entertainment,inxile-entertainment.com,BROAD,Wasteland 3,10M+,Microsoft subsidiary,"Newport Beach RPG",Wasteland developer
2077,Obsidian Entertainment,obsidian.net,BROAD,Pillars Eternity,10M+,Microsoft subsidiary,"Irvine RPG",Obsidian RPG studio
2078,Harebrained Schemes,harebrained-schemes.com,BROAD,BattleTech,10M+,Paradox subsidiary,"Seattle tactics",BattleTech developer
2079,Owlcat Games,owlcatgames.com,BROAD,Pathfinder,10M+,Private,"Cyprus CRPG",Pathfinder developer
2080,Solasta Crown,tactical-adventures.com,BROAD,Solasta,10M+,Private,"Paris tactics RPG",D&D tactics game
2081,WayForward,wayforward.com,BROAD,Shantae,20M+,Private,"Valencia CA platformer",Shantae developer
2082,Yacht Club Games,yachtclubgames.com,BROAD,Shovel Knight,20M+,Private,"Marina del Rey indie",Shovel Knight dev
2083,Team Cherry,teamcherry.com.au,BROAD,Hollow Knight,20M+,Private,"Adelaide metroidvania",Hollow Knight dev
2084,Motion Twin,motion-twin.com,BROAD,Dead Cells,30M+,Private,"Bordeaux roguelike",Dead Cells developer
2085,Evil Empire,evil-empire.gg,BROAD,Dead Cells DLC,30M+,Private,"Bordeaux roguelike",Dead Cells support
2086,Raw Fury,rawfury.com,BROAD,Various indies,30M+ total,Private,"Stockholm publisher",Indie game publisher
2087,Devolver Raw,devolverdigital.com,BROAD,Hotline Miami,30M+,Public (LSE: DEVO),"Austin indie",Hotline Miami publisher
2088,Dennaton Games,dennatongames.com,BROAD,Hotline Miami,30M+,Private,"Gothenburg action",Hotline Miami dev
2089,Dodge Roll,dodgeroll.com,BROAD,Enter Gungeon,20M+,Private,"Austin roguelike",Gungeon developer
2090,Massive Monster,massivemonster.co,BROAD,Cult of the Lamb,10M+,Private,"Melbourne roguelike",Cult of Lamb dev
2091,Hopoo Games,hopoogames.com,BROAD,Risk of Rain 2,20M+,Private,"Seattle roguelike",Risk of Rain dev
2092,Gearbox Publishing,gearboxpublishing.com,BROAD,Risk of Rain 2,20M+,Embracer subsidiary,"Frisco TX publisher",Gearbox publishing
2093,Free Lives,freelives.net,BROAD,Broforce,10M+,Private,"Cape Town action",Broforce developer
2094,Croteam,croteam.com,BROAD,Serious Sam,20M+,Private,"Zagreb shooter",Serious Sam dev
2095,New Blood Interactive,newblood.games,BROAD,Dusk,10M+,Private,"Austin boomer shooter",Boomer shooter publisher
2096,Arsi Hakita Patala,arsi.dev,BROAD,Ultrakill,10M+,Private,"Finland boomer shooter",Ultrakill developer
2097,Mundfish,mundfish.com,BROAD,Atomic Heart,10M+,Private,"Cyprus FPS",Atomic Heart dev
2098,4A Games,4a-games.com.mt,BROAD,Metro Exodus,20M+,Embracer subsidiary,"Malta FPS",Metro developer
2099,GSC Game World,gsc-game.com,BROAD,STALKER 2,10M+,Private,"Prague survival shooter",STALKER developer
2100,Frictional Games,frictionalgames.com,BROAD,Amnesia,20M+,Private,"Malmö horror",Amnesia developer
2101,Red Barrels,redbarrelsgames.com,BROAD,Outlast,30M+,Private,"Montreal horror",Outlast developer
2102,Soma Games,somaopgames.com,BROAD,Various titles,10M+ total,Private,"Portland Christian games",Faith-based games
2103,Soma Union,somaopgames.com,BROAD,Puzzle games,10M+,Private,"Portland puzzle",Puzzle game developer
2104,Glowmade,glowmade.com,BROAD,Venba,10M+,Private,"Guildford narrative",Narrative cooking game
2105,Noodlecake Studios,noodlecake.com,BROAD,Alto's Odyssey,100M+,Private,"Saskatoon runner",Alto's series publisher
2106,Snowman,builtbysnowman.com,BROAD,Alto's Adventure,100M+,Private,"Toronto endless runner",Alto's Adventure dev
2107,ustwo Games,ustwogames.co.uk,BROAD,Monument Valley,100M+,Private,"London puzzle",Monument Valley dev
2108,ustwo MV2,ustwogames.co.uk,BROAD,Monument Valley 2,50M+,Private,"London puzzle sequel",MV2 developer
2109,Alike Studio,alike.studio,BROAD,High Rise,10M+,Private,"Melbourne puzzle",High Rise developer
2110,That Game Company Sky,thatgamecompany.com,BROAD,Sky Children Light,100M+,Private,"Santa Monica social",Sky CotL developer
2111,Mountains Florence,mountains.studio,BROAD,Florence,10M+,Private,"Melbourne narrative",Florence developer
2112,Simogo Sayonara,simogo.com,BROAD,Sayonara,10M+,Private,"Malmö rhythm",Sayonara Wild Hearts
2113,KO_OP Gris,ko-opmode.com,BROAD,Gris,10M+,Private,"Montreal art game",Gris developer
2114,Nomada Studio,nomada.studio,BROAD,Gris,10M+,Private,"Barcelona art game",Gris art studio
2115,Annapurna Interactive,annapurnainteractive.com,BROAD,Various indies,100M+ total,Private,"LA indie publisher",Indie game publisher
2116,iam8bit,iam8bit.com,BROAD,Various collectibles,N/A,Private,"LA game merchandise",Game collectibles
2117,Fangamer,fangamer.com,BROAD,Undertale merch,N/A,Private,"Tucson game merch",Game merchandise
2118,tobyfox,tobyfox.net,BROAD,Undertale,20M+,Private,"Boston indie RPG",Undertale creator
2119,ConcernedApe,concernedape.com,BROAD,Stardew Valley,30M+,Private,"Seattle farm sim",Stardew Valley creator
2120,Chucklefish,chucklefish.org,BROAD,Stardew Valley,30M+,Private,"London publisher",Stardew publisher
2121,Re-Logic,re-logic.com,BROAD,Terraria,50M+,Private,"Indiana sandbox",Terraria developer
2122,505 Games Terraria,505games.com,BROAD,Terraria,50M+,Digital Bros subsidiary,"Milan publisher",Terraria publisher
2123,Unknown Worlds,unknownworlds.com,BROAD,Subnautica,30M+,Private,"San Francisco survival",Subnautica developer
2124,Klei Entertainment,klei.com,BROAD,Don't Starve,50M+,Tencent invested,"Vancouver survival",Don't Starve dev
2125,Klei Oxygen,klei.com,BROAD,Oxygen Not Included,10M+,Tencent invested,"Vancouver sim",ONI developer
2126,The Behemoth,thebehemoth.com,BROAD,Castle Crashers,20M+,Private,"San Diego beat em up",Castle Crashers dev
2127,Mediatonic Gang,mediatonicgames.com,BROAD,Gang Beasts,10M+,Epic acquired,"London party",Gang Beasts publisher
2128,Boneloaf,boneloaf.co,BROAD,Gang Beasts,10M+,Private,"Birmingham party",Gang Beasts developer
2129,Double Fine Productions,doublefine.com,BROAD,Psychonauts 2,10M+,Microsoft subsidiary,"San Francisco adventure",Psychonauts dev
2130,Campo Santo,camposanto.com,BROAD,Firewatch,10M+,Valve acquired,"SF narrative",Firewatch developer
2131,Fullbright,fullbright.company,BROAD,Gone Home,10M+,Private,"Portland narrative",Gone Home developer
2132,Giant Sparrow,giantsparrow.com,BROAD,What Remains Edith,10M+,Private,"LA narrative",Edith Finch dev
2133,Variable State,variablestate.com,BROAD,Virginia,5M+,Private,"London narrative",Virginia developer
2134,Cardboard Computer,cardboardcomputer.com,BROAD,Kentucky Route Zero,5M+,Private,"Chicago narrative",KRZ developer
2135,Finji,finji.co,BROAD,Night in the Woods,10M+,Private,"Grand Rapids indie",Night Woods publisher
2136,Infinite Fall,infinitefall.com,BROAD,Night in the Woods,10M+,Private,"Pittsburgh narrative",Night Woods dev
2137,Sabotage Studio,sabotagestudio.com,BROAD,Sea of Stars,10M+,Private,"Quebec City RPG",Sea of Stars dev
2138,Sabotage Messenger,sabotagestudio.com,BROAD,The Messenger,10M+,Private,"Quebec City platformer",The Messenger dev
2139,Heart Machine,heartmachine.com,BROAD,Hyper Light Drifter,10M+,Private,"LA action RPG",Hyper Light dev
2140,Supergiant Games,supergiantgames.com,BROAD,Hades,20M+,Private,"San Francisco roguelike",Hades developer
2141,Supergiant Bastion,supergiantgames.com,BROAD,Bastion,10M+,Private,"San Francisco action RPG",Bastion developer
2142,Supergiant Transistor,supergiantgames.com,BROAD,Transistor,10M+,Private,"San Francisco action",Transistor developer
2143,MDHR Studio,mdhr.studio,BROAD,Cuphead,10M+,Private,"Toronto run gun",Cuphead developer
2144,Moon Studios,moonstudios.com,BROAD,Ori Blind Forest,10M+,Private,"Vienna metroidvania",Ori developer
2145,Moon Studios Will,moonstudios.com,BROAD,Ori Will Wisps,10M+,Private,"Vienna metroidvania sequel",Ori sequel
2146,Xbox Game Studios,xbox.com,BROAD,Various titles,500M+ total,Microsoft subsidiary $3T,"Redmond first party",Xbox mobile games
2147,PlayStation Studios,playstation.com,BROAD,Various mobile,100M+ total,Sony subsidiary $100B,"San Mateo first party",PlayStation mobile
2148,Sony Mobile Games,sony.com,BROAD,Various titles,100M+ total,Public (TYO: 6758) $100B,"Tokyo mobile gaming",Sony mobile division
2149,Savage Game Studios,savagegamestudios.com,BROAD,AAA mobile,Pre-launch,PlayStation Studios,"Helsinki AAA mobile",PlayStation mobile dev
2150,Firewalk Studios,firewalkstudios.com,BROAD,Concord,Pre-launch,PlayStation Studios,"Bellevue multiplayer",PlayStation multiplayer
2151,Haven Studios,havenstudios.com,BROAD,AAA service,Pre-launch,PlayStation Studios,"Montreal AAA",PlayStation live service
2152,Naughty Dog,naughtydog.com,BROAD,Last of Us,30M+ console,PlayStation Studios,"Santa Monica AAA",Last of Us studio
2153,Insomniac Games,insomniacgames.com,BROAD,Spider-Man,30M+ console,PlayStation Studios,"Burbank Spider-Man",Spider-Man developer
2154,Guerrilla Games,guerrilla-games.com,BROAD,Horizon,20M+ console,PlayStation Studios,"Amsterdam Horizon",Horizon developer
2155,Santa Monica Studio,sms.playstation.com,BROAD,God of War,20M+ console,PlayStation Studios,"LA God of War",God of War studio
2156,Sucker Punch,suckerpunch.com,BROAD,Ghost of Tsushima,10M+ console,PlayStation Studios,"Bellevue open world",Ghost Tsushima dev
2157,Bend Studio,bendstudio.com,BROAD,Days Gone,10M+ console,PlayStation Studios,"Bend OR survival",Days Gone developer
2158,Bluepoint Games,bluepointgames.com,BROAD,Demon's Souls,5M+ console,PlayStation Studios,"Austin remakes",PlayStation remakes
2159,Housemarque,housemarque.com,BROAD,Returnal,5M+ console,PlayStation Studios,"Helsinki roguelike",Returnal developer
2160,Firesprite,firespriteltd.com,BROAD,Horizon VR,5M+ VR,PlayStation Studios,"Liverpool VR",PlayStation VR studio
2161,Lucid Games,lucidgames.co.uk,BROAD,Destruction AllStars,5M+ console,PlayStation Studios,"Liverpool racing",PlayStation racing
2162,Team Asobi,teamasobi.com,BROAD,Astro Bot,20M+,PlayStation Studios,"Tokyo platformer",Astro Bot developer
2163,Polyphony Digital,polyphony.co.jp,BROAD,Gran Turismo,100M+ total,PlayStation Studios,"Tokyo racing sim",Gran Turismo dev
2164,Media Molecule,mediamolecule.com,BROAD,LittleBigPlanet,30M+ console,PlayStation Studios,"Guildford creative",Dreams developer
2165,London Studio,london.studio,BROAD,Blood & Truth VR,5M+ VR,PlayStation Studios,"London VR",PlayStation VR games
2166,Deviation Games,deviationgames.com,BROAD,AAA original,Cancelled,PlayStation partner,"LA AAA",PS5 exclusive cancelled
2167,Bungie,bungie.net,BROAD,Destiny 2,100M+,PlayStation Studios,"Bellevue looter shooter",Destiny developer
2168,343 Industries,343industries.com,BROAD,Halo Infinite,30M+,Microsoft subsidiary,"Redmond Halo",Halo developer
2169,The Coalition,thecoalition.com,BROAD,Gears 5,20M+,Microsoft subsidiary,"Vancouver Gears",Gears of War dev
2170,Turn 10 Studios,turn10studios.com,BROAD,Forza Motorsport,20M+,Microsoft subsidiary,"Redmond racing sim",Forza Motorsport dev
2171,Playground Games,playground-games.com,BROAD,Forza Horizon,50M+,Microsoft subsidiary,"Leamington racing",Forza Horizon dev
2172,Rare Ltd,rare.co.uk,BROAD,Sea of Thieves,30M+,Microsoft subsidiary,"Twycross pirate",Sea of Thieves dev
2173,Mojang Studios,mojang.com,BROAD,Minecraft,300M+,Microsoft subsidiary,"Stockholm sandbox",Minecraft developer
2174,Compulsion Games,compulsiongames.com,BROAD,We Happy Few,10M+,Microsoft subsidiary,"Montreal adventure",We Happy Few dev
2175,Ninja Theory,ninjatheory.com,BROAD,Hellblade,10M+,Microsoft subsidiary,"Cambridge action",Hellblade developer
2176,The Initiative,theinitiative.com,BROAD,Perfect Dark,Pre-launch,Microsoft subsidiary,"Santa Monica AAA",Perfect Dark reboot
2177,World's Edge,worldsedge.com,BROAD,Age of Empires,50M+,Microsoft subsidiary,"Redmond strategy",Age of Empires dev
2178,Relic Entertainment,relic.com,BROAD,Age of Empires 4,10M+,Microsoft partner,"Vancouver RTS",AoE4 developer
2179,Bethesda Game Studios,bethesda.net,BROAD,Elder Scrolls,100M+ total,Microsoft subsidiary,"Rockville RPG",TES and Fallout dev
2180,id Software,idsoftware.com,BROAD,Doom Eternal,20M+,Microsoft subsidiary,"Dallas FPS legend",Doom developer
2181,MachineGames,machinegames.com,BROAD,Wolfenstein,20M+,Microsoft subsidiary,"Uppsala shooter",Wolfenstein developer
2182,Arkane Studios,arkane-studios.com,BROAD,Dishonored,20M+,Microsoft subsidiary,"Lyon immersive sim",Dishonored developer
2183,Tango Gameworks,tangogameworks.com,BROAD,Hi-Fi Rush,10M+,Microsoft subsidiary closed,"Tokyo action rhythm",Hi-Fi Rush developer
2184,ZeniMax Online,zenimax.com,BROAD,Elder Scrolls Online,20M+,Microsoft subsidiary,"Hunt Valley MMORPG",ESO developer
2185,Roundhouse Studios,roundhousestudios.com,BROAD,Various remasters,10M+ total,Microsoft subsidiary,"Madison WI remasters",Remaster specialist
2186,Alpha Dog Games,alphadoggames.com,BROAD,Bethesda mobile,20M+,Microsoft subsidiary,"Halifax mobile",Bethesda mobile dev
2187,Treyarch,treyarch.com,BROAD,Call of Duty,500M+ franchise,Microsoft subsidiary,"Santa Monica COD",COD developer
2188,Infinity Ward,infinityward.com,BROAD,Call of Duty MW,500M+ franchise,Microsoft subsidiary,"Woodland Hills COD",COD MW developer
2189,Sledgehammer Games,sledgehammergames.com,BROAD,Call of Duty,500M+ franchise,Microsoft subsidiary,"Foster City COD",COD developer
2190,Raven Software,ravensoftware.com,BROAD,COD Warzone,200M+,Microsoft subsidiary,"Madison WI Warzone",Warzone developer
2191,Beenox,beenox.com,BROAD,COD ports,100M+ ports,Microsoft subsidiary,"Quebec City ports",COD port developer
2192,Demonware,demonware.net,BROAD,COD backend,500M+ supported,Microsoft subsidiary,"Dublin online services",Online infrastructure
2193,High Moon Studios,highmoon.com,BROAD,COD support,200M+ supported,Microsoft subsidiary,"San Diego support",COD support dev
2194,Toys for Bob,toysforbob.com,BROAD,Crash Bandicoot,50M+,Microsoft subsidiary,"Novato platformer",Crash Bandicoot dev
2195,King Stockholm,king.com,ADJACENT,Candy Crush,3B+,Microsoft subsidiary,"Stockholm match-3",Candy Crush creator
2196,King Barcelona,king.com,ADJACENT,Farm Heroes,100M+,Microsoft subsidiary,"Barcelona puzzle",Farm Heroes dev
2197,King Berlin,king.com,ADJACENT,Bubble Witch,100M+,Microsoft subsidiary,"Berlin bubble",Bubble Witch developer
2198,King London,king.com,ADJACENT,Pet Rescue,100M+,Microsoft subsidiary,"London puzzle",Pet Rescue developer
2199,King Malmö,king.com,ADJACENT,Candy Crush Soda,100M+,Microsoft subsidiary,"Malmö match-3",Candy Crush Soda
2200,King Seattle,king.com,BROAD,Various mobile,100M+ total,Microsoft subsidiary,"Seattle mobile",King Seattle studio
2201,King San Francisco,king.com,BROAD,Various mobile,100M+ total,Microsoft subsidiary,"SF mobile",King SF studio
2202,Proletariat,proletariat.com,BROAD,Spellbreak,20M+,Blizzard subsidiary,"Boston battle royale",Spellbreak developer
2203,Vicarious Visions,vfriendes.com,BROAD,Diablo II,20M+,Blizzard subsidiary,"Albany remasters",Diablo II Resurrected
2204,Phoenix Labs,phxlabs.ca,BROAD,Dauntless,30M+,Garena subsidiary,"Vancouver action RPG",Dauntless developer
2205,Lightspeed LA,lightspeedia.com,BROAD,Various AAA,Pre-launch,Tencent subsidiary,"LA open world",Tencent Western studio
2206,Splash Damage,splashdamage.com,BROAD,Various shooters,30M+ total,Tencent acquired,"Bromley UK shooter",Shooter developer
2207,Sumo Digital,sumo-digital.com,BROAD,Various titles,50M+ total,Tencent acquired,"Sheffield UK dev",Multi-platform dev
2208,Sumo Nottingham,sumo-digital.com,BROAD,Various racing,30M+,Tencent subsidiary,"Nottingham racing",Racing developer
2209,Sumo Newcastle,sumo-digital.com,BROAD,Various action,20M+,Tencent subsidiary,"Newcastle action",Action game dev
2210,Lab42,lab42.games,BROAD,Various titles,10M+ total,Sumo subsidiary,"Leamington UK",Development support
2211,Secret Mode,secretmode.games,BROAD,Indie publishing,20M+ total,Sumo subsidiary,"Sheffield publisher",Indie publisher
2212,Red Kite Games,redkitegames.com,BROAD,Various support,20M+ supported,Sumo subsidiary,"Wakefield UK support",Support studio
2213,The Chinese Room,thechineseroom.co.uk,BROAD,Everybody's Gone,10M+,Sumo subsidiary,"Brighton narrative",Walking sim pioneer
2214,Timbre Games,timbregames.com,BROAD,Various titles,5M+ total,Sumo subsidiary,"Vancouver Canada",Canadian dev studio
2215,Atomhawk,atomhawk.com,BROAD,Art services,N/A,Sumo subsidiary,"Newcastle art",Game art studio
2216,PixelAnt Games,pixelantgames.com,BROAD,Various titles,5M+ total,Sumo subsidiary,"Pune India",Indian dev studio
2217,Pipeworks Studios,pipeworks.com,BROAD,Various ports,30M+ total,Sumo acquired,"Eugene OR ports",Port specialist
2218,Auroch Digital,aurochdigital.com,BROAD,Mars Horizon,5M+,Sumo subsidiary,"Bristol strategy",Strategy game dev
2219,Saber WWZ,saber.games,BROAD,World War Z,20M+,Embracer subsidiary,"New Jersey zombie shooter",WWZ developer
2220,Saber Snowrunner,saber.games,BROAD,SnowRunner,10M+,Embracer subsidiary,"New Jersey sim",SnowRunner developer
2221,Saber Halo,saber.games,BROAD,Halo MCC,30M+,Embracer subsidiary,"New Jersey ports",Halo ports
2222,Dambuster Studios,dambuster-studios.com,BROAD,Dead Island 2,10M+,Embracer subsidiary,"Nottingham UK action",Dead Island 2 dev
2223,Volition,dsvolition.com,BROAD,Saints Row,30M+,Embracer subsidiary closed,"Champaign IL open world",Saints Row developer
2224,Free Radical Design,freeradicaldesign.com,BROAD,TimeSplitters,10M+ legacy,Embracer subsidiary,"Nottingham UK FPS",TimeSplitters revival
2225,Aspyr,aspyr.com,BROAD,Star Wars KOTOR,30M+,Embracer subsidiary,"Austin remasters",KOTOR remake
2226,Gearbox Borderlands,gearboxsoftware.com,BROAD,Borderlands 3,20M+,Embracer subsidiary,"Frisco TX looter shooter",Borderlands 3 dev
2227,Gearbox Quebec,gearboxsoftware.com,BROAD,Homeworld 3,5M+ expected,Embracer subsidiary,"Quebec City RTS",Homeworld dev
2228,Lost Boys Interactive,lostboysinteractive.com,BROAD,Various support,30M+ supported,Gearbox subsidiary,"Madison WI support",Co-dev studio
2229,Cryptic Studios,crypticstudios.com,BROAD,Star Trek Online,20M+,Embracer subsidiary,"Los Gatos MMORPG",STO developer
2230,Easybrain Sudoku,easybrain.com,ADJACENT,Sudoku.com,200M+,Embracer acquired,"Cyprus puzzle",Sudoku leader
2231,Easybrain Nonogram,easybrain.com,ADJACENT,Nonogram.com,100M+,Embracer acquired,"Cyprus logic puzzle",Logic puzzle leader
2232,Easybrain Blockudoku,easybrain.com,ADJACENT,Blockudoku,100M+,Embracer acquired,"Cyprus block puzzle",Block puzzle hybrid
2233,Easybrain Art,easybrain.com,ADJACENT,Art Puzzle,50M+,Embracer acquired,"Cyprus art puzzle",Art jigsaw puzzle
2234,DECA Games,decagames.com,BROAD,Various live ops,100M+ total,Embracer subsidiary,"Berlin live service",Live service specialist
2235,DECA Castle,decagames.com,BROAD,Castle Clash,100M+,Embracer subsidiary,"Berlin strategy",Castle Clash live ops
2236,Piranha Bytes,piranhagames.com,BROAD,Elex,10M+,Embracer subsidiary,"Essen Germany RPG",Gothic developer
2237,Asmodee Digital,asmodee.net,BROAD,Board games digital,50M+ total,Embracer subsidiary,"Paris board games",Digital board games
2238,Asmodee Catan,asmodee.net,BROAD,Catan Universe,20M+,Embracer subsidiary,"Paris Catan",Catan digital
2239,Asmodee Splendor,asmodee.net,BROAD,Splendor,10M+,Embracer subsidiary,"Paris card games",Splendor digital
2240,Asmodee Ticket,asmodee.net,BROAD,Ticket to Ride,20M+,Embracer subsidiary,"Paris train games",Ticket to Ride app
2241,Dark Horse Games,darkhorsecomics.com,BROAD,Licensed games,10M+ total,Embracer subsidiary,"Milwaukie comics",Comics to games
2242,Plaion (Koch),plaion.com,BROAD,Various publishing,100M+ total,Embracer subsidiary,"Munich publisher",European publisher
2243,Prime Matter,primemattergames.com,BROAD,Various AA,30M+ total,Embracer subsidiary,"Munich AA label",Premium AA games
2244,Ravenscourt,ravenscourt.games,BROAD,Various ports,20M+ total,Koch subsidiary,"Vienna budget",Budget game label
2245,Vertigo Games,vertigo-games.com,BROAD,Arizona Sunshine,10M+,Koch subsidiary,"Rotterdam VR",VR game developer
2246,Force Field,forcefieldxr.com,BROAD,VR titles,5M+ VR,Vertigo subsidiary,"Amsterdam VR",VR developer
2247,Ghost Ship Games,ghostshipgames.com,BROAD,Deep Rock Galactic,10M+,Private,"Copenhagen coop",DRG developer
2248,Coffee Stain North,coffeestain.com,BROAD,Deep Rock Galactic,10M+,Embracer subsidiary,"Skövde publisher",DRG publisher
2249,Coffee Stain Goat,coffeestain.com,BROAD,Goat Simulator,50M+,Embracer subsidiary,"Skövde comedy",Goat Sim studio
2250,Coffee Stain Satisfactory,coffeestain.com,BROAD,Satisfactory,10M+,Embracer subsidiary,"Skövde factory",Satisfactory developer
2251,Arrowhead,arrowhead.se,BROAD,Helldivers 2,20M+,PlayStation partner,"Stockholm coop shooter",Helldivers developer
2252,Fatshark,fatshark.se,BROAD,Vermintide 2,10M+,Tencent acquired,"Stockholm coop",Vermintide developer
2253,Sharkmob Bloodhunt,sharkmob.com,BROAD,Vampire Bloodhunt,10M+,Tencent subsidiary,"Malmö battle royale",Vampire BR dev
2254,Stunlock V Rising,stunlock.com,BROAD,V Rising,10M+,Private,"Skellefteå vampire survival",V Rising developer
2255,Massive Entertainment,massive.se,BROAD,The Division,30M+,Ubisoft subsidiary,"Malmö open world",Division developer
2256,Ubisoft Stockholm,ubisoft.com,BROAD,Avatar,10M+,Public (EPA: UBI),"Stockholm Avatar",Avatar game dev
2257,Ubisoft Reflections,ubisoft.com,BROAD,Watch Dogs Legion,20M+,Public (EPA: UBI),"Newcastle UK driving",Watch Dogs tech
2258,Ubisoft Leamington,ubisoft.com,BROAD,Various support,50M+ supported,Public (EPA: UBI),"Leamington support",UK support studio
2259,Ubisoft RedLynx,ubisoft.com,BROAD,Trials series,50M+,Public (EPA: UBI),"Helsinki racing",Trials developer
2260,Ubisoft Ivory Tower,ubisoft.com,BROAD,The Crew,30M+,Public (EPA: UBI),"Lyon racing",The Crew developer
2261,Ubisoft Blue Byte,ubisoft.com,BROAD,Anno series,20M+,Public (EPA: UBI),"Düsseldorf strategy",Anno developer
2262,Ubisoft Mainz,ubisoft.com,BROAD,Anno 1800,10M+,Public (EPA: UBI),"Mainz Anno",Anno 1800 dev
2263,Ubisoft Bucharest,ubisoft.com,BROAD,Various support,100M+ supported,Public (EPA: UBI),"Bucharest support",Support studio
2264,Ubisoft Sofia,ubisoft.com,BROAD,AC Rogue,10M+,Public (EPA: UBI),"Sofia Bulgaria AC",AC Rogue dev
2265,Ubisoft Kyiv,ubisoft.com,BROAD,Various support,50M+ supported,Public (EPA: UBI),"Kyiv Ukraine support",Ukraine support
2266,Ubisoft Pune,ubisoft.com,BROAD,Various support,100M+ supported,Public (EPA: UBI),"Pune India support",India support studio
2267,Ubisoft Chengdu,ubisoft.com,BROAD,Various support,50M+ supported,Public (EPA: UBI),"Chengdu China",China support
2268,Ubisoft Singapore,ubisoft.com,BROAD,Skull and Bones,10M+,Public (EPA: UBI),"Singapore pirate",Skull Bones dev
2269,Ubisoft Philippines,ubisoft.com,BROAD,Various support,30M+ supported,Public (EPA: UBI),"Manila support",Philippines studio
2270,Ubisoft Da Nang,ubisoft.com,BROAD,Various support,20M+ supported,Public (EPA: UBI),"Da Nang Vietnam",Vietnam support
2271,Ubisoft Osaka,ubisoft.com,BROAD,Various support,20M+ supported,Public (EPA: UBI),"Osaka Japan",Japan support
2272,Ubisoft Berlin,ubisoft.com,BROAD,Far Cry 6,20M+,Public (EPA: UBI),"Berlin Far Cry",Far Cry support
2273,Ubisoft Annecy,ubisoft.com,BROAD,Steep,10M+,Public (EPA: UBI),"Annecy sports",Steep/Riders Republic
2274,Ubisoft San Francisco,ubisoft.com,BROAD,South Park,10M+,Public (EPA: UBI),"SF South Park",South Park games
2275,Ubisoft Toronto,ubisoft.com,BROAD,Far Cry 6,20M+,Public (EPA: UBI),"Toronto open world",Far Cry 6 lead
2276,Ubisoft Quebec,ubisoft.com,BROAD,AC Odyssey,20M+,Public (EPA: UBI),"Quebec City AC",AC Odyssey dev
2277,Ubisoft Montreal,ubisoft.com,BROAD,AC series,100M+ franchise,Public (EPA: UBI),"Montreal flagship",AC franchise lead
2278,Ubisoft Bordeaux,ubisoft.com,BROAD,Various support,50M+ supported,Public (EPA: UBI),"Bordeaux support",France support
2279,Ubisoft Paris,ubisoft.com,BROAD,Ghost Recon,30M+,Public (EPA: UBI),"Paris tactical",Ghost Recon dev
2280,Ubisoft Montpellier,ubisoft.com,BROAD,Rayman,50M+,Public (EPA: UBI),"Montpellier platformer",Rayman developer
2281,Ubisoft Milan,ubisoft.com,BROAD,Mario Rabbids,10M+,Public (EPA: UBI),"Milan Nintendo partner",Mario Rabbids dev
2282,Ubisoft Düsseldorf,ubisoft.com,BROAD,Settlers,20M+,Public (EPA: UBI),"Düsseldorf strategy",Settlers developer
2283,Ubisoft Abu Dhabi,ubisoft.com,BROAD,Various support,20M+ supported,Public (EPA: UBI),"Abu Dhabi",Middle East studio
2284,Lightfox SSSnaker,lightfoxgames.com,BROAD,SSSnaker,100M+,Private,"Singapore roguelike",Snake roguelike
2285,Ohayoo Dunk,ohayoo.cn,BROAD,Dunk Shot,100M+,ByteDance subsidiary,"Beijing casual",Casual sports game
2286,Voodoo Helix,voodoo.io,BROAD,Helix Jump,1B+,Private $2B valuation,"Paris hypercasual",Helix Jump creator
2287,Voodoo Paper,voodoo.io,BROAD,Paper.io,500M+,Private $2B,"Paris territory game",Paper.io creator
2288,Voodoo Crowd,voodoo.io,BROAD,Crowd City,500M+,Private $2B,"Paris crowd game",Crowd City creator
2289,Voodoo Hole,voodoo.io,BROAD,Hole.io,500M+,Private $2B,"Paris io game",Hole.io creator
2290,Voodoo Snake,voodoo.io,BROAD,Snake VS Block,500M+,Private $2B,"Paris snake game",Snake VS Block
2291,Voodoo Aquapark,voodoo.io,BROAD,Aquapark.io,500M+,Private $2B,"Paris waterslide",Aquapark.io creator
2292,Voodoo Ball,voodoo.io,BROAD,Ball Blast,300M+,Private $2B,"Paris shooter",Ball Blast creator
2293,Voodoo Dune,voodoo.io,BROAD,Dune!,300M+,Private $2B,"Paris ball game",Dune! creator
2294,Ketchapp 2048,ketchappgames.com,BROAD,2048,500M+,Ubisoft acquired,"Paris puzzle",2048 publisher
2295,Ketchapp Zigzag,ketchappgames.com,BROAD,ZigZag,300M+,Ubisoft acquired,"Paris endless",ZigZag creator
2296,Ketchapp Stack,ketchappgames.com,BROAD,Stack,500M+,Ubisoft acquired,"Paris stacking",Stack creator
2297,Ketchapp Knife,ketchappgames.com,BROAD,Knife Hit,200M+,Ubisoft acquired,"Paris knife game",Knife Hit creator
2298,Ketchapp Rush,ketchappgames.com,BROAD,Rush,200M+,Ubisoft acquired,"Paris racing",Rush creator
2299,SayGames Ink,saygames.io,BROAD,Ink Inc,100M+,Private,"Kyiv hypercasual",Ink Inc creator
2300,SayGames Perfect,saygames.io,BROAD,Perfect Cream,100M+,Private,"Kyiv cream game",Perfect Cream
2301,SayGames DOP,saygames.io,BROAD,DOP Draw One,100M+,Private,"Kyiv drawing puzzle",DOP creator
2302,Azur Worms,azurgames.com,BROAD,Worms Zone,200M+,Private,"Moscow io game",Worms Zone creator
2303,Azur Stack,azurgames.com,BROAD,Stack Ball,300M+,Private,"Moscow stacking",Stack Ball creator
2304,Azur Crowd,azurgames.com,BROAD,Crowd Buffet,100M+,Private,"Moscow crowd game",Crowd Buffet
2305,Azur Sling,azurgames.com,BROAD,Sling Drift,100M+,Private,"Moscow racing",Sling Drift creator
2306,Azur Cube,azurgames.com,BROAD,Cube Surfer,200M+,Private,"Moscow runner",Cube Surfer creator
2307,Azur Tower,azurgames.com,BROAD,Tower Crush,100M+,Private,"Moscow destruction",Tower Crush
2308,Homa Tall,homagames.com,BROAD,Tall Man Run,100M+,$165M funding,"Paris runner",Tall Man Run
2309,Homa Traffic,homagames.com,BROAD,Traffic Cop 3D,100M+,$165M,"Paris casual",Traffic Cop 3D
2310,TapNation Giant,tap-nation.io,BROAD,Giant Rush,200M+,Private,"Paris giant game",Giant Rush creator
2311,TapNation Draw,tap-nation.io,BROAD,Draw Climber,200M+,Private,"Paris drawing game",Draw Climber
2312,TapNation Money,tap-nation.io,BROAD,Money Rush,100M+,Private,"Paris money game",Money Rush creator
2313,CrazyLabs Hair,crazylabs.com,BROAD,Hair Challenge,200M+,Private,"Tel Aviv hair game",Hair Challenge
2314,CrazyLabs ASMR,crazylabs.com,BROAD,ASMR Slicing,100M+,Private,"Tel Aviv ASMR",ASMR Slicing
2315,CrazyLabs Phone,crazylabs.com,BROAD,Phone Case DIY,100M+,Private,"Tel Aviv craft",Phone Case DIY
2316,Supersonic Mr Bullet,supersonic.com,BROAD,Mr Bullet,200M+,Unity subsidiary,"Tel Aviv puzzle shooter",Mr Bullet creator
2317,Supersonic Bridge,supersonic.com,BROAD,Bridge Race,300M+,Unity subsidiary,"Tel Aviv bridge game",Bridge Race creator
2318,Supersonic Tall,supersonic.com,BROAD,Join Clash,200M+,Unity subsidiary,"Tel Aviv runner",Join Clash creator
2319,Lion Mr,lionstudios.cc,BROAD,Mr Bullet,200M+,AppLovin subsidiary,"SF puzzle shooter",Mr Bullet publisher
2320,Lion Happy,lionstudios.cc,BROAD,Happy Glass,200M+,AppLovin subsidiary,"SF physics puzzle",Happy Glass
2321,Lion Love,lionstudios.cc,BROAD,Love Balls,200M+,AppLovin subsidiary,"SF physics puzzle",Love Balls creator
2322,Lion Slap,lionstudios.cc,BROAD,Slap Kings,200M+,AppLovin subsidiary,"SF slap game",Slap Kings creator
2323,Amanotes Music,amanotes.com,BROAD,Magic Tiles 3,500M+,Private,"Vietnam music games",Music rhythm games
2324,Amanotes Beat,amanotes.com,BROAD,Beat Blade,200M+,Private,"Vietnam rhythm",Beat slash game
2325,Amanotes Piano,amanotes.com,BROAD,Piano Tiles 2,500M+,Private,"Vietnam piano",Piano music game
2326,Amanotes Tile,amanotes.com,BROAD,Tiles Hop,300M+,Private,"Vietnam EDM tiles",EDM rhythm game
2327,Smule Singing,smule.com,BROAD,Smule Sing,100M+,Private,"SF karaoke",Social singing app
2328,Smule Magic,smule.com,BROAD,Magic Piano,100M+,Private,"SF music gaming",Piano rhythm game
2329,Yokee Music,yokee.co.il,BROAD,Karaoke,100M+,Private,"Tel Aviv karaoke",Karaoke app
2330,Yokee Drum,yokee.co.il,BROAD,WeDrum,50M+,Private,"Tel Aviv drums",Drum simulator
2331,Gismart Piano,gismart.com,BROAD,Piano Crush,50M+,Private,"London music games",Music game publisher
2332,Gismart Cool,gismart.com,BROAD,Cool Goal,100M+,Private,"London sports casual",Soccer casual
2333,Gismart Domino,gismart.com,BROAD,Dominoes,50M+,Private,"London board games",Dominoes app
2334,Gismart Guitar,gismart.com,BROAD,Guitar Band,50M+,Private,"London guitar",Guitar simulator
2335,Yousician,yousician.com,BROAD,Yousician,50M+,Private,"Helsinki music learning",Music learning app
2336,Simply Piano,joytunes.com,BROAD,Simply Piano,50M+,Private,"Tel Aviv piano learning",Piano learning app
2337,JoyTunes,joytunes.com,BROAD,Simply Guitar,30M+,Private,"Tel Aviv guitar",Guitar learning app
2338,Drum Pad Machine,easybrain.com,BROAD,Drum Pad Machine,100M+,Embracer subsidiary,"Cyprus drum",Drum pad app
2339,Color Switch,fortafy.com,BROAD,Color Switch,300M+,Private,"Austin timing game",Color Switch creator
2340,Fortafy Games,fortafy.com,BROAD,Color Switch,300M+,Private,"Austin mobile",Color Switch publisher
2341,Flappy Dunk,Voodoo games,BROAD,Flappy Dunk,200M+,Voodoo subsidiary,"Paris basketball",Flappy dunk
2342,Flappy Golf,Noodlecake,BROAD,Flappy Golf 2,50M+,Private,"Saskatoon golf",Mini golf game
2343,Golf Battle,Miniclip,BROAD,Golf Battle,100M+,Tencent subsidiary,"Swiss mini golf",Mini golf PvP
2344,Golf Clash,Playdemic,BROAD,Golf Clash,100M+,EA acquired,"UK golf",Golf Clash game
2345,EA Golf,ea.com,BROAD,EA Sports PGA,50M+,Public (NASDAQ: EA),"Burnaby golf",PGA Tour mobile
2346,Miniclip Golf,miniclip.com,BROAD,Mini Golf King,50M+,Tencent subsidiary,"Swiss golf",Mini golf 3D
2347,Miniclip 8Ball,miniclip.com,BROAD,8 Ball Pool,1B+,Tencent subsidiary,"Swiss pool",Pool game leader
2348,Miniclip Agar,miniclip.com,BROAD,Agar.io,100M+,Tencent subsidiary,"Swiss io game",Agar.io publisher
2349,Miniclip Soccer,miniclip.com,BROAD,Soccer Stars,100M+,Tencent subsidiary,"Swiss soccer",Soccer Stars game
2350,Miniclip Flip,miniclip.com,BROAD,Flip Master,100M+,Tencent subsidiary,"Swiss trampoline",Flip Master game
2351,Miniclip Carrom,miniclip.com,BROAD,Carrom Pool,100M+,Tencent subsidiary,"Swiss board",Carrom Pool game
2352,Miniclip Cricket,miniclip.com,BROAD,Stick Cricket,50M+,Tencent subsidiary,"Swiss cricket",Stick Cricket game
2353,Miniclip Bike,miniclip.com,BROAD,Bike Race,100M+,Tencent subsidiary,"Swiss racing",Bike Race game
2354,Miniclip Sprinter,miniclip.com,BROAD,Sprinter,50M+,Tencent subsidiary,"Swiss athletics",Sprint game
2355,TopSeed Games,topseedgames.com,BROAD,TOP SEED Tennis,10M+,Private,"Buenos Aires tennis",Tennis manager
2356,Soccer Manager,soccermanager.com,BROAD,Soccer Manager,50M+,Private,"Brighton soccer",Soccer management
2357,Football Manager,sigames.com,BROAD,Football Manager,50M+,SEGA subsidiary,"East Sussex football",Football Manager Mobile
2358,Sports Interactive,sigames.com,BROAD,FM Mobile,50M+,SEGA subsidiary,"London FM",Football Manager dev
2359,Konami PES Mobile,konami.com,BROAD,eFootball Mobile,500M+,Public (TYO: 9766),"Tokyo soccer",eFootball developer
2360,EA FIFA Mobile,ea.com,BROAD,FC Mobile,300M+,Public (NASDAQ: EA),"Vancouver soccer",FIFA/FC Mobile dev
2361,FIFPro,fifpro.org,BROAD,Licensed content,N/A,Union body,"Amsterdam licensing",Player licensing
2362,Sorare,sorare.com,BROAD,Sorare Football,10M+,$679M funding,"Paris fantasy",Fantasy football NFT
2363,OneFootball,onefootball.com,BROAD,OneFootball,50M+,Private,"Berlin soccer news",Soccer news app
2364,FotMob,fotmob.com,BROAD,FotMob,50M+,Private,"Bergen soccer scores",Live scores app
2365,365Scores,365scores.com,BROAD,365Scores,100M+,Private,"Tel Aviv scores",Live scores app
2366,theScore,thescore.com,BROAD,theScore,50M+,Penn Entertainment,"Toronto sports",Sports scores app
2367,ESPN,espn.com,BROAD,ESPN,100M+,Disney subsidiary,"Bristol sports",Sports media app
2368,Yahoo Sports,yahoo.com,BROAD,Yahoo Sports,50M+,Yahoo/Apollo,"Sunnyvale sports",Sports fantasy app
2369,DraftKings,draftkings.com,BROAD,DraftKings,30M+,Public (NASDAQ: DKNG),"Boston fantasy",Fantasy sports betting
2370,FanDuel,fanduel.com,BROAD,FanDuel,30M+,Flutter Entertainment,"NYC fantasy betting",Fantasy sports app
2371,Bet365,bet365.com,BROAD,Bet365 Sports,30M+,Private,"Stoke-on-Trent betting",Sports betting app
2372,BetMGM,betmgm.com,BROAD,BetMGM,20M+,MGM/Entain JV,"NJ sports betting",Sports betting app
2373,Caesars Sports,caesars.com,BROAD,Caesars Sports,20M+,Public (NASDAQ: CZR),"Las Vegas betting",Sports betting app
2374,PointsBet,pointsbet.com,BROAD,PointsBet,10M+,Public (ASX: PBH),"Denver betting",Sports betting app
2375,Barstool Sports,barstoolsports.com,BROAD,Barstool Sports,10M+,Penn Entertainment,"NYC sports media",Sports media app
2376,Bleacher Report,bleacherreport.com,BROAD,BR App,30M+,Warner Bros,"SF sports media",Sports news app
2377,BBC Sport,bbc.co.uk,BROAD,BBC Sport,50M+,BBC,"London sports",Sports news app
2378,Sky Sports,skysports.com,BROAD,Sky Sports,30M+,Comcast subsidiary,"London sports media",Sports streaming
2379,DAZN,dazn.com,BROAD,DAZN,30M+,Access Industries,"London sports streaming",Sports streaming
2380,FloSports,flosports.tv,BROAD,FloSports,10M+,Private,"Austin sports",Sports streaming
2381,Twitch,twitch.tv,BROAD,Twitch,100M+,Amazon subsidiary,"SF streaming",Game streaming
2382,YouTube Gaming,youtube.com,BROAD,YouTube,5B+,Alphabet subsidiary,"San Bruno streaming",Video gaming content
2383,Discord,discord.com,BROAD,Discord,200M+,Private $15B valuation,"SF gaming chat",Gaming communication
2384,Steam Mobile,steampowered.com,BROAD,Steam,50M+,Valve private,"Bellevue gaming",PC gaming platform
2385,GOG Galaxy,gog.com,BROAD,GOG Galaxy,10M+,CD Projekt subsidiary,"Warsaw DRM-free",DRM-free gaming
2386,Epic Games Store,epicgames.com,BROAD,Epic Games Store,100M+,Private $32B,"Cary NC store",Game store mobile
2387,Xbox App,xbox.com,BROAD,Xbox,100M+,Microsoft subsidiary,"Redmond console",Xbox companion app
2388,PlayStation App,playstation.com,BROAD,PlayStation,100M+,Sony subsidiary,"San Mateo console",PlayStation companion
2389,Nintendo Switch,nintendo.com,BROAD,Nintendo Switch Online,50M+,Public (TYO: 7974),"Kyoto console",Switch online app
2390,GeForce Now,nvidia.com,BROAD,GeForce NOW,20M+,Public (NASDAQ: NVDA) $3T,"Santa Clara cloud",Cloud gaming
2391,Xbox Cloud,xbox.com,BROAD,Xbox Cloud Gaming,30M+,Microsoft subsidiary,"Redmond cloud",Cloud gaming
2392,Luna,amazon.com,BROAD,Amazon Luna,10M+,Amazon subsidiary,"Seattle cloud gaming",Cloud gaming
2393,Shadow,shadow.tech,BROAD,Shadow PC,5M+,OVHcloud subsidiary,"Paris cloud",Cloud PC gaming
2394,Boosteroid,boosteroid.com,BROAD,Boosteroid,5M+,Private,"Kyiv cloud gaming",Cloud gaming
2395,Antstream Arcade,antstream.com,BROAD,Antstream,5M+,Private,"London retro cloud",Retro cloud gaming
2396,Utomik,utomik.com,BROAD,Utomik,5M+,Private,"Eindhoven cloud",Cloud gaming sub
2397,Blacknut,blacknut.com,BROAD,Blacknut,5M+,Private,"Rennes cloud gaming",Family cloud gaming
2398,Rec Room,recroom.com,BROAD,Rec Room,75M+,$145M funding,"Seattle social VR",Social VR gaming
2399,VRChat,vrchat.com,BROAD,VRChat,30M+,$80M funding,"SF social VR",Social VR platform
2400,Roblox VR,roblox.com,BROAD,Roblox VR,600M+ platform,Public (NYSE: RBLX),"San Mateo VR",Roblox VR support
2401,Meta Quest,meta.com,BROAD,Meta Quest,100M+,Meta (NASDAQ: META) $1.2T,"Menlo Park VR",VR platform
2402,Pico VR,pico.com,BROAD,Pico VR,30M+,ByteDance subsidiary,"Beijing VR",VR headset platform
2403,Apple Vision,apple.com,BROAD,Vision Pro,5M+ expected,Public (AAPL) $3T,"Cupertino spatial",Spatial computing
2404,Beat Games,beatgames.com,BROAD,Beat Saber,10M+,Meta subsidiary,"Prague rhythm VR",Beat Saber developer
2405,Ready At Dawn,readyatdawn.com,BROAD,Lone Echo,5M+ VR,Meta subsidiary,"Irvine VR",VR game developer
2406,Oculus Studios,meta.com,BROAD,VR titles,50M+ VR,Meta subsidiary,"Menlo Park VR",VR game publishing
2407,Camouflaj,camouflaj.com,BROAD,Iron Man VR,5M+,Meta subsidiary,"Bellevue VR",VR game developer
2408,Sanzaru Games,sanzarugames.com,BROAD,Asgard's Wrath,5M+,Meta subsidiary,"Foster City VR",VR game developer
2409,Within,with.in,BROAD,Supernatural,5M+,Meta acquired,"LA VR fitness",VR fitness app
2410,FitXR,fitxr.com,BROAD,FitXR,5M+,Private,"London VR fitness",VR boxing fitness
2411,Supernatural,getsupernatural.com,BROAD,Supernatural,5M+,Meta subsidiary,"LA VR workout",VR fitness
2412,Synth Riders,synthridersvr.com,BROAD,Synth Riders,5M+,Private,"Czech rhythm VR",VR rhythm game
2413,Pistol Whip,cloudheadgames.com,BROAD,Pistol Whip,5M+,Private,"Vancouver rhythm shooter",VR rhythm shooter
2414,Cloudhead Games,cloudheadgames.com,BROAD,Pistol Whip,5M+,Private,"Vancouver VR",VR game developer
2415,Survios,survios.com,BROAD,Creed VR,5M+,Private,"LA VR gaming",VR game developer
2416,nDreams,ndreams.com,BROAD,VR titles,10M+ VR,Private,"Farnborough VR",VR game developer
2417,Resolution Games,resolutiongames.com,BROAD,Demeo,5M+,Private,"Stockholm VR",VR tabletop gaming
2418,Owlchemy Labs,owlchemylabs.com,BROAD,Job Simulator,10M+,Google acquired,"Austin VR",VR comedy games
2419,Schell Games,schellgames.com,BROAD,I Expect You To Die,5M+,Private,"Pittsburgh VR",VR puzzle games
2420,Fast Travel Games,fasttravelgames.com,BROAD,Wraith,5M+,Private,"Stockholm VR",VR action games
2421,Twisted Pixel,twistedpixelgames.com,BROAD,Path of the Warrior,5M+,Private,"Austin VR",VR game developer
2422,Velan Studios Mario,velanstudios.com,BROAD,Mario Kart Live,10M+,Private,"Troy NY AR",AR racing game
2423,Niantic Pokemon,nianticlabs.com,BROAD,Pokemon GO,1B+,Scopely acquired $3.5B,"SF AR gaming",Pokemon GO developer
2424,Niantic Ingress,nianticlabs.com,BROAD,Ingress,30M+,Scopely acquired,"SF AR",Ingress developer
2425,Niantic Pikmin,nianticlabs.com,BROAD,Pikmin Bloom,10M+,Scopely acquired,"SF AR Nintendo",Pikmin AR game
2426,Niantic Peridot,nianticlabs.com,BROAD,Peridot,5M+,Scopely acquired,"SF AR pets",AR pet game
2427,Niantic NBA,nianticlabs.com,BROAD,NBA All-World,5M+,Scopely acquired,"SF AR sports",NBA AR game
2428,Niantic Campfire,nianticlabs.com,BROAD,Campfire,10M+,Scopely acquired,"SF social AR",AR social platform
2429,Lightship,nianticlabs.com,BROAD,AR SDK,N/A,Niantic platform,"SF AR tools",AR developer platform
2430,Jurassic World AR,ludia.com,BROAD,Jurassic World Alive,30M+,Jam City subsidiary,"Montreal AR",AR dinosaur game
2431,Ghostbusters AR,4:33 Creative Lab,BROAD,Ghostbusters World,10M+,Private,"Seoul AR",AR ghostbusting
2432,Walking Dead AR,Next Games,BROAD,Walking Dead AR,10M+,Netflix acquired,"Helsinki AR",AR zombie game
2433,Angry Birds AR,Rovio,BROAD,Angry Birds AR,10M+,SEGA subsidiary,"Espoo AR",AR bird game
2434,Minecraft Earth,Mojang,BROAD,Minecraft Earth,10M+ discontinued,Microsoft subsidiary,"Stockholm AR",AR Minecraft
2435,Harry Potter WU,WB/Niantic,BROAD,Harry Potter WU,15M+ discontinued,WB partnership,"SF AR magic",AR Harry Potter
2436,Dragon Quest Walk,Square Enix,BROAD,Dragon Quest Walk,50M+,Public (TYO: 9684),"Tokyo AR RPG",AR Dragon Quest
2437,Yokai Watch World,Level-5,BROAD,Yokai Watch World,5M+,Private,"Fukuoka AR",AR Yokai game
2438,Orna GPS RPG,Northern Forge,BROAD,Orna,5M+,Private,"Toronto location RPG",Location-based RPG
2439,Maguss,Maguss Ltd,BROAD,Maguss,5M+,Private,"Poland AR magic",AR magic dueling
2440,Catan World,Niantic/Catan,BROAD,Catan World,5M+ discontinued,Partnership,"SF AR strategy",AR Catan
2441,NBA 2K25,2K Games,BROAD,NBA 2K Mobile,100M+,Take-Two subsidiary,"Novato basketball",NBA 2K mobile
2442,2K Games MyNBA,2k.com,BROAD,MyNBA 2K,50M+,Public (NASDAQ: TTWO),"Novato sports",NBA companion app
2443,2K Games WWE,2k.com,BROAD,WWE SuperCard,50M+,Public (NASDAQ: TTWO),"Novato wrestling",WWE card game
2444,2K Games Golf,2k.com,BROAD,PGA Tour 2K,20M+,Public (NASDAQ: TTWO),"Novato golf",Golf simulation
2445,2K Games Civilization,2k.com,BROAD,Civilization VI,20M+,Public (NASDAQ: TTWO),"Novato strategy",Civ mobile port
2446,2K Games XCOM,2k.com,BROAD,XCOM 2,10M+,Public (NASDAQ: TTWO),"Novato tactics",XCOM mobile
2447,Firaxis,firaxis.com,BROAD,XCOM 2 dev,10M+,Take-Two subsidiary,"Sparks MD strategy",Civilization developer
2448,Aspyr 2K,aspyr.com,BROAD,2K ports,30M+ total,Take-Two via Embracer,"Austin ports",2K game ports
2449,Private Division,privatedivision.com,BROAD,Various AA,30M+ total,Take-Two subsidiary,"NYC AA label",AA game publisher
2450,Roll7,roll7.co.uk,BROAD,OlliOlli World,5M+,Private Division subsidiary,"London skating",Skateboarding games
2451,Intercept Games,intercept.games,BROAD,KSP 2,5M+,Private Division subsidiary,"Seattle space",Kerbal Space Program
2452,Moon Studios Ori,moonstudios.com,BROAD,Ori series,20M+,Private,"Vienna metroidvania",Ori developer
2453,Polytron,polytroncorporation.com,BROAD,Fez,5M+,Private,"Montreal puzzle",Fez developer
2454,Matt Makes Games,mattmakesgames.com,BROAD,Celeste,10M+,Private,"Vancouver platformer",Celeste developer
2455,Extremely OK,exok.com,BROAD,Celeste,10M+,Private,"Seattle platformer",Celeste dev studio
2456,Thomas Happ,axiomverge.com,BROAD,Axiom Verge,5M+,Private,"NJ metroidvania",Axiom Verge solo dev
2457,Drinkbox Studios,drinkboxstudios.com,BROAD,Guacamelee,10M+,Private,"Toronto metroidvania",Guacamelee dev
2458,Image & Form,imageform.se,BROAD,SteamWorld,10M+ series,Thunderful subsidiary,"Gothenburg indie",SteamWorld developer
2459,Thunderful,thunderfulgames.com,BROAD,Various indies,30M+ total,Public (STO: THUNDR),"Gothenburg publisher",Indie publisher
2460,Zoink,zoinkgames.com,BROAD,Lost in Random,5M+,Thunderful subsidiary,"Gothenburg adventure",Lost in Random dev
2461,Rising Star,risingstargames.com,BROAD,Various titles,20M+ total,Thunderful subsidiary,"London publisher",European publisher
2462,Coatsink,coatsink.com,BROAD,Gang Beasts port,10M+,Thunderful subsidiary,"Sunderland VR",VR game developer
2463,Rovio Angry,rovio.com,BROAD,Angry Birds 2,100M+,SEGA subsidiary,"Espoo Finland birds",Angry Birds franchise
2464,Rovio Piggy,rovio.com,BROAD,Bad Piggies,100M+,SEGA subsidiary,"Espoo physics puzzle",Bad Piggies game
2465,Rovio Dream,rovio.com,BROAD,Angry Birds Dream,50M+,SEGA subsidiary,"Espoo match-3",AB Dream Blast
2466,Rovio Journey,rovio.com,BROAD,AB Journey,30M+,SEGA subsidiary,"Espoo bird adventure",AB Journey
2467,Rovio Friends,rovio.com,BROAD,AB Friends,20M+,SEGA subsidiary,"Espoo puzzle",AB Friends
2468,Small Giant Puzzle,smallgiantgames.com,ADJACENT,Puzzle Combat,10M+,Zynga subsidiary,"Helsinki match-3 action",Puzzle Combat
2469,Seriously Best,seriously.com,BROAD,Best Fiends Stars,30M+,Playtika subsidiary,"Helsinki puzzle",Best Fiends sequel
2470,Frogmind Badland2,frogmind.com,BROAD,Badland 2,50M+,Supercell subsidiary,"Helsinki physics",Badland sequel
2471,Supercell Boom,supercell.com,BROAD,Boom Beach Frontlines,20M+,Public (Tencent majority),"Helsinki strategy",Boom Beach spinoff
2472,Fingersoft Hill3,fingersoft.com,BROAD,Hill Climb Racing 3,Pre-launch,Private,"Oulu physics racing",Hill Climb 3
2473,Critical Force,criticalforce.fi,BROAD,Critical Ops,100M+,Private,"Kajaani FPS",Critical Ops developer
2474,Traplight,traplight.com,BROAD,Battle Legion,20M+,Private,"Tampere autobattler",Battle Legion dev
2475,Traplight Big,traplight.com,BROAD,Big Bang Racing,20M+,Private,"Tampere racing",Big Bang Racing
2476,Redlynx Trials,ubisoft.com,BROAD,Trials Frontier,100M+,Ubisoft subsidiary,"Helsinki racing",Trials mobile
2477,Redlynx South,ubisoft.com,BROAD,South Park PD,10M+,Ubisoft subsidiary,"Helsinki South Park",South Park mobile
2478,Remedy Control,remedygames.com,BROAD,Control Ultimate,10M+,Public (HEL: REMEDY),"Espoo action",Control developer
2479,Remedy Alan,remedygames.com,BROAD,Alan Wake 2,5M+,Public (HEL: REMEDY),"Espoo horror action",Alan Wake dev
2480,Housemarque Resogun,housemarque.com,BROAD,Resogun,5M+ console,PlayStation Studios,"Helsinki arcade",Resogun developer
2481,Colossal Order CS2,colossalorder.fi,BROAD,Cities Skylines 2,5M+,Private,"Tampere city builder",CS2 developer
2482,10tons,10tons.com,BROAD,Crimsonland,20M+,Private,"Tampere twin-stick",Twin-stick shooters
2483,10tons Neon,10tons.com,BROAD,Neon Chrome,10M+,Private,"Tampere roguelike",Roguelike shooters
2484,Frozenbyte Trine,frozenbyte.com,BROAD,Trine series,30M+,Private,"Helsinki puzzle platformer",Trine developer
2485,Frozenbyte Starbase,frozenbyte.com,BROAD,Starbase,5M+,Private,"Helsinki space MMO",Starbase developer
2486,Next Games TWD,nextgames.com,BROAD,Walking Dead NML,20M+,Netflix acquired,"Helsinki Walking Dead",TWD mobile dev
2487,Secret Exit,secretexit.com,BROAD,Zen Bound,10M+,Private,"Helsinki puzzle",Zen Bound developer
2488,Cornfox Oceanhorn,cornfox.com,BROAD,Oceanhorn,30M+,Private,"Helsinki Zelda-like",Oceanhorn developer
2489,Bugbear Wreckfest,bugbeargames.com,BROAD,Wreckfest Mobile,10M+,THQ Nordic subsidiary,"Helsinki racing",Wreckfest developer
2490,MiTale,mitale.com,BROAD,Angry Birds mobile,30M+,Private,"Helsinki AB developer",AB game developer
2491,Wargaming Blitz,wargaming.net,BROAD,WoT Blitz,100M+,Private,"Nicosia mobile tanks",WoT Blitz mobile
2492,Wargaming Legends,wargaming.net,BROAD,WoT Legends,30M+ console,Private,"Nicosia console tanks",Console version
2493,Persha Studia,persha.studio,BROAD,Various mobile,10M+ total,Wargaming subsidiary,"Kyiv mobile",Mobile support studio
2494,World of Tanks PC,wargaming.net,BROAD,World of Tanks,200M+,Private,"Nicosia PC tanks",PC tank combat
2495,World of Warplanes,wargaming.net,BROAD,World of Warplanes,20M+,Private,"Nicosia planes",Air combat game
2496,Lesta Studio,lesta.ru,BROAD,WoWS Russian,30M+,Wargaming spinoff,"St Petersburg naval",Russian naval combat
2497,Gaijin WT Mobile,gaijin.net,BROAD,War Thunder Mobile,10M+,Private,"Budapest combat sim",Mobile combat
2498,Gaijin Crossout,gaijin.net,BROAD,Crossout Mobile,10M+,Private,"Budapest vehicular",Crossout mobile
2499,Gaijin Enlisted,gaijin.net,BROAD,Enlisted,10M+,Private,"Budapest WWII shooter",WWII squad shooter
2500,Targem Games,targem.ru,BROAD,Crossout,20M+,Gaijin partner,"Ekaterinburg vehicular",Crossout developer
2501,Allods Team,allods.com,BROAD,Skyforge,20M+,MY.GAMES subsidiary,"Moscow MMORPG",Skyforge developer
2502,Vizor Games,vizor-games.com,BROAD,Klondike Adventures,100M+,Private,"Minsk adventure",Klondike Adventures
2503,Vizor Family,vizor-games.com,BROAD,Family Island,100M+,Private,"Minsk farm survival",Family Island
2504,Vizor Cradle,vizor-games.com,BROAD,Cradle of Empires,30M+,Private,"Minsk match-3",Match-3 adventure
2505,Melsoft,melsoftgames.com,BROAD,Family Island,100M+,Vizor subsidiary,"Minsk farm",Family Island dev
2506,Social Quantum,sq.team,BROAD,Megapolis,100M+,Private,"St Petersburg city",Megapolis builder
2507,Social Quantum Wild,sq.team,BROAD,Wild West,30M+,Private,"St Petersburg western",Wild West builder
2508,SocialPoint Township,playrix.com,BROAD,Township,200M+,Playrix $7B,"Dublin farm city",Township developer
2509,Game Insight,game-insight.com,BROAD,Guns of Boom,50M+,Private,"Vilnius shooter",Guns of Boom
2510,Game Insight Survival,game-insight.com,BROAD,Survival Arena,10M+,Private,"Vilnius survival",Survival arena
2511,Game Insight Paradise,game-insight.com,BROAD,Paradise Island,30M+,Private,"Vilnius sim",Paradise Island
2512,Plarium RAID,plarium.com,ADJACENT,RAID Shadow Legends,50M+,Aristocrat subsidiary,"Herzliya RPG",RAID developer
2513,Plarium Vikings,plarium.com,BROAD,Vikings War,50M+,Aristocrat subsidiary,"Herzliya strategy",Vikings strategy
2514,Plarium Sparta,plarium.com,BROAD,Sparta War,30M+,Aristocrat subsidiary,"Herzliya war",Sparta strategy
2515,Plarium Soldiers,plarium.com,BROAD,Soldiers Inc,20M+,Aristocrat subsidiary,"Herzliya military",Modern combat strategy
2516,Plarium Stormfall,plarium.com,BROAD,Stormfall,30M+,Aristocrat subsidiary,"Herzliya fantasy",Fantasy strategy
2517,Jelly Button,jellybutton.com,BROAD,Pirate Kings,100M+,Playtika subsidiary,"Tel Aviv casual",Pirate Kings
2518,Jelly Merge,jellybutton.com,BROAD,Merge Merge,20M+,Playtika subsidiary,"Tel Aviv merge",Merge puzzle
2519,Jelly Board,jellybutton.com,BROAD,Board Kings,50M+,Playtika subsidiary,"Tel Aviv board",Board game
2520,Innplay Labs,innplaylabs.com,BROAD,Solitaire Farm,30M+,Playtika subsidiary,"Tel Aviv solitaire",Solitaire farming
2521,Wooga Pearl,wooga.com,ADJACENT,Pearl's Peril,30M+,Playtika subsidiary,"Berlin hidden object",Hidden object
2522,Wooga Agent,wooga.com,ADJACENT,Agent Alice,20M+,Playtika subsidiary,"Berlin mystery",Hidden object mystery
2523,Supersolid,supersolid.com,BROAD,Fashion Empire,20M+,Private,"London fashion sim",Fashion simulation
2524,Seriously Legends,seriously.com,BROAD,Legends of Kingdom Rush,10M+,Playtika subsidiary,"Helsinki roguelike TD",KR roguelike
2525,Playtika Poker,playtika.com,BROAD,World Series Poker,50M+,Public (NASDAQ: PLTK),"Tel Aviv poker",WSOP mobile
2526,Playtika House,playtika.com,BROAD,House of Fun,50M+,Public (NASDAQ: PLTK),"Tel Aviv slots",Social slots
2527,Playtika Slotomania,playtika.com,BROAD,Slotomania,100M+,Public (NASDAQ: PLTK),"Tel Aviv slots pioneer",Slots leader
2528,Playtika 88,playtika.com,BROAD,88 Fortunes Slots,30M+,Public (NASDAQ: PLTK),"Tel Aviv Asian slots",Asian themed slots
2529,SciPlay Gold,sciplay.com,BROAD,Gold Fish Slots,50M+,Public (NASDAQ: SCPL),"Las Vegas slots",Fish slots
2530,SciPlay Hot,sciplay.com,BROAD,Hot Shot Slots,30M+,Public (NASDAQ: SCPL),"Las Vegas slots",Hot shot casino
2531,High 5 Casino,high5casino.com,BROAD,High 5 Casino,50M+,Private,"New York social casino",Social casino
2532,DoubleU Casino,doubleu.games,BROAD,DoubleU Casino,50M+,Public (KOSDAQ),"Seoul social casino",Korean social casino
2533,Huuuge Billionaire,huuugegames.com,BROAD,Billionaire Casino,30M+,Public (WSE: HUG),"Poland casino",Social casino
2534,GSN Grand,gsn.com,BROAD,GSN Grand Casino,30M+,Sony subsidiary,"LA casino",Grand casino slots
2535,Big Fish Casino,bigfishgames.com,BROAD,Big Fish Casino,100M+,Aristocrat subsidiary,"Seattle casino",Big Fish slots
2536,Aristocrat Pixel,aristrocrat.com,BROAD,Various social casino,200M+ total,Public (ASX: ALL),"Sydney gaming",Social casino portfolio
2537,IGT PlayDigital,igt.com,BROAD,DoubleDown,50M+,Public (NYSE: IGT),"Las Vegas gaming",Casino gaming
2538,Light & Wonder,lnw.com,BROAD,Various casino,100M+ total,Public (NASDAQ: LNW),"Las Vegas gaming",Gaming machines
2539,Everi Games,everi.com,BROAD,Various casino,30M+ total,Public (NYSE: EVRI),"Las Vegas gaming",Gaming technology
2540,AGS Games,playags.com,BROAD,Various slots,20M+ total,Private equity,"Las Vegas gaming",Slot machines
2541,Penn Gaming,pennentertainment.com,BROAD,Barstool Casino,20M+,Public (NASDAQ: PENN),"Wyomissing gaming",Casino entertainment
2542,Churchill Downs,churchilldownsincorporated.com,BROAD,TwinSpires,10M+,Public (NASDAQ: CHDN),"Louisville racing",Horse racing betting
2543,Flutter Entertainment,flutter.com,BROAD,FanDuel family,100M+ total,Public (LSE: FLTR),"Dublin betting",Betting conglomerate
2544,Entain,entain.com,BROAD,Various betting,100M+ total,Public (LSE: ENT),"London betting",Sports betting
2545,888 Holdings,888holdings.com,BROAD,888 Casino,30M+,Public (LSE: 888),"Gibraltar gaming",Online casino
2546,LeoVegas,leovegas.com,BROAD,LeoVegas,20M+,MGM Resorts subsidiary,"Stockholm casino",Mobile casino
2547,Kindred Group,kindredgroup.com,BROAD,Unibet,30M+,Public (STO: KIND),"Malta betting",Betting group
2548,Betway,betway.com,BROAD,Betway Sports,30M+,Super Group,"London betting",Sports betting
2549,William Hill,williamhill.com,BROAD,William Hill,30M+,Caesars subsidiary,"London betting",Sports betting
2550,Paddy Power,paddypower.com,BROAD,Paddy Power,20M+,Flutter subsidiary,"Dublin betting",Irish bookmaker
2551,Betfair,betfair.com,BROAD,Betfair Exchange,20M+,Flutter subsidiary,"London exchange",Betting exchange
2552,PokerStars,pokerstars.com,BROAD,PokerStars,30M+,Flutter subsidiary,"Isle of Man poker",Online poker
2553,GGPoker,ggpoker.com,BROAD,GGPoker,20M+,Private,"Isle of Man poker",Online poker
2554,partypoker,partypoker.com,BROAD,partypoker,20M+,Entain subsidiary,"Gibraltar poker",Online poker
2555,Zynga Poker,zynga.com,BROAD,Zynga Poker,100M+,Take-Two subsidiary,"SF social poker",Social poker
2556,WSOP App,playwsop.com,BROAD,WSOP,50M+,Playtika subsidiary,"Tel Aviv poker",Official WSOP
2557,PPPoker,pppoker.net,BROAD,PPPoker,10M+,Private,"Malta home poker",Home poker app
2558,Poker Heat,playtika.com,BROAD,Poker Heat,30M+,Playtika subsidiary,"Tel Aviv poker",League poker
2559,Governor Poker,youda.com,BROAD,Governor of Poker,50M+,Private,"Netherlands poker",Story poker game
2560,Youda Games,youdagames.com,BROAD,Various tycoon,100M+ total,Private,"Breda Netherlands",Tycoon games
2561,Kairosoft,kairosoft.net,BROAD,Game Dev Story,30M+,Private,"Tokyo sim games",Sim game pioneer
2562,Kairosoft Dungeon,kairosoft.net,BROAD,Dungeon Village,20M+,Private,"Tokyo RPG sim",RPG village sim
2563,Kairosoft Station,kairosoft.net,BROAD,Station Manager,10M+,Private,"Tokyo station sim",Train station sim
2564,Kairosoft Grand,kairosoft.net,BROAD,Grand Prix Story,20M+,Private,"Tokyo racing sim",Racing management
2565,Kairosoft Mega,kairosoft.net,BROAD,Mega Mall Story,20M+,Private,"Tokyo mall sim",Mall management
2566,Kairosoft Pocket,kairosoft.net,BROAD,Pocket League,10M+,Private,"Tokyo soccer sim",Soccer management
2567,Green Panda Idle,greenpandagames.com,BROAD,Idle Farming,30M+,Ubisoft subsidiary,"Paris idle",Idle farming
2568,Green Panda Lumber,greenpandagames.com,BROAD,Lumber Inc,50M+,Ubisoft subsidiary,"Paris tycoon",Lumber tycoon
2569,Kolibri Idle,kolibrigames.com,BROAD,Idle Factory,50M+,Ubisoft subsidiary,"Berlin idle",Factory tycoon
2570,Kolibri Tycoon,kolibrigames.com,BROAD,Idle Startup,30M+,Ubisoft subsidiary,"Berlin startup",Startup tycoon
2571,Codigames Factory,codigames.com,BROAD,My Factory,30M+,Private,"Barcelona tycoon",Factory tycoon
2572,Codigames Cinema,codigames.com,BROAD,Cinema Tycoon,20M+,Private,"Barcelona sim",Cinema management
2573,Codigames Supermarket,codigames.com,BROAD,Supermarket,30M+,Private,"Barcelona tycoon",Supermarket tycoon
2574,Codigames Hotel,codigames.com,BROAD,Hotel Empire,30M+,Private,"Barcelona hotel",Hotel tycoon
2575,Codigames Gym,codigames.com,BROAD,Gym Tycoon,20M+,Private,"Barcelona fitness",Gym tycoon
2576,Digital Things,digitalthings.net,BROAD,Idle Miner,100M+,Kolibri/Ubisoft partner,"Bratislava idle",Idle Miner dev
2577,Coldfire Games,coldfireinc.com,BROAD,Truck Simulator,30M+,Private,"LA truck sim",Truck simulation
2578,SCS Software,scssoft.com,BROAD,Trucking sims,50M+ total,Private,"Prague truck sim",Euro Truck developer
2579,Giants Software,giants-software.com,BROAD,Farming Simulator,30M+,Private,"Zurich farming",Farming Sim dev
2580,Focus FS,focus-entmt.com,BROAD,Farming Sim,30M+,Public (EPA: ALFOC),"Paris farming pub",FS publisher
2581,ASTRAGON,astragon.de,BROAD,Bus Simulator,30M+,Private,"Düsseldorf sim",Simulation publisher
2582,Aerosoft,aerosoft.com,BROAD,Flight sims,20M+ total,Private,"Paderborn flight",Flight sim publisher
2583,Dovetail Games,dovetailgames.com,BROAD,Train Sim,30M+,Private,"Chatham UK trains",Train simulation
2584,Railsimulator,railsimulator.com,BROAD,Train Sim World,20M+,Dovetail subsidiary,"Chatham trains",TSW developer
2585,Flight Sim Group,flightsimulator.com,BROAD,MS Flight Sim,30M+,Microsoft subsidiary,"Redmond flight",Flight Sim team
2586,Ace Combat,bandainamcoent.com,BROAD,Ace Combat,20M+,Bandai Namco subsidiary,"Tokyo flight combat",Ace Combat mobile
2587,Infinite Flight,infiniteflight.com,BROAD,Infinite Flight,20M+,Private,"Salt Lake City flight",Flight simulator
2588,X-Plane,x-plane.com,BROAD,X-Plane Mobile,10M+,Laminar Research,"Columbia SC flight",X-Plane mobile
2589,RFS Real Flight,rortos.it,BROAD,Real Flight Sim,30M+,Private,"Italy flight",Flight simulator
2590,Rortos,rortos.it,BROAD,Airline Commander,50M+,Private,"Pordenone Italy flight",Airline simulation
2591,Aerofly,ipacs.de,BROAD,Aerofly FS,10M+,Private,"Germany flight",Flight simulator
2592,HCGames,hcgames.com,BROAD,Turboprop Flight,10M+,Private,"Singapore flight",Turboprop simulator
2593,MADFINGER Shadowgun,madfingergames.com,BROAD,Shadowgun Legends,30M+,Private,"Brno CZ shooter",Shadowgun developer
2594,MADFINGER Dead,madfingergames.com,BROAD,Dead Trigger 2,100M+,Private,"Brno zombie shooter",Dead Trigger dev
2595,MADFINGER Trigger,madfingergames.com,BROAD,Dead Trigger,100M+,Private,"Brno zombie",Original Dead Trigger
2596,Gameloft MC,gameloft.com,BROAD,Modern Combat 5,100M+,Vivendi subsidiary,"Barcelona shooter",Modern Combat series
2597,Gameloft MC6,gameloft.com,BROAD,Modern Combat 6,50M+,Vivendi subsidiary,"Barcelona shooter",Modern Combat sequel
2598,Gameloft NOVA,gameloft.com,BROAD,NOVA Legacy,100M+,Vivendi subsidiary,"Barcelona sci-fi",N.O.V.A. series
2599,Gameloft Gangstar,gameloft.com,BROAD,Gangstar Vegas,100M+,Vivendi subsidiary,"Barcelona open world",Gangstar series
2600,Gameloft Sniper,gameloft.com,BROAD,Sniper Fury,50M+,Vivendi subsidiary,"Barcelona sniper",Sniper shooter
2601,Gameloft Brothers,gameloft.com,BROAD,Brothers in Arms,50M+,Vivendi subsidiary,"Barcelona WWII",WWII shooter
2602,Gameloft Six Guns,gameloft.com,BROAD,Six-Guns,50M+,Vivendi subsidiary,"Barcelona western",Western shooter
2603,Gameloft Iron,gameloft.com,BROAD,Iron Blade,30M+,Vivendi subsidiary,"Barcelona medieval",Medieval action
2604,Gameloft Gods,gameloft.com,BROAD,Gods of Rome,30M+,Vivendi subsidiary,"Barcelona fighting",Fighting game
2605,Gameloft Disney,gameloft.com,BROAD,Disney Magic Kingdoms,100M+,Vivendi subsidiary,"Barcelona Disney",Disney builder
2606,Gameloft Minion,gameloft.com,BROAD,Minion Rush,500M+,Vivendi subsidiary,"Barcelona runner",Despicable Me runner
2607,Gameloft Spiderman,gameloft.com,BROAD,Spider-Man Unlimited,100M+,Vivendi subsidiary,"Barcelona Marvel",Spider-Man runner
2608,Gameloft UNO,gameloft.com,BROAD,UNO!,100M+,Vivendi subsidiary,"Barcelona card",UNO mobile
2609,Gameloft Ludo,gameloft.com,BROAD,Ludo King variant,30M+,Vivendi subsidiary,"Barcelona board",Board game variant
2610,Illumination,illumination.com,BROAD,Despicable Me,500M+ franchise,NBCUniversal subsidiary,"Santa Monica animation",Minion IP holder
2611,Universal Games,universalgames.com,BROAD,Various licensed,200M+ total,NBCUniversal subsidiary,"Universal City licensing",Licensed mobile games
2612,Warner Bros Games,wbgames.com,BROAD,Various licensed,300M+ total,Warner Bros subsidiary,"Burbank gaming",Licensed game publisher
2613,WB Mortal Kombat,wbgames.com,BROAD,Mortal Kombat Mobile,100M+,Warner Bros subsidiary,"Chicago fighter",MK mobile
2614,WB Injustice,wbgames.com,BROAD,Injustice 2 Mobile,50M+,Warner Bros subsidiary,"Chicago DC fighter",DC fighting game
2615,WB DC Legends,wbgames.com,BROAD,DC Legends,30M+,Warner Bros subsidiary,"Burbank DC RPG",DC mobile RPG
2616,WB Lego,wbgames.com,BROAD,LEGO games,200M+ total,Warner Bros subsidiary,"Burbank LEGO",LEGO game franchise
2617,WB Batman,wbgames.com,BROAD,Batman Arkham,30M+,Warner Bros subsidiary,"Montreal Batman",Batman mobile
2618,NetherRealm,netherrealm.com,BROAD,MK Mobile dev,100M+,WB subsidiary,"Chicago fighter dev",MK developer
2619,TT Games,ttgames.com,BROAD,LEGO games dev,200M+ total,WB subsidiary,"Knutsford UK LEGO",LEGO game developer
2620,Rocksteady,rocksteadyltd.com,BROAD,Suicide Squad,10M+,WB subsidiary,"London action",Batman Arkham dev
2621,Avalanche Software,avalanchesoftware.com,BROAD,Hogwarts Legacy,30M+,WB subsidiary,"Salt Lake City action",Harry Potter dev
2622,Portkey Games,portkeygames.com,BROAD,HP Hogwarts,50M+,WB label,"Burbank Harry Potter",Harry Potter mobile
2623,Monolith Productions,lith.com,BROAD,Shadow of War,20M+,WB subsidiary,"Kirkland WA action",Middle-earth developer
2624,Playdemic Golf,playdemic.com,BROAD,Golf Clash,100M+,EA acquired,"UK golf",Golf Clash developer
2625,EA Maxis,ea.com,BROAD,The Sims Mobile,100M+,EA subsidiary,"Redwood City sim",Sims developer
2626,EA BioWare,ea.com,BROAD,Mass Effect,50M+ franchise,EA subsidiary,"Edmonton RPG",Mass Effect dev
2627,EA DICE,ea.com,BROAD,Battlefield Mobile,30M+,EA subsidiary,"Stockholm shooter",Battlefield dev
2628,EA Respawn,ea.com,BROAD,Apex Legends Mobile,50M+,EA subsidiary,"LA shooter",Apex developer
2629,EA Industrial Toys,ea.com,BROAD,Apex Mobile dev,50M+,EA subsidiary,"Pasadena mobile",Apex Mobile dev
2630,EA Criterion,ea.com,BROAD,Need for Speed,100M+,EA subsidiary,"Guildford racing",NFS developer
2631,EA Ghost Games,ea.com,BROAD,NFS Mobile,100M+,EA subsidiary,"Gothenburg racing",NFS Heat dev
2632,EA Codemasters,ea.com,BROAD,F1 Mobile,50M+,EA subsidiary,"Southam UK racing",F1 game developer
2633,EA Slightly Mad,ea.com,BROAD,Project CARS,20M+,EA subsidiary,"London racing",Project CARS dev
2634,EA PopCap,ea.com,BROAD,Plants vs Zombies,200M+,EA subsidiary,"Seattle casual",PvZ developer
2635,EA PopCap PvZ,ea.com,BROAD,PvZ 2,200M+,EA subsidiary,"Seattle tower defense",PvZ sequel
2636,EA PopCap Bejeweled,ea.com,ADJACENT,Bejeweled,100M+,EA subsidiary,"Seattle match-3",Bejeweled developer
2637,EA Track Twenty,ea.com,BROAD,UFC Mobile dev,100M+,EA subsidiary,"Vancouver sports",UFC Mobile developer
2638,EA Tracktwenty Sports,ea.com,BROAD,Various sports,100M+ total,EA subsidiary,"Vancouver Canada",EA Sports mobile
2639,Glu Design,glu.com,BROAD,Various titles,500M+ total,EA subsidiary,"SF mobile design",Glu design team
2640,Glu WWE,glu.com,BROAD,WWE Universe,30M+,EA subsidiary,"SF wrestling",WWE mobile
2641,Glu Racing Rivals,glu.com,BROAD,Racing Rivals,50M+,EA subsidiary,"SF racing",Racing Rivals
2642,Crowdstar Covet,glu.com,BROAD,Covet Fashion,100M+,EA via Glu,"Burlingame fashion",Fashion game
2643,Crowdstar Design,glu.com,BROAD,Design Home,150M+,EA via Glu,"Burlingame design",Home design
2644,NaturalMotion CSR,ea.com,BROAD,CSR Racing 2,200M+,Zynga/Take-Two,"Oxford racing",CSR Racing dev
2645,NaturalMotion Dawn,ea.com,BROAD,Dawn of Titans,30M+,Zynga/Take-Two,"Oxford strategy",Strategy action
2646,NaturalMotion Clumsy,naturalmotion.com,BROAD,Clumsy Ninja,100M+,Zynga/Take-Two,"Oxford physics",Physics character
2647,Boss Fight,bossfightentertainment.com,BROAD,Dungeon Boss,30M+,Private,"Allen TX RPG",Dungeon Boss dev
2648,Zynga DB,zynga.com,BROAD,Dungeon Boss,30M+,Take-Two subsidiary,"SF mobile RPG",Dungeon Boss
2649,Zynga Empires,zynga.com,BROAD,Empires Allies,30M+,Take-Two subsidiary,"SF strategy",Empires Allies
2650,Zynga CSR,zynga.com,BROAD,CSR 2,200M+,Take-Two subsidiary,"SF racing",CSR 2 publisher
2651,Zynga Words2,zynga.com,ADJACENT,Words With Friends 2,50M+,Take-Two subsidiary,"SF word game",WWF sequel
2652,Zynga Poker2,zynga.com,BROAD,Zynga Poker Texas,100M+,Take-Two subsidiary,"SF poker",Poker game
2653,Zynga Chess,zynga.com,BROAD,Chess With Friends,30M+,Take-Two subsidiary,"SF board game",Chess social
2654,Zynga Draw,zynga.com,BROAD,Draw Something,100M+,Take-Two subsidiary,"SF drawing",Drawing game
2655,OMGPOP Draw,omgpop.com,BROAD,Draw Something,100M+,Zynga/Take-Two acquired,"NYC drawing",Draw Something creator
2656,Gram Merge,gram.gs,ADJACENT,Merge Town,50M+,Zynga/Take-Two acquired,"Istanbul merge",Merge puzzle
2657,Gram Merge Dragons,gram.gs,ADJACENT,Merge Dragons,100M+,Zynga/Take-Two acquired,"Istanbul dragons",Dragon merge
2658,Small Giant E&P,smallgiantgames.com,ADJACENT,Empires Puzzles,100M+,Zynga/Take-Two acquired,"Helsinki match-3",E&P developer
2659,Peak Toon,zynga.com,ADJACENT,Toon Blast,100M+,Zynga/Take-Two acquired,"Istanbul puzzle",Toon Blast
2660,Peak Toy,zynga.com,ADJACENT,Toy Blast,100M+,Zynga/Take-Two acquired,"Istanbul puzzle",Toy Blast
2661,Peak Match,zynga.com,ADJACENT,Match Factory,50M+,Zynga/Take-Two acquired,"Istanbul factory",Factory puzzle
2662,Peak Lost,zynga.com,ADJACENT,Lost Island,30M+,Zynga/Take-Two acquired,"Istanbul adventure",Island puzzle
2663,Peak World,zynga.com,ADJACENT,World Champs,20M+,Zynga/Take-Two acquired,"Istanbul puzzle",World puzzle
2664,Rollic Go,zynga.com,BROAD,Go Knots 3D,200M+,Zynga/Take-Two acquired,"Istanbul untangle",Untangle puzzle
2665,Rollic Paper,zynga.com,BROAD,Paper.io 2,100M+,Zynga/Take-Two acquired,"Istanbul io game",Territory game
2666,Rollic Hair,zynga.com,BROAD,Hair Salon 3D,100M+,Zynga/Take-Two acquired,"Istanbul hair",Hair styling
2667,Rollic Picker,zynga.com,BROAD,Picker 3D,100M+,Zynga/Take-Two acquired,"Istanbul picker",Picker game
2668,Rollic Cat,zynga.com,BROAD,Cat Escape,50M+,Zynga/Take-Two acquired,"Istanbul escape",Escape puzzle
2669,Echtra Games,echtragames.com,BROAD,Torchlight,30M+,Zynga/Take-Two acquired,"SF action RPG",Torchlight developer
2670,Torchlight Infinite,xd.com,ADJACENT,Torchlight Infinite,20M+,XD Inc/Zynga partner,"Shanghai ARPG",Torchlight mobile
2671,StarLark,starlark.com,BROAD,Golf Rival,100M+,Zynga/Take-Two acquired,"Shenzhen golf",Golf Rival developer
2672,Socialpoint TCW,socialpoint.es,BROAD,Top Eleven rival,30M+,Take-Two subsidiary,"Barcelona football",Football management
2673,Playdots,playdots.com,ADJACENT,Two Dots,100M+,Take-Two acquired,"NYC puzzle",Two Dots developer
2674,Playdots Dots,playdots.com,ADJACENT,Dots,50M+,Take-Two acquired,"NYC minimalist",Original Dots
2675,Playdots Wilds,playdots.com,ADJACENT,Dots Co,30M+,Take-Two acquired,"NYC dots adventure",Dots sequel
2676,Popcore Games,popcore.com,BROAD,Slice It All,100M+,Private,"Berlin cutting game",Slice game
2677,Popcore Home,popcore.com,BROAD,Home Pin,100M+,Private,"Berlin pull pin",Pull pin puzzle
2678,Popcore Perfect,popcore.com,BROAD,Perfect Slice,50M+,Private,"Berlin slicing",Slicing game
2679,BoomBit Car,boombit.com,BROAD,Car Drawing,30M+,Public (WSE: BBT),"Gdansk drawing",Drawing car game
2680,BoomBit Darts,boombit.com,BROAD,Darts of Fury,30M+,Public (WSE: BBT),"Gdansk darts",Darts simulation
2681,BoomBit Hunt,boombit.com,BROAD,Hunt Royale,30M+,Public (WSE: BBT),"Gdansk hunting",Hunting game
2682,BoomBit Archery,boombit.com,BROAD,Archery Club,20M+,Public (WSE: BBT),"Gdansk archery",Archery simulation
2683,BoomBit Tiny,boombit.com,BROAD,Tiny Gladiators,20M+,Public (WSE: BBT),"Gdansk fighting",Gladiator fighting
2684,BoomBit Racing,boombit.com,BROAD,Racing Smash 3D,30M+,Public (WSE: BBT),"Gdansk racing",Racing action
2685,TapNation Ice,tap-nation.io,BROAD,Ice Cream Inc,100M+,Private,"Paris ice cream",Ice cream game
2686,TapNation Phone,tap-nation.io,BROAD,Phone Run,50M+,Private,"Paris runner",Phone runner
2687,TapNation Letter,tap-nation.io,BROAD,Letter Jam,50M+,Private,"Paris word",Word puzzle
2688,TapNation Fidget,tap-nation.io,BROAD,Fidget Trading,50M+,Private,"Paris fidget",Fidget trading
2689,Homa Ball,homagames.com,BROAD,Ball Road Jump,50M+,$165M funding,"Paris ball game",Ball road game
2690,Homa Parkour,homagames.com,BROAD,Parkour Race,100M+,$165M funding,"Paris runner",Parkour runner
2691,Homa Slice,homagames.com,BROAD,Sliceit,50M+,$165M funding,"Paris slicing",Slicing puzzle
2692,Homa Sandwich,homagames.com,BROAD,Sandwich Runner,50M+,$165M funding,"Paris food runner",Food runner
2693,CrazyLabs Soap,crazylabs.com,BROAD,Soap Cutting,100M+,Private,"Tel Aviv ASMR",ASMR cutting
2694,CrazyLabs Tie,crazylabs.com,BROAD,Tie Dye,100M+,Private,"Tel Aviv crafts",Tie dye crafting
2695,CrazyLabs Makeup,crazylabs.com,BROAD,Makeup Kit,50M+,Private,"Tel Aviv beauty",Makeup simulation
2696,CrazyLabs Nail,crazylabs.com,BROAD,Nail Salon,50M+,Private,"Tel Aviv nails",Nail art game
2697,CrazyLabs Barber,crazylabs.com,BROAD,Barber Shop,50M+,Private,"Tel Aviv barbering",Barber simulation
2698,Supersonic Roof,supersonic.com,BROAD,Roof Rails,300M+,Unity subsidiary,"Tel Aviv rail runner",Rail running game
2699,Supersonic Count,supersonic.com,BROAD,Count Masters,200M+,Unity subsidiary,"Tel Aviv counting",Crowd counting
2700,Supersonic Stack,supersonic.com,BROAD,Stack Colors,200M+,Unity subsidiary,"Tel Aviv stacking",Color stacking
2701,Supersonic Cube,supersonic.com,BROAD,Cube Surfer,200M+,Unity subsidiary,"Tel Aviv cube",Cube surfing
2702,Supersonic Money,supersonic.com,BROAD,Coin Rush,100M+,Unity subsidiary,"Tel Aviv coin",Coin collection
2703,Lion Save,lionstudios.cc,BROAD,Save the Girl,200M+,AppLovin subsidiary,"SF puzzle rescue",Rescue puzzle
2704,Lion Run,lionstudios.cc,BROAD,Run Sausage Run,100M+,AppLovin subsidiary,"SF endless runner",Sausage runner
2705,Lion Hole,lionstudios.cc,BROAD,Dig This,100M+,AppLovin subsidiary,"SF physics",Digging puzzle
2706,Lion Fill,lionstudios.cc,BROAD,Fill The Fridge,100M+,AppLovin subsidiary,"SF organization",Fridge organization
2707,Lion Rescue,lionstudios.cc,BROAD,Rescue Cut,100M+,AppLovin subsidiary,"SF cutting rescue",Rope cutting
2708,Yso Corp,ysocorp.com,BROAD,Various hypercasual,200M+ total,Private,"Paris hypercasual",French hypercasual
2709,Yso Drawing,ysocorp.com,BROAD,Drawing games,100M+,Private,"Paris drawing",Drawing games
2710,JoyPac,joypac.com,BROAD,Various hypercasual,100M+ total,Private,"Istanbul hypercasual",Turkish publisher
2711,Gismart Beat,gismart.com,BROAD,Beat Maker Go,50M+,Private,"London music",Beat maker app
2712,Gismart Piano2,gismart.com,BROAD,Piano Free,50M+,Private,"London piano",Free piano app
2713,Gismart Dancing,gismart.com,BROAD,Dancing Road,50M+,Private,"London rhythm",Rhythm game
2714,Amanotes Dancing,amanotes.com,BROAD,Dancing Road,100M+,Private,"Vietnam rhythm",Ball dancing game
2715,Amanotes EDM,amanotes.com,BROAD,Rhythm games,500M+ total,Private,"Vietnam music",Music game publisher
2716,Rocket Games,rocket.games,BROAD,Rocket Royale,100M+,Private,"Istanbul battle royale",Building BR
2717,Rocket Soccer,rocket.games,BROAD,Rocket Soccer,50M+,Private,"Istanbul soccer BR",Soccer action
2718,Outfit7 Angela2,outfit7.com,BROAD,My Talking Angela 2,200M+,Jinke acquired,"Slovenia pet sequel",Angela sequel
2719,Outfit7 Tom2,outfit7.com,BROAD,My Talking Tom 2,500M+,Jinke acquired,"Slovenia pet sequel",Tom sequel
2720,Outfit7 Friends,outfit7.com,BROAD,Talking Tom Friends,200M+,Jinke acquired,"Slovenia pet group",Group pet game
2721,Outfit7 Hero,outfit7.com,BROAD,Talking Tom Hero,100M+,Jinke acquired,"Slovenia hero",Tom superhero
2722,Outfit7 Pool,outfit7.com,BROAD,Talking Tom Pool,50M+,Jinke acquired,"Slovenia puzzle",Pool puzzle
2723,Outfit7 Jetski,outfit7.com,BROAD,Talking Tom Jetski,50M+,Jinke acquired,"Slovenia racing",Jetski racing
2724,Kiloo Subway,kiloo.com,BROAD,Subway Surfers,3B+,Private,"Copenhagen runner",Subway Surfers creator
2725,Kiloo Smash,kiloo.com,BROAD,Smash Hit,200M+,Private,"Copenhagen physics",Physics breaker
2726,Kiloo Agent,kiloo.com,BROAD,Agent Dash,50M+,Private,"Copenhagen runner",Spy runner
2727,Mediocre,mediocre.se,BROAD,Smash Hit dev,200M+,Private,"Malmö physics",Smash Hit developer
2728,Mediocre PinOut,mediocre.se,BROAD,PinOut,30M+,Private,"Malmö pinball",Pinball runner hybrid
2729,Mediocre Does,mediocre.se,BROAD,Does not Commute,30M+,Private,"Malmö puzzle",Traffic puzzle
2730,Resolution Games Demeo,resolutiongames.com,BROAD,Demeo,10M+,Private,"Stockholm VR RPG",VR tabletop
2731,Resolution Angry,resolutiongames.com,BROAD,Angry Birds VR,10M+,Private,"Stockholm VR",AB VR version
2732,Survios Sprint,survios.com,BROAD,Sprint Vector,5M+ VR,Private,"LA VR racing",VR sprint racing
2733,Survios Walking,survios.com,BROAD,Walking Dead SS,5M+ VR,Private,"LA VR zombie",Walking Dead VR
2734,Survios Raw,survios.com,BROAD,Raw Data,5M+ VR,Private,"LA VR shooter",VR shooter
2735,nDreams Phantom,ndreams.com,BROAD,Phantom Covert,5M+ VR,Private,"Farnborough VR stealth",VR stealth game
2736,nDreams Fracked,ndreams.com,BROAD,Fracked,5M+ VR,Private,"Farnborough VR action",VR action shooter
2737,Fast Travel Apex,fasttravelgames.com,BROAD,Apex Construct,5M+ VR,Private,"Stockholm VR",VR bow action
2738,Schell Games Expect,schellgames.com,BROAD,I Expect You Die 2,5M+ VR,Private,"Pittsburgh VR",VR escape sequel
2739,Schell Games Until,schellgames.com,BROAD,Until You Fall,5M+ VR,Private,"Pittsburgh VR",VR sword fighting
2740,Twisted Pixel Wilson,twistedpixelgames.com,BROAD,Wilson's Heart,5M+ VR,Private,"Austin VR",VR horror narrative
2741,Vertigo After,vertigo-games.com,BROAD,After the Fall,5M+ VR,Koch subsidiary,"Rotterdam VR zombie",VR zombie coop
2742,Vertigo Arizona,vertigo-games.com,BROAD,Arizona Sunshine,10M+ VR,Koch subsidiary,"Rotterdam VR",VR zombie shooter
2743,Force Field Anne,forcefieldxr.com,BROAD,Anne Frank House VR,5M+ VR,Vertigo subsidiary,"Amsterdam VR",VR educational
2744,Camouflaj Marvel,camouflaj.com,BROAD,Marvel Iron Man VR,5M+ VR,Meta subsidiary,"Bellevue VR Marvel",Marvel VR
2745,Sanzaru Wrath,sanzarugames.com,BROAD,Asgard's Wrath 2,5M+ VR,Meta subsidiary,"Foster City VR",VR RPG sequel
2746,Beat Games Beat2,beatgames.com,BROAD,Beat Saber updates,15M+ VR,Meta subsidiary,"Prague rhythm VR",Beat Saber support
2747,Harmonix RB,harmonixmusic.com,BROAD,Rock Band VR,5M+ VR,Epic acquired,"Boston rhythm",Rock Band VR
2748,Harmonix Fuser,harmonixmusic.com,BROAD,Fuser,5M+,Epic acquired,"Boston DJ",DJ mixing game
2749,Harmonix Dance,harmonixmusic.com,BROAD,Dance Central,30M+,Epic acquired,"Boston dance",Dance Central series
2750,Just Dance,ubisoft.com,BROAD,Just Dance Now,100M+,Ubisoft subsidiary,"Paris dance",Just Dance mobile
2751,Just Dance 2024,ubisoft.com,BROAD,Just Dance 2024,30M+,Ubisoft subsidiary,"Paris dance sequel",Annual dance game
2752,Ubisoft Entertainment,ubisoft.com,BROAD,All Ubi titles,2B+ total,Public (EPA: UBI),"Paris gaming giant",Ubisoft portfolio
2753,Ubisoft Mobile,ubisoft.com,BROAD,Mobile division,500M+ mobile,Public (EPA: UBI),"Paris mobile gaming",Mobile games division
2754,Vivendi Entertainment,vivendi.com,BROAD,Entertainment portfolio,1B+ total,Public (EPA: VIV),"Paris entertainment",Entertainment conglomerate
2755,Canal+ Games,canalplus.com,BROAD,Gaming content,50M+ viewers,Vivendi subsidiary,"Paris streaming",Gaming content
2756,Dailymotion Games,dailymotion.com,BROAD,Gaming videos,100M+ viewers,Vivendi subsidiary,"Paris video",Gaming video platform
2757,Twitch Gaming,twitch.tv,BROAD,Game streaming,200M+ MAU,Amazon subsidiary,"SF streaming",Game streaming
2758,Facebook Gaming,facebook.com,BROAD,Game streaming,100M+ viewers,Meta subsidiary,"Menlo Park streaming",FB gaming platform
2759,YouTube Gaming,youtube.com,BROAD,Game videos,5B+ gaming,Alphabet subsidiary,"San Bruno gaming",Gaming video platform
2760,TikTok Gaming,tiktok.com,BROAD,Game content,1B+ views,ByteDance subsidiary,"Culver City gaming",Short form gaming
2761,Douyin Games,douyin.com,BROAD,China gaming,500M+ views,ByteDance subsidiary,"Beijing gaming",China TikTok gaming
2762,Kuaishou Games,kuaishou.com,BROAD,China short gaming,200M+ views,Public (HKG: 1024),"Beijing short form",China short video games
2763,Bilibili Games,bilibiligame.net,BROAD,Anime gaming,100M+ users,Public (NASDAQ: BILI),"Shanghai anime gaming",Anime game publishing
2764,Bilibili Gaming Div,bilibili.com,BROAD,Gaming content,200M+ viewers,Public (NASDAQ: BILI),"Shanghai gaming video",Gaming video platform
2765,Huya Gaming,huya.com,BROAD,Game streaming,100M+ viewers,Public (NYSE: HUYA),"Guangzhou streaming",Chinese game streaming
2766,DouYu Gaming,douyu.com,BROAD,Game streaming,50M+ viewers,Public (NASDAQ: DOYU),"Wuhan streaming",Chinese game streaming
2767,Nimo TV,nimo.tv,BROAD,SEA streaming,50M+ viewers,Huya subsidiary,"Singapore streaming",SEA game streaming
2768,Trovo Live,trovo.live,BROAD,Game streaming,20M+ viewers,Tencent subsidiary,"Shenzhen streaming",Tencent streaming
2769,Nonolive,nonolive.com,BROAD,Game streaming,30M+ viewers,Private,"Jakarta streaming",Indonesian streaming
2770,BIGO Live Gaming,bigo.tv,BROAD,Game streaming,50M+ viewers,JOYY subsidiary,"Singapore streaming",Gaming streaming
2771,Rooter,rooter.gg,BROAD,India streaming,30M+ users,Private,"Delhi streaming",Indian esports
2772,Loco Gaming,loco.gg,BROAD,India streaming,50M+ users,$42M funding,"Mumbai streaming",Indian game streaming
2773,BOOYAH!,booyah.live,BROAD,SEA streaming,30M+ viewers,Sea Limited subsidiary,"Singapore streaming",Free Fire streaming
2774,AfreecaTV,afreecatv.com,BROAD,Korea streaming,30M+ viewers,Public (KOSDAQ),"Seoul streaming",Korean game streaming
2775,Kakao TV Gaming,kakao.com,BROAD,Korea streaming,20M+ viewers,Public (KRX: 035720),"Seoul streaming",Korean streaming
2776,Naver Gaming,naver.com,BROAD,Korea gaming content,50M+ viewers,Public (KRX: 035420),"Seongnam streaming",Korean gaming content
2777,LINE Games,linegames.com,BROAD,Messenger gaming,100M+ users,LINE/SoftBank subsidiary,"Tokyo messaging games",LINE gaming
2778,KakaoTalk Games,kakaogames.com,BROAD,Messenger gaming,50M+ users,Public (KRX: 293490),"Seoul messaging games",Kakao messenger gaming
2779,WeChat Games,wechat.com,BROAD,Mini program games,500M+ users,Tencent subsidiary,"Shenzhen mini games",WeChat mini games
2780,QQ Games,qq.com,BROAD,QQ gaming,300M+ users,Tencent subsidiary,"Shenzhen QQ games",QQ platform gaming
2781,Alipay Mini Games,alipay.com,BROAD,Mini games,200M+ users,Ant Group subsidiary,"Hangzhou mini games",Alipay gaming
2782,ByteDance Mini,bytedance.com,BROAD,Mini games,300M+ users,Private $220B,"Beijing mini games",Douyin mini games
2783,Snap Games,snap.com,BROAD,Snapchat games,100M+ users,Public (NYSE: SNAP),"Santa Monica social",Snapchat gaming
2784,Instagram Games,instagram.com,BROAD,IG gaming,50M+ users,Meta subsidiary,"Menlo Park social",Instagram gaming
2785,Discord Activities,discord.com,BROAD,Discord games,100M+ users,Private $15B,"SF social gaming",Discord activities
2786,Steam Deck,steampowered.com,BROAD,Handheld gaming,10M+ devices,Valve private,"Bellevue handheld",Steam handheld
2787,ASUS ROG,rog.asus.com,BROAD,Gaming phones,50M+ users,Public (TPE: 2357),"Taipei gaming",Gaming phone maker
2788,Razer Phone,razer.com,BROAD,Gaming phones,20M+ users,Public (HKG: 1337),"Irvine gaming",Gaming peripherals
2789,RedMagic,redmagic.gg,BROAD,Gaming phones,30M+ users,ZTE subsidiary,"Shenzhen gaming",Gaming phones
2790,Black Shark,blackshark.com,BROAD,Gaming phones,20M+ users,Xiaomi subsidiary,"Beijing gaming",Gaming phones
2791,Lenovo Legion,lenovo.com,BROAD,Gaming phones,30M+ users,Public (HKG: 0992),"Beijing gaming",Legion gaming phones
2792,OnePlus Gaming,oneplus.com,BROAD,Gaming optimization,50M+ users,BBK subsidiary,"Shenzhen gaming",Gaming phones
2793,Samsung Gaming,samsung.com,BROAD,Gaming optimization,200M+ users,Public (KRX: 005930),"Seoul mobile gaming",Gaming on Galaxy
2794,Apple Arcade,apple.com,BROAD,Gaming subscription,50M+ subscribers,Public (NASDAQ: AAPL),"Cupertino subscription",Apple gaming service
2795,Google Play Pass,play.google.com,BROAD,Gaming subscription,30M+ subscribers,Alphabet subsidiary,"Mountain View sub",Google gaming service
2796,Xbox Game Pass,xbox.com,BROAD,Gaming subscription,30M+ subscribers,Microsoft subsidiary,"Redmond subscription",Xbox subscription
2797,PlayStation Plus,playstation.com,BROAD,Gaming subscription,50M+ subscribers,Sony subsidiary,"San Mateo subscription",PS subscription
2798,EA Play,ea.com,BROAD,EA subscription,30M+ subscribers,Public (NASDAQ: EA),"Redwood City sub",EA subscription
2799,Ubisoft Plus,ubisoft.com,BROAD,Ubi subscription,10M+ subscribers,Public (EPA: UBI),"Paris subscription",Ubisoft subscription
2800,Humble Bundle,humblebundle.com,BROAD,Game bundles,50M+ users,IGN/Ziff Davis subsidiary,"SF bundles",Game bundle platform
2801,Fanatical,fanatical.com,BROAD,Game bundles,30M+ users,Private,"London bundles",Game key bundles
2802,Green Man Gaming,greenmangaming.com,BROAD,Game keys,30M+ users,Private,"London keys",Game key retailer
2803,G2A,g2a.com,BROAD,Game marketplace,30M+ users,Private,"Hong Kong marketplace",Game key marketplace
2804,Kinguin,kinguin.net,BROAD,Game marketplace,20M+ users,Private,"Hong Kong keys",Game key platform
2805,CDKeys,cdkeys.com,BROAD,Game keys,20M+ users,Private,"UK keys",Discount game keys
2806,Eneba,eneba.com,BROAD,Game marketplace,20M+ users,Private,"Lithuania marketplace",Gaming marketplace
2807,Instant Gaming,instant-gaming.com,BROAD,Game keys,20M+ users,Private,"Luxembourg keys",Game key retailer
2808,GamersGate,gamersgate.com,BROAD,Digital games,10M+ users,Private,"Stockholm digital",Digital game store
2809,GameStop,gamestop.com,BROAD,Game retail,100M+ users,Public (NYSE: GME),"Grapevine TX retail",Game retail chain
2810,Best Buy Gaming,bestbuy.com,BROAD,Game retail,50M+ users,Public (NYSE: BBY),"Richfield MN retail",Electronics gaming
2811,Amazon Games Store,amazon.com,BROAD,Game retail,200M+ users,Public (NASDAQ: AMZN),"Seattle retail",Amazon game sales
2812,Walmart Gaming,walmart.com,BROAD,Game retail,100M+ users,Public (NYSE: WMT),"Bentonville retail",Walmart game sales
2813,Target Gaming,target.com,BROAD,Game retail,50M+ users,Public (NYSE: TGT),"Minneapolis retail",Target game sales
2814,GAME UK,game.co.uk,BROAD,UK game retail,20M+ users,Frasers Group subsidiary,"Basingstoke UK retail",UK game retailer
2815,JB Hi-Fi Games,jbhifi.com.au,BROAD,AU game retail,20M+ users,Public (ASX: JBH),"Melbourne retail",Australian gaming
2816,EB Games,ebgames.com.au,BROAD,AU game retail,20M+ users,GameStop subsidiary,"Melbourne retail",Australian GameStop
2817,Micromania,micromania.fr,BROAD,FR game retail,10M+ users,GameStop subsidiary,"Paris retail",French GameStop
2818,GameMania,gamemania.nl,BROAD,NL game retail,5M+ users,Private,"Utrecht retail",Dutch game retailer
2819,MediaMarkt Gaming,mediamarkt.com,BROAD,EU game retail,50M+ users,Ceconomy subsidiary,"Ingolstadt retail",EU electronics gaming
2820,Saturn Gaming,saturn.de,BROAD,DE game retail,30M+ users,Ceconomy subsidiary,"Ingolstadt retail",German electronics
2821,Fnac Gaming,fnac.com,BROAD,FR game retail,20M+ users,Fnac Darty subsidiary,"Ivry-sur-Seine retail",French game retail
2822,El Corte Gaming,elcorteingles.es,BROAD,ES game retail,10M+ users,Private,"Madrid retail",Spanish department gaming
2823,Bic Camera Games,biccamera.com,BROAD,JP game retail,20M+ users,Public (TYO: 3048),"Tokyo retail",Japanese electronics
2824,Yodobashi Games,yodobashi.com,BROAD,JP game retail,20M+ users,Private,"Tokyo retail",Japanese electronics
2825,Tsutaya Games,tsutaya.co.jp,BROAD,JP game rental,30M+ users,CCC subsidiary,"Tokyo rental/retail",Japanese game rental
2826,GEO Games,geo-online.co.jp,BROAD,JP game retail,20M+ users,Public (TYO: 2681),"Tokyo rental",Japanese game rental
2827,Book Off Games,bookoff.co.jp,BROAD,JP used games,20M+ users,Public (TYO: 9278),"Tokyo used",Japanese used games
2828,Mercari Games,mercari.com,BROAD,JP game marketplace,30M+ users,Public (TYO: 4385),"Tokyo C2C",Japanese C2C gaming
2829,Yahoo Auctions Games,auctions.yahoo.co.jp,BROAD,JP game auctions,20M+ users,LY Corp subsidiary,"Tokyo auctions",Japanese game auctions
2830,Rakuten Games,rakuten.co.jp,BROAD,JP game retail,30M+ users,Public (TYO: 4755),"Tokyo e-commerce",Japanese gaming retail
2831,Coupang Gaming,coupang.com,BROAD,KR game retail,30M+ users,Public (NYSE: CPNG),"Seoul e-commerce",Korean game retail
2832,11Street Games,11st.co.kr,BROAD,KR game retail,20M+ users,SK Telecom subsidiary,"Seoul e-commerce",Korean retail gaming
2833,Gmarket Gaming,gmarket.co.kr,BROAD,KR game retail,20M+ users,eBay Korea/Shinsegae,"Seoul e-commerce",Korean game retail
2834,Taobao Gaming,taobao.com,BROAD,CN game retail,200M+ users,Alibaba subsidiary,"Hangzhou e-commerce",Chinese game retail
2835,JD Gaming,jd.com,BROAD,CN game retail,100M+ users,Public (NASDAQ: JD),"Beijing e-commerce",Chinese game retail
2836,Pinduoduo Gaming,pinduoduo.com,BROAD,CN game retail,50M+ users,Public (NASDAQ: PDD),"Shanghai e-commerce",Chinese game retail
2837,Shopee Gaming,shopee.com,BROAD,SEA game retail,100M+ users,Sea Limited subsidiary,"Singapore e-commerce",SEA game retail
2838,Lazada Gaming,lazada.com,BROAD,SEA game retail,50M+ users,Alibaba subsidiary,"Singapore e-commerce",SEA game retail
2839,Tokopedia Gaming,tokopedia.com,BROAD,ID game retail,50M+ users,GoTo Group subsidiary,"Jakarta e-commerce",Indonesian gaming
2840,Bukalapak Gaming,bukalapak.com,BROAD,ID game retail,30M+ users,Public (IDX: BUKA),"Jakarta e-commerce",Indonesian retail
2841,Flipkart Gaming,flipkart.com,BROAD,IN game retail,100M+ users,Walmart subsidiary,"Bangalore e-commerce",Indian game retail
2842,Amazon India Gaming,amazon.in,BROAD,IN game retail,50M+ users,Amazon subsidiary,"Bangalore e-commerce",Indian Amazon gaming
2843,Codashop,codashop.com,BROAD,Game top-up,100M+ users,Coda Payments subsidiary,"Singapore top-up",Game voucher platform
2844,UniPin,unipin.com,BROAD,SEA top-up,50M+ users,Private,"Jakarta vouchers",Game top-up SEA
2845,Razer Gold,gold.razer.com,BROAD,Game credits,50M+ users,Razer subsidiary,"Singapore credits",Game virtual currency
2846,MOL,mol.com,BROAD,SEA payments,50M+ users,MOL Global subsidiary,"Kuala Lumpur payments",Game payment platform
2847,Garena Shells,garena.com,BROAD,Game credits,100M+ users,Sea Limited subsidiary,"Singapore currency",Garena virtual currency
2848,Steam Wallet,steampowered.com,BROAD,Game wallet,200M+ users,Valve private,"Bellevue digital wallet",Steam payment
2849,Xbox Gift Cards,xbox.com,BROAD,Gift cards,100M+ users,Microsoft subsidiary,"Redmond gift cards",Xbox digital currency
2850,PlayStation Cards,playstation.com,BROAD,Gift cards,100M+ users,Sony subsidiary,"San Mateo gift cards",PS Store cards
2851,Nintendo eShop,nintendo.com,BROAD,Digital store,50M+ users,Public (TYO: 7974),"Kyoto digital store",Nintendo digital
2852,Epic Games Store,epicgames.com,BROAD,PC game store,200M+ users,Private $32B,"Cary NC store",Epic digital store
2853,GOG,gog.com,BROAD,DRM-free store,30M+ users,CD Projekt subsidiary,"Warsaw digital",DRM-free game store
2854,itch.io,itch.io,BROAD,Indie store,30M+ users,Private,"LA indie store",Indie game platform
2855,Game Jolt,gamejolt.com,BROAD,Indie platform,20M+ users,Private,"Philadelphia indie",Indie game community
2856,Kartridge,kartridge.com,BROAD,Kongregate store,10M+ users,MTG subsidiary,"SF browser games",Browser game platform
2857,Newgrounds Games,newgrounds.com,BROAD,Flash/HTML5 games,50M+ users,Private,"Philadelphia browser",Browser game pioneer
2858,Armor Games,armorgames.com,BROAD,Browser games,50M+ users,Private,"Irvine browser",Browser game portal
2859,Kongregate,kongregate.com,BROAD,Browser/mobile games,50M+ users,MTG subsidiary,"SF browser games",Browser to mobile
2860,CoolMath Games,coolmathgames.com,BROAD,Educational games,50M+ users,Private,"Educational games",Math game portal
2861,Poki,poki.com,BROAD,Browser games,50M+ users,Private,"Amsterdam browser",Browser game platform
2862,Crazy Games,crazygames.com,BROAD,Browser games,30M+ users,Private,"Belgium browser",Browser game portal
2863,Y8,y8.com,BROAD,Browser games,50M+ users,Private,"Hong Kong browser",Browser game portal
2864,Miniplay,miniplay.com,BROAD,Browser games,20M+ users,Private,"Barcelona browser",Spanish browser games
2865,Friv,friv.com,BROAD,Browser games,100M+ users,Private,"Browser games",Simple browser games
2866,Kizi,kizi.com,BROAD,Browser games,50M+ users,Private,"Amsterdam browser",Browser game portal
2867,Agame,agame.com,BROAD,Browser games,50M+ users,Spil Games subsidiary,"Netherlands browser",Browser games
2868,Spil Games,spilgames.com,BROAD,Browser/mobile,200M+ total,Private,"Hilversum Netherlands",Browser to mobile
2869,NimbleBit,nimblebit.com,BROAD,Tiny Tower,100M+,Private,"San Diego idle builder",Tiny Tower creator
2870,NimbleBit Pocket,nimblebit.com,BROAD,Pocket Planes,30M+,Private,"San Diego management",Pocket planes
2871,NimbleBit Pocket2,nimblebit.com,BROAD,Pocket Trains,20M+,Private,"San Diego trains",Pocket trains
2872,NimbleBit BitCity,nimblebit.com,BROAD,Bit City,20M+,Private,"San Diego city builder",Bit City
2873,Storm8 Games,storm8.com,BROAD,Restaurant Story,1B+ total,Stillfront acquired,"Redwood City casual",1B downloads portfolio
2874,Storm8 Restaurant,storm8.com,BROAD,Cooking Dash,100M+,Stillfront acquired,"Redwood City cooking",Cooking games
2875,Storm8 Bakery,storm8.com,BROAD,Bakery Story,50M+,Stillfront acquired,"Redwood City bakery",Bakery simulation
2876,Storm8 Fashion,storm8.com,BROAD,Fashion Story,50M+,Stillfront acquired,"Redwood City fashion",Fashion simulation
2877,Hipster Whale,hipsterwhale.com,BROAD,Crossy Road,200M+,Private,"Melbourne Australia endless",Crossy Road creator
2878,Hipster Whale Disney,hipsterwhale.com,BROAD,Disney Crossy Road,100M+,Private,"Melbourne licensed",Disney Crossy Road
2879,Hipster Whale Shooty,hipsterwhale.com,BROAD,Shooty Skies,30M+,Private,"Melbourne shooter",Endless shooter
2880,Hipster Whale PAC,hipsterwhale.com,BROAD,PAC-MAN 256,50M+,Private,"Melbourne arcade",PAC-MAN endless
2881,Pocket Gems Episode,pocketgems.com,BROAD,Episode,150M+,Tencent invested,"SF interactive fiction",Episode stories
2882,Pocket Gems War,pocketgems.com,BROAD,War Dragons,50M+,Tencent invested,"SF strategy",War Dragons
2883,Whaleapp Blitz,whaleapp.com,ADJACENT,Blitz Rise Heroes,40M+,Private,"Israel match-3 RPG",Match-3 RPG
2884,Whaleapp Word,whaleapp.com,ADJACENT,Word Jam,20M+,Private,"Israel word puzzle",Word puzzle
2885,SuperPlay,superplay.co,BROAD,Dice Dreams,100M+,$300M+ revenue,Private,"Tel Aviv dice builder",Dice Dreams creator
2886,FreePlay Games,freeplaystudio.com,BROAD,Various hypercasual,400M+ total,Private,"Hypercasual publisher",Hypercasual hits
2887,Pronetis Games,pronetis.com,BROAD,Going Balls,200M+,Private,"Turkey hypercasual",Going Balls creator
2888,Garawell Games,garawellgames.com,BROAD,Bridge Race,300M+,Private,"Turkey hypercasual",Bridge Race creator
2889,Black Candy,blackcandy.games,BROAD,Escalators,100M+,Private,"Hypercasual developer",Escalators game
2890,Mamboo Games,mamboo.io,BROAD,Various hypercasual,100M+ total,MY.GAMES acquired,"Minsk hypercasual",Hypercasual publisher
2891,Dumpling Design,dumplingdesign.com,BROAD,Dashy Crashy,10M+,Private,"UK indie",Dashy Crashy
2892,Casual Hit Studio,casualhit.com,BROAD,Rope Man Run,50M+,Private,"Hypercasual developer",Rope Man Run
2893,Supercent,supercent.com,BROAD,Various games,500M+ total,Private,"Seoul top 10 publisher",Korean publisher top 10
2894,Studio Kingdom,studiokingdom.co.kr,ADJACENT,Cookie Kingdom dev,50M+,Devsisters subsidiary,"Seoul Cookie Run",Cookie Run Kingdom dev
2895,Buff Studio,buffstudio.com,ADJACENT,Card games,20M+,Private,"Seoul RPG",Korean card RPG
2896,Oven Games,ovengames.com,ADJACENT,Cookie Adventure,20M+,Devsisters subsidiary,"Seoul Cookie Run",Cookie Run Adventure
2897,Ekkorr,ekkorr.com,BROAD,Endless Frontier,60M+ revenue,Private,"Seoul idle RPG",Endless Frontier
2898,CookApps,cookapps.com,ADJACENT,Puzzle games,100M+ total,Private,"Seoul puzzle",Korean puzzle developer
2899,Mobirix,mobirix.com,BROAD,Various mobile,500M+ total,Private,"Seoul mobile games",Korean mobile portfolio
2900,Lionheart Studio,lionheartstudio.com,BROAD,Odin Valhalla Rising,30M+,Private IPO prep,"Seoul Norse MMO",Odin developer
2901,Skywalk Games,skywalkgames.com,BROAD,Various titles,20M+ total,Private,"Seoul mobile",Korean mobile developer
2902,SavySoda,savysoda.com,BROAD,Pixel Starships,10M+,Private,"Australia strategy",Pixel Starships
2903,Lightneer,lightneer.com,BROAD,Bazooka Boy,100M+,Private,"Finland hypercasual",Bazooka Boy creator
2904,Critical Force,criticalforce.fi,BROAD,Critical Ops,50M+ downloads no UA,Private,"Kajaani FPS",Finnish FPS mobile
2905,Greenheart Games,greenheartgames.com,BROAD,Game Dev Tycoon,10M+,Private,"Australia tycoon",Game Dev Tycoon
2906,Holy Cow Studio,holycowstudio.com,BROAD,Video Game Tycoon,20M+,Private,"Tycoon games",Video Game Tycoon
2907,Auxbrain,auxbrain.com,BROAD,Egg Inc,50M+,Private,"US idle clicker",Egg Inc creator
2908,Lucky Skeleton,luckyskeletonstudios.com,BROAD,Idle Bank Tycoon,20M+,Private,"Idle tycoon",Bank Tycoon
2909,Fluffy Fairy,fluffyfairygames.com,BROAD,Idle Miner original,100M+,Kolibri/Ubisoft parent,"Berlin idle pioneer",Idle Miner creator
2910,Grampus,grampus.co,BROAD,Various puzzle,50M+ total,Private,"Seoul puzzle publisher",Korean puzzle
2911,Flero Games,flerogames.com,BROAD,Various titles,30M+ total,Private,"Seoul mobile",Korean mobile developer
2912,Com2Us Holdings,com2us.com,BROAD,Summoners War franchise,300M+,Public (KOSDAQ),"Seoul gacha RPG",Summoners War portfolio
2913,GamePub,gamepub.co.kr,BROAD,Action RPG titles,20M+ total,Private,"Seoul action RPG",Korean action RPG
2914,Webzen Korea,webzen.com,BROAD,MU franchise mobile,100M+,Public (KRX: 069080),"Seoul MMORPG",MU mobile series
2915,Pearl Abyss Global,pearlabyss.com,BROAD,Black Desert franchise,100M+,Public (KRX: 263750),"Seoul open world",Black Desert portfolio
2916,NCSOFT Mobile,ncsoft.com,BROAD,Lineage franchise,200M+,Public (KRX: 036570),"Seoul MMORPG legacy",Lineage mobile
2917,Krafton Mobile,krafton.com,BROAD,PUBG franchise,1B+,Public (KRX: 259960),"Seoul battle royale",PUBG franchise
2918,Smilegate RPG,smilegate.com,BROAD,Lost Ark franchise,100M+,Private,"Seoul ARPG",Lost Ark developer
2919,Smilegate Megaport,smilegate.com,BROAD,CrossFire franchise,200M+,Private,"Seoul FPS",CrossFire franchise
2920,Kakao Games Corp,kakaogames.com,BROAD,Publishing portfolio,300M+ total,Public (KRX: 293490),"Seoul publisher",Korean game publisher
2921,Nexon Korea,nexon.com,BROAD,MapleStory franchise,200M+,Nexon subsidiary,"Seoul MMORPG",MapleStory mobile
2922,Netmarble Monster,netmarble.com,BROAD,Ni no Kuni franchise,50M+,Netmarble subsidiary,"Seoul Ghibli RPG",Ni no Kuni developer
2923,Netmarble Neo,netmarble.com,BROAD,Lineage 2 Revolution,100M+,Netmarble subsidiary,"Seoul MMORPG",L2R developer
2924,4:33 Creative,433.co.kr,BROAD,Blade series,50M+,Private,"Seoul action RPG",Blade developer
2925,NHN Entertainment,nhn.com,BROAD,Various mobile,100M+ total,Public (KRX: 181710),"Seongnam platform",Korean platform games
2926,Wemade,wemade.com,BROAD,MIR franchise,100M+,Public (KOSDAQ),"Seoul MMORPG",MIR4 developer
2927,Longtu Korea,longtu.co.kr,BROAD,Dragon Raja,50M+,Tencent subsidiary,"Seoul open world RPG",Dragon Raja Korea
2928,Gameplex,gameplex.co.kr,BROAD,Various mobile,30M+ total,Private,"Seoul developer",Korean mobile dev
2929,Clegames,clegames.com,BROAD,Various titles,20M+ total,Private,"Seoul mobile",Korean developer
2930,XD Network,xd.com,BROAD,TapTap platform,200M+,Public (HKG: 2400),"Shanghai platform",China game platform
2931,XD Torchlight,xd.com,ADJACENT,Torchlight Infinite,50M+,Public (HKG: 2400),"Shanghai ARPG",Torchlight publisher
2932,Hypergryph Global,hypergryph.com,ADJACENT,Arknights Global,50M+,Private,"Shanghai TD gacha",Arknights global
2933,Manjuu,manjuu.com,ADJACENT,Azur Lane dev,30M+,Yostar partner,"Shanghai naval gacha",Azur Lane developer
2934,Xiamen Yongshi,yongshi.com,ADJACENT,Azur Lane dev,30M+,Yostar partner,"Xiamen naval gacha",Azur Lane co-dev
2935,Sunborn Network,sunborn.com,ADJACENT,Girls Frontline dev,50M+,Private,"Shanghai tactical",GFL developer
2936,MICA Team,micateam.com,ADJACENT,Girls Frontline,50M+,Sunborn subsidiary,"Shanghai tactical dolls",GFL original team
2937,Kuro Game,kurogame.com,ADJACENT,Punishing Gray Raven,30M+,Private,"Guangzhou action gacha",PGR developer
2938,Kuro Wuthering,kurogame.com,ADJACENT,Wuthering Waves,50M+,Private,"Guangzhou open world",Wuthering Waves
2939,Lilith SEA,lilithgames.com,BROAD,AFK Arena SEA,100M+,Private,"Shanghai idle RPG",AFK Arena publisher
2940,Lilith Rise,lilithgames.com,WHITEOUT SIMILAR,Rise of Kingdoms,200M+,$3.5B+ revenue,Private,"Shanghai 4X strategy",Rise of Kingdoms
2941,FunPlus Global,funplus.com,WHITEOUT SIMILAR,State of Survival,200M+,$86M funding,Private,"Beijing zombie strategy",State of Survival
2942,FunPlus King,funplus.com,WHITEOUT SIMILAR,King of Avalon,100M+,$86M funding,Private,"Beijing dragon strategy",King of Avalon
2943,FunPlus Guns,funplus.com,WHITEOUT SIMILAR,Guns of Glory,50M+,$86M funding,Private,"Beijing war strategy",Guns of Glory
2944,IGG Lords,igg.com,WHITEOUT SIMILAR,Lords Mobile,500M+,Public (HKG: 0799),"Singapore strategy",Lords Mobile
2945,IGG Castle,igg.com,BROAD,Castle Clash,200M+,Public (HKG: 0799),"Singapore strategy",Castle Clash
2946,IGG Doomsday,igg.com,WHITEOUT SIMILAR,Doomsday,50M+,Public (HKG: 0799),"Singapore zombie",Doomsday strategy
2947,IGG Viking,igg.com,BROAD,Viking Rise,30M+,Public (HKG: 0799),"Singapore Norse",Viking Rise
2948,TopWar Studio,topwar.io,WHITEOUT SIMILAR,Top War,100M+,VC-backed,"Beijing merge strategy",Top War
2949,Yotta Games,yottagames.com,WHITEOUT SIMILAR,Mafia City,200M+,Private,"Shanghai mafia",Mafia City
2950,ELEX Technology,elex.com,WHITEOUT SIMILAR,Warpath,50M+,Private,"Beijing WWII strategy",Warpath
2951,ELEX Sultans,elextech.com,BROAD,Game of Sultans,100M+,Private,"Beijing historical",Game of Sultans
2952,Nova Games,novagames.com,WHITEOUT SIMILAR,Age of Z Origins,50M+,Private,"Hong Kong zombie",Age of Z
2953,Long Tech,longtechgames.com,WHITEOUT SIMILAR,Last Shelter,100M+,Private,"Hong Kong post-apoc",Last Shelter
2954,IM30 Network,im30.net,WHITEOUT SIMILAR,Last Fortress,100M+,Private,"Hong Kong underground",Last Fortress
2955,37Games Global,37.com,ADJACENT,Puzzles Survival,100M+,Public (SZX: 002555),"Guangzhou match-3",Puzzles Survival
2956,Camel Games,camelgames.com,WHITEOUT SIMILAR,Age of Origins,100M+,Private,"Hong Kong tower defense",Age of Origins
2957,Century Games,centurygames.com,WHITEOUT SIMILAR,Whiteout Survival,100M+,$1B+ revenue,VC-backed,"Singapore survival",Whiteout Survival
2958,Century Frozen,centurygames.com,WHITEOUT SIMILAR,Frozen City,50M+,VC-backed,"Singapore ice survival",Frozen City
2959,NYT Games,nytimes.com,ADJACENT,Wordle,100M+,NY Times subsidiary,"NYC word puzzle",Wordle owner
2960,NYT Crossword,nytimes.com,ADJACENT,NYT Crossword,50M+,NY Times subsidiary,"NYC crossword",NYT Crossword app
2961,Wordfeud,wordfeud.com,ADJACENT,Wordfeud,50M+,Private,"Norway word game",Multiplayer word game
2962,Fanatee,fanatee.com,ADJACENT,CodyCross,100M+,Private,"Brazil crossword",CodyCross developer
2963,CarX Technologies,carx-online.com,BROAD,CarX Drift Racing,200M+ series,Private,"Russia drift racing",CarX Drift series
2964,CarX Street,carx-online.com,BROAD,CarX Street,100M+,Private,"Russia open world racing",CarX Street
2965,Infinity Vector,infinityvector.com,BROAD,Assoluto Racing,20M+,Private,"Japan racing sim",Assoluto Racing
2966,Grease Monkey,greasemonkeygames.com,BROAD,Torque Drift,20M+,Private,"Australia drift",Torque Drift
2967,Candivore,candivore.com,ADJACENT,Match Masters,50M+,$12M funding,"Israel PvP puzzle",Match Masters
2968,Redemption Games,redemptiongames.com,ADJACENT,Match 3 games,30M+ total,Private,"Oakland match-3",Match-3 studio
2969,ZeptoLab,zeptolab.com,ADJACENT,Cut the Rope,1B+,Private,"Moscow physics puzzle",Cut the Rope creator
2970,ZeptoLab King,zeptolab.com,BROAD,King of Thieves,100M+,Private,"Moscow multiplayer",King of Thieves
2971,ZeptoLab CATS,zeptolab.com,BROAD,CATS Crash Arena,100M+,Private,"Moscow battle bots",CATS game
2972,Big Fish Gummy,bigfishgames.com,ADJACENT,Gummy Drop,50M+,Aristocrat subsidiary,"Seattle match-3",Gummy Drop
2973,Athena Studio,athena.studio,ADJACENT,Puzzle games,20M+ total,Private,"Match-3 studio",Puzzle game dev
2974,MagicAnt,magicant.com,ADJACENT,Puzzle games,30M+ total,Private,"Israel match-3",Puzzle developer
2975,Rogue Snail,roguesnail.com,BROAD,Relic Hunters,10M+,Private,"Brazil roguelike",Relic Hunters
2976,Devolver Rogue,devolverdigital.com,BROAD,Rogue Legacy,10M+,Public (LSE: DEVO),"Austin roguelike",Rogue Legacy publisher
2977,Cellar Door,cellardoorgames.com,BROAD,Rogue Legacy,10M+,Private,"Toronto roguelike",Rogue Legacy dev
2978,Dodge Roll,dodgeroll.com,BROAD,Enter Gungeon,30M+,Private,"Austin roguelike",Gungeon developer
2979,Vlambeer,vlambeer.com,BROAD,Nuclear Throne,10M+,Private,"Netherlands shooter",Nuclear Throne
2980,Yacht Club,yachtclubgames.com,BROAD,Shovel Knight,10M+,Private,"Marina del Rey platformer",Shovel Knight
2981,Team Cherry,teamcherry.com.au,BROAD,Hollow Knight,30M+,Private,"Adelaide metroidvania",Hollow Knight
2982,Motion Twin,motion-twin.com,BROAD,Dead Cells,30M+,Private,"Bordeaux roguelike",Dead Cells
2983,Evil Empire,evil-empire.studio,BROAD,Dead Cells DLC,30M+,Private,"Bordeaux roguelike support",Dead Cells updates
2984,11 bit Frostpunk,11bitstudios.com,WHITEOUT SIMILAR,Frostpunk Mobile,20M+,Public (WSE: 11B),"Warsaw survival",Frostpunk Mobile
2985,11 bit This War,11bitstudios.com,BROAD,This War of Mine,20M+,Public (WSE: 11B),"Warsaw survival drama",This War of Mine
2986,Oskar Stålberg,oskarstalberg.com,BROAD,Townscaper,10M+,Private,"Sweden city builder",Townscaper
2987,Pockethgames,pocketgamer.com,BROAD,Gaming news,N/A,Steel Media,"Brighton media",Gaming news platform
2988,TouchArcade,toucharcade.com,BROAD,Gaming news,N/A,Private,"Gaming media",Mobile game reviews
2989,AppSpy,appspy.com,BROAD,Game reviews,N/A,Steel Media,"Brighton reviews",App reviews
2990,148Apps,148apps.com,BROAD,App reviews,N/A,Private,"App reviews",iOS app reviews
2991,SlideToPlay,slidetoplay.com,BROAD,Mobile reviews,N/A,Private,"Mobile reviews",Mobile game media
2992,Droid Gamers,droidgamers.com,BROAD,Android reviews,N/A,Private,"Android reviews",Android game media
2993,Android Police,androidpolice.com,BROAD,Android news,N/A,Valnet,"Android media",Tech news gaming
2994,9to5Google,9to5google.com,BROAD,Google news,N/A,9to5Mac,"Google platform news",Google/Android news
2995,The Verge,theverge.com,BROAD,Tech news gaming,N/A,Vox Media,"NYC tech media",Gaming coverage
2996,Polygon,polygon.com,BROAD,Game journalism,N/A,Vox Media,"NYC gaming media",Gaming journalism
2997,Kotaku,kotaku.com,BROAD,Game journalism,N/A,G/O Media,"NYC gaming",Gaming news
2998,IGN,ign.com,BROAD,Gaming media,N/A,Ziff Davis,"SF gaming media",Gaming media giant
2999,GameSpot,gamespot.com,BROAD,Gaming media,N/A,Fandom,"SF gaming",Gaming reviews
3000,PC Gamer,pcgamer.com,BROAD,PC gaming,N/A,Future plc,"UK PC gaming",PC game media
3001,GamesRadar,gamesradar.com,BROAD,Gaming media,N/A,Future plc,"UK gaming",Multi-platform reviews
3002,Eurogamer,eurogamer.net,BROAD,EU gaming,N/A,ReedPop subsidiary,"UK gaming",European gaming media
3003,VG247,vg247.com,BROAD,Gaming news,N/A,ReedPop subsidiary,"UK gaming news",Gaming news
3004,RockPaperShotgun,rockpapershotgun.com,BROAD,PC gaming,N/A,ReedPop subsidiary,"UK PC gaming",PC gaming reviews
3005,Destructoid,destructoid.com,BROAD,Gaming news,N/A,Enthusiast Gaming,"NYC gaming",Gaming news reviews
3006,Escapist Magazine,escapistmagazine.com,BROAD,Gaming content,N/A,Enthusiast Gaming,"Gaming content",Gaming media
3007,Gamereactor,gamereactor.eu,BROAD,EU gaming,N/A,Private,"Nordic gaming",European gaming
3008,GamingBolt,gamingbolt.com,BROAD,Gaming news,N/A,Private,"India gaming news",Gaming news
3009,DualShockers,dualshockers.com,BROAD,PlayStation focus,N/A,Valnet,"PlayStation news",PlayStation gaming
3010,PushSquare,pushsquare.com,BROAD,PlayStation,N/A,Nlife Media,"UK PlayStation",PlayStation news
3011,NintendoLife,nintendolife.com,BROAD,Nintendo,N/A,Nlife Media,"UK Nintendo",Nintendo news
3012,Pure Xbox,purexbox.com,BROAD,Xbox,N/A,Nlife Media,"UK Xbox",Xbox news
3013,Siliconera,siliconera.com,BROAD,Japanese games,N/A,Enthusiast Gaming,"Japanese gaming",JRPG/Japanese games
3014,Gematsu,gematsu.com,BROAD,Japanese games,N/A,Private,"Japanese gaming news",Japanese game news
3015,RPGSite,rpgsite.net,BROAD,RPG focus,N/A,Enthusiast Gaming,"RPG news",RPG gaming news
3016,MMOBomb,mmobomb.com,BROAD,MMO/F2P,N/A,Private,"MMO news",F2P game news
3017,MMORPG.com,mmorpg.com,BROAD,MMO news,N/A,Gamigo,"Los Angeles MMO",MMORPG news
3018,Massively OP,massivelyop.com,BROAD,MMO news,N/A,Private,"MMO journalism",MMO news reviews
3019,MMO Culture,mmoculture.com,BROAD,Asian MMO,N/A,Private,"Asian MMO news",Asian MMO coverage
3020,2P.com,2p.com,BROAD,Asian games,N/A,Private,"Asian gaming",Asian gaming portal
3021,Gacha Gamer,gachagamer.com,ADJACENT,Gacha news,N/A,Private,"Gacha gaming",Gacha game news
3022,QooApp,qoo-app.com,ADJACENT,Asian games store,50M+ users,Private,"Hong Kong app store",Asian game store
3023,TapTap,taptap.io,BROAD,Game store,200M+ users,XD Inc subsidiary,"Shanghai store",Chinese game store
3024,Sensor Tower,sensortower.com,BROAD,App intelligence,N/A,Private,"SF app analytics",Mobile analytics
3025,data.ai,data.ai,BROAD,App intelligence,N/A,Private,"SF app data",App analytics
3026,Appfigures,appfigures.com,BROAD,App analytics,N/A,Private,"App intelligence",App store analytics
3027,AppAnnie,appannie.com,BROAD,Mobile data,N/A,data.ai merged,"SF data",Mobile data platform
3028,Mobile Action,mobileaction.co,BROAD,ASO platform,N/A,Private,"Turkey ASO",App store optimization
3029,AppFollow,appfollow.io,BROAD,ASO platform,N/A,Private,"Helsinki ASO",App review management
3030,AppTweak,apptweak.com,BROAD,ASO platform,N/A,Private,"Brussels ASO",ASO platform
3031,The Tool,thetool.io,BROAD,ASO tool,N/A,Private,"Barcelona ASO",ASO analytics
3032,ASOdesk,asodesk.com,BROAD,ASO platform,N/A,Private,"ASO tools",ASO optimization
3033,AppRadar,appradar.com,BROAD,ASO platform,N/A,Private,"Austria ASO",ASO tools
3034,StoreMaven,storemaven.com,BROAD,ASO testing,N/A,Private,"Tel Aviv ASO",A/B testing apps
3035,SplitMetrics,splitmetrics.com,BROAD,ASO platform,N/A,Private,"Minsk ASO",App store A/B testing
3036,Phiture,phiture.com,BROAD,ASO agency,N/A,Private,"Berlin ASO agency",Mobile growth agency
3037,Gummicube,gummicube.com,BROAD,ASO company,N/A,Private,"San Jose ASO",ASO services
3038,GameAnalytics,gameanalytics.com,BROAD,Game analytics,N/A,Private,"Copenhagen analytics",Game analytics
3039,Adjust,adjust.com,BROAD,Mobile analytics,N/A,AppLovin acquired,"Berlin attribution",Mobile attribution
3040,AppsFlyer,appsflyer.com,BROAD,Mobile attribution,N/A,Private unicorn,"SF attribution",Mobile attribution
3041,Branch,branch.io,BROAD,Deep linking,N/A,Private unicorn,"Palo Alto linking",Deep linking mobile
3042,Kochava,kochava.com,BROAD,Attribution,N/A,Private,"Idaho attribution",Mobile attribution
3043,Singular,singular.net,BROAD,Marketing analytics,N/A,Private,"SF marketing",Marketing analytics
3044,Tenjin,tenjin.io,BROAD,Growth platform,N/A,Private,"SF mobile growth",Mobile growth
3045,Liftoff,liftoff.io,BROAD,Mobile DSP,N/A,Private,"Palo Alto UA",User acquisition
3046,Unity Ads,unity.com,BROAD,Ad network,N/A,Public (NYSE: U),"SF ad platform",Mobile ad network
3047,ironSource Ads,ironsrc.com,BROAD,Ad network,N/A,Unity merged,"Tel Aviv ads",Mobile ad platform
3048,Vungle,vungle.com,BROAD,Video ads,N/A,Liftoff acquired,"SF video ads",Video ad network
3049,AdColony,adcolony.com,BROAD,Mobile ads,N/A,Digital Turbine acquired,"LA mobile ads",Mobile video ads
3050,Chartboost,chartboost.com,BROAD,Gaming ads,N/A,Zynga/Take-Two,"SF gaming ads",Gaming ad network
3051,Mintegral,mintegral.com,BROAD,Mobile ads,N/A,Mobvista subsidiary,"China mobile ads",Mobile ad network
3052,Gametion,gametion.com,BROAD,Ludo King,1B+,Private,"Mumbai board game",Ludo King creator
3053,Games24x7,games24x7.com,BROAD,RummyCircle,100M+,$2.5B valuation,"Mumbai real money",Indian gaming unicorn
3054,MPL Gaming,mpl.live,BROAD,MPL,100M+,$950M funding unicorn,"Bangalore esports",Indian esports platform
3055,Zupee,zupee.com,BROAD,Zupee Ludo,50M+,$100M+ funding,"Delhi skill gaming",Real money Ludo
3056,Backlight Studio,backlightstudioworks.com,BROAD,Ludo SuperStar,20M+,VC-backed,"India Ludo",Ludo SuperStar
3057,Dream11,dream11.com,BROAD,Dream11,200M+,$8B valuation unicorn,"Mumbai fantasy",Fantasy sports giant
3058,JetSynthesys,jetsynthesys.com,BROAD,Real Cricket,100M+,Private,"Pune cricket games",Cricket gaming
3059,Nazara Technologies,nazara.com,BROAD,Various mobile,500M+ total,Public (NSE: NAZARA),"Mumbai gaming",Indian gaming conglomerate
3060,nCore Games,ncoregames.com,BROAD,FAU-G,30M+,Private,"Bangalore shooter",FAU-G developer
3061,99Games,99games.in,BROAD,Star Chef,50M+,Private,"Udupi cooking games",Star Chef developer
3062,Zynga Octro,octro.com,BROAD,Teen Patti,100M+,Zynga acquired,"Gurgaon card games",Indian card games
3063,Moonfrog Labs,moonfrog.com,BROAD,Ludo Club,50M+,Stillfront acquired,"Bangalore board games",Board games
3064,Reliance Games,reliancegames.com,BROAD,Various titles,200M+ total,Reliance subsidiary,"Mumbai AAA mobile",Reliance mobile games
3065,SuperGaming,supergaming.co,BROAD,Various titles,30M+ total,Private,"Pune mobile developer",Indian game developer
3066,Dhruva Interactive,dhruva.com,BROAD,Various titles,100M+ supported,Rockstar acquired,"Bangalore support",Support studio India
3067,Lakshya Digital,lakshyadigital.com,BROAD,Various titles,50M+ supported,Keywords acquired,"Gurgaon support",Art and support studio
3068,Rolocule Games,rolocule.com,BROAD,Motion Tennis,10M+,Private,"Pune motion games",Motion sports games
3069,Pune Studio,punestudio.com,BROAD,Various titles,10M+ total,Private,"Pune developer",Indian game developer
3070,Flixy Games,flixygames.com,BROAD,Various casual,20M+ total,Private,"Hyderabad casual",Indian casual games
3071,PikPok Games,pikpok.com,BROAD,Into the Dead,200M+,Private,"Wellington NZ action",Into the Dead
3072,PikPok Rival,pikpok.com,BROAD,Rival Stars,50M+,Private,"Wellington NZ racing",Horse racing
3073,PikPok Shatter,pikpok.com,BROAD,Shatter Remastered,10M+,Private,"Wellington NZ arcade",Brick breaker
3074,Hipster Whale PAC2,hipsterwhale.com,BROAD,PAC-MAN Party,30M+,Private,"Melbourne Bandai partner",PAC-MAN games
3075,Prettygreat,prettygreat.com,BROAD,Land Sliders,10M+,Private,"Melbourne arcade",Arcade games
3076,Defiant Development,defiantdev.com,BROAD,Hand of Fate,10M+,Private,"Brisbane roguelike",Hand of Fate
3077,Sidhe Interactive,sidhe.co.nz,BROAD,GripShift,10M+,Private,"Wellington racing",Racing games NZ
3078,Grinding Gear NZ,pathofexile.com,BROAD,Path of Exile Mobile,Pre-launch,Tencent acquired,"Auckland ARPG",PoE mobile
3079,Team17 Worms,team17.com,BROAD,Worms series,100M+,Public (LSE: TM17),"Wakefield UK",Worms franchise
3080,Team17 Overcooked,team17.com,BROAD,Overcooked,20M+,Public (LSE: TM17),"Wakefield UK",Overcooked publisher
3081,Ghost Town Games,ghosttowngames.com,BROAD,Overcooked,20M+,Team17 acquired,"Cambridge UK",Overcooked dev
3082,Sold Out Sales,soldoutscotland.com,BROAD,Various titles,30M+ total,Rebellion acquired,"Scotland publisher",UK publisher
3083,Rebellion Sniper,rebellion.com,BROAD,Sniper Elite VR,10M+,Private,"Oxford VR shooter",Sniper VR
3084,Rebellion Zombie,rebellion.com,BROAD,Zombie Army,30M+,Private,"Oxford zombie",Zombie Army series
3085,Sumo Nottingham,sumo-digital.com,BROAD,Outrun 2,20M+,Tencent subsidiary,"Nottingham racing",Classic racing ports
3086,Lab Zero Games,labzerogames.com,BROAD,Skullgirls,10M+,Autumn Games funded,"LA fighting",Skullgirls dev
3087,Hidden Variable,hvs-games.com,BROAD,Skullgirls Mobile,50M+,Private,"Tustin CA fighting",Skullgirls Mobile
3088,Konami Yu-Gi-Oh,konami.com,ADJACENT,Master Duel,50M+,Public (TYO: 9766),"Tokyo card game",YuGiOh Master Duel
3089,Cygames Princess,cygames.co.jp,ADJACENT,Priconne Global,30M+,CyberAgent subsidiary,"Tokyo gacha",Princess Connect Global
3090,Cygames World,cygames.co.jp,ADJACENT,World Flipper,20M+,CyberAgent subsidiary,"Tokyo pinball gacha",Pinball gacha
3091,Cygames Dragalia,cygames.co.jp,ADJACENT,Dragalia Lost,20M+ discontinued,Nintendo partnership,"Tokyo action RPG",Dragalia Lost
3092,Niantic Campfire,nianticlabs.com,BROAD,Campfire social,20M+,Scopely acquired,"SF AR social",Social AR app
3093,Niantic Monster,nianticlabs.com,BROAD,Monster Hunter Now,30M+,Scopely acquired,"SF AR Capcom",Monster Hunter AR
3094,Capcom Monster AR,capcom.com,BROAD,Monster Hunter Now,30M+,Public (TYO: 9697),"Osaka AR partner",MH Now IP
3095,Capcom Street,capcom.com,BROAD,Street Fighter Duel,20M+,Public (TYO: 9697),"Osaka fighting",SF mobile game
3096,Capcom Mega Man,capcom.com,BROAD,Mega Man X DiVE,10M+,Public (TYO: 9697),"Osaka platformer",Mega Man mobile
3097,Capcom Resident,capcom.com,BROAD,RE Village VR,5M+ VR,Public (TYO: 9697),"Osaka horror VR",RE VR version
3098,SEGA Puyo,sega.com,ADJACENT,Puyo Puyo,30M+,Public (TYO: 6460),"Tokyo puzzle",Puyo Puyo mobile
3099,SEGA Phantasy,sega.com,BROAD,Phantasy Star,30M+,Public (TYO: 6460),"Tokyo MMORPG",PSO2 mobile
3100,SEGA Puzzle,sega.com,ADJACENT,Sega pocket club,20M+,Public (TYO: 6460),"Tokyo puzzle",Sega puzzle games
3101,Sonic Team,sonicteam.com,BROAD,Sonic mobile games,500M+,SEGA subsidiary,"Tokyo Sonic",Sonic developer
3102,Hardlight,hardlightstudio.com,BROAD,Sonic Dash,500M+,SEGA subsidiary,"Leamington Sonic",Sonic Dash dev
3103,Amplitude Studios,amplitude-studios.com,BROAD,Endless mobile,10M+,SEGA subsidiary,"Paris strategy",Endless series
3104,Creative Assembly,creative-assembly.com,BROAD,Total War mobile,20M+,SEGA subsidiary,"Horsham UK strategy",Total War dev
3105,Feral Interactive,feralinteractive.com,BROAD,Rome Total War,20M+,Private,"London ports",Mobile ports specialist
3106,Aspyr Mac,aspyr.com,BROAD,Various Mac/mobile,50M+ total,Embracer subsidiary,"Austin ports",Mac/mobile ports
3107,Devolver Nuclear,devolverdigital.com,BROAD,Nuclear Throne,10M+,Public (LSE: DEVO),"Austin roguelike",Nuclear Throne
3108,Devolver Hotline,devolverdigital.com,BROAD,Hotline Miami,30M+,Public (LSE: DEVO),"Austin action",Hotline Miami
3109,Devolver Katana,devolverdigital.com,BROAD,Katana ZERO,10M+,Public (LSE: DEVO),"Austin action",Katana ZERO
3110,Askiisoft,askiisoft.com,BROAD,Katana ZERO dev,10M+,Private,"Katana developer",Katana ZERO dev
3111,Devolver Inscryption,devolverdigital.com,ADJACENT,Inscryption,10M+,Public (LSE: DEVO),"Austin card roguelike",Inscryption
3112,Daniel Mullins,danielmullinsgames.com,ADJACENT,Inscryption dev,10M+,Private,"Victoria BC",Inscryption developer
3113,Devolver Cult,devolverdigital.com,BROAD,Cult of the Lamb,10M+,Public (LSE: DEVO),"Austin roguelike",Cult of Lamb publisher
3114,Massive Monster,massivemonstergame.com,BROAD,Cult of Lamb dev,10M+,Private,"Melbourne roguelike",Cult developer
3115,Raw Fury Kingdom,rawfury.com,BROAD,Kingdom series,30M+,Private,"Stockholm strategy",Kingdom publisher
3116,Noio,noio.dk,BROAD,Kingdom series dev,30M+,Private,"Denmark pixel strategy",Kingdom developer
3117,Raw Fury GoNNER,rawfury.com,BROAD,GoNNER,10M+,Private,"Stockholm roguelike",GoNNER publisher
3118,Raw Fury Bad,rawfury.com,BROAD,Bad North,10M+,Private,"Stockholm tactics",Bad North
3119,Plausible Concept,plausibleconcept.com,BROAD,Bad North dev,10M+,Private,"Sweden tactics",Bad North developer
3120,Raw Fury Sable,rawfury.com,BROAD,Sable,10M+,Private,"Stockholm adventure",Sable publisher
3121,Shedworks,shedworks.co.uk,BROAD,Sable dev,10M+,Private,"UK adventure",Sable developer
3122,Annapurna Outer,annapurnainteractive.com,BROAD,Outer Wilds,10M+,Private,"LA adventure",Outer Wilds
3123,Mobius Digital,mobiusdigitalgames.com,BROAD,Outer Wilds dev,10M+,Private,"LA adventure dev",Outer Wilds developer
3124,Annapurna What,annapurnainteractive.com,BROAD,What Remains,10M+,Private,"LA narrative",Edith Finch publisher
3125,Giant Sparrow,giantsparrow.com,BROAD,Edith Finch dev,10M+,Private,"LA narrative dev",Edith Finch developer
3126,Annapurna Donut,annapurnainteractive.com,BROAD,Donut County,10M+,Private,"LA puzzle",Donut County
3127,Ben Esposito,benesposito.com,BROAD,Donut County dev,10M+,Private,"LA puzzle dev",Donut County creator
3128,Annapurna Cocoon,annapurnainteractive.com,BROAD,Cocoon,5M+,Private,"LA puzzle adventure",Cocoon publisher
3129,Geometric Interactive,geometricinteractive.com,BROAD,Cocoon dev,5M+,Private,"Denmark puzzle",Cocoon developer
3130,Annapurna Neon,annapurnainteractive.com,BROAD,Neon White,10M+,Private,"LA speedrun FPS",Neon White
3131,Angel Matrix,angelmatrix.com,BROAD,Neon White dev,10M+,Private,"SF speedrun dev",Neon White developer
3132,Annapurna Stray,annapurnainteractive.com,BROAD,Stray,20M+,Private,"LA cat adventure",Stray publisher
3133,BlueTwelve Studio,bluetwelvestudio.com,BROAD,Stray dev,20M+,Private,"France cat game",Stray developer
3134,Finji Night,finji.co,BROAD,Night in Woods,20M+,Private,"Grand Rapids narrative",Night Woods
3135,Infinite Fall,infinite-fall.com,BROAD,Night Woods dev,20M+,Private,"Pittsburgh narrative",Night Woods developer
3136,Annapurna Gorogoa,annapurnainteractive.com,ADJACENT,Gorogoa,10M+,Private,"LA puzzle",Gorogoa publisher
3137,Jason Roberts,gorogoa.com,ADJACENT,Gorogoa dev,10M+,Private,"LA puzzle creator",Gorogoa creator
3138,Keita Takahashi,katamari.com,BROAD,Katamari,30M+ total,Freelance,"Japan quirky games",Katamari creator
3139,Bandai Namco Katamari,bandainamcoent.com,BROAD,Katamari Damacy,30M+,Public (TYO: 7832),"Tokyo quirky rolling",Katamari publisher
3140,Asobo Microsoft,asobostudio.com,BROAD,Flight Sim dev,30M+,Microsoft partner,"Bordeaux sim",MS Flight Sim dev
3141,Asobo Plague,asobostudio.com,BROAD,A Plague Tale,10M+,Focus partner,"Bordeaux action",Plague Tale dev
3142,Spiders Greedfall,spiders-games.com,BROAD,Greedfall dev,10M+,Focus partner,"Paris action RPG",Greedfall developer
3143,Deck Nine True,deck9.com,BROAD,True Colors dev,20M+,Private,"Denver narrative",LiS True Colors
3144,Dontnod Twin,dontnod.com,BROAD,Twin Mirror,10M+,Public (EPA: ALDNE),"Paris narrative",Twin Mirror
3145,Dontnod Tell,dontnod.com,BROAD,Tell Me Why,10M+,Xbox partnership,"Paris narrative",Tell Me Why
3146,Quantic Beyond,quanticdream.com,BROAD,Beyond Two Souls,10M+,NetEase invested,"Paris interactive drama",Beyond Two Souls
3147,Quantic Heavy,quanticdream.com,BROAD,Heavy Rain,20M+,NetEase invested,"Paris interactive drama",Heavy Rain
3148,Supermassive Quarry,supermassivegames.com,BROAD,The Quarry,10M+,Nordisk invested,"Guildford horror",The Quarry
3149,Supermassive Dark,supermassivegames.com,BROAD,Dark Pictures,30M+ series,Nordisk invested,"Guildford anthology",Dark Pictures
3150,Bandai Namco Dark,bandainamcoent.com,BROAD,Dark Pictures pub,30M+ series,Public (TYO: 7832),"Tokyo horror publisher",Dark Pictures publisher
3151,Bloober Medium,blooberteam.com,BROAD,The Medium,10M+,Public (WSE: BLO),"Krakow horror",The Medium
3152,Bloober Observer,blooberteam.com,BROAD,Observer,10M+,Public (WSE: BLO),"Krakow cyberpunk horror",Observer
3153,Bloober Layers,blooberteam.com,BROAD,Layers of Fear,30M+,Public (WSE: BLO),"Krakow horror",Layers of Fear
3154,Bloober Blair,blooberteam.com,BROAD,Blair Witch,10M+,Public (WSE: BLO),"Krakow horror IP",Blair Witch game
3155,Frictional Soma,frictionalgames.com,BROAD,SOMA,10M+,Private,"Malmö horror",SOMA
3156,Frictional Penumbra,frictionalgames.com,BROAD,Penumbra,10M+,Private,"Malmö horror",Penumbra series
3157,Red Barrels Outlast2,redbarrelsgames.com,BROAD,Outlast 2,20M+,Private,"Montreal horror sequel",Outlast 2
3158,Red Barrels Trials,redbarrelsgames.com,BROAD,Outlast Trials,10M+,Private,"Montreal horror coop",Outlast Trials
3159,Kinetic Games,kineticgames.co.uk,BROAD,Phasmophobia,20M+,Private,"Brighton UK horror",Phasmophobia
3160,Ghost Ship DRG,ghostshipgames.com,BROAD,Deep Rock Galactic,15M+,Private,"Copenhagen coop",DRG developer
3161,Coffee Stain DRG,coffeestain.com,BROAD,DRG publisher,15M+,Embracer subsidiary,"Skövde publisher",DRG publisher
3162,Fatshark VT2,fatshark.se,BROAD,Vermintide 2,15M+,Tencent acquired,"Stockholm coop",Vermintide 2
3163,Fatshark Darktide,fatshark.se,BROAD,Darktide,10M+,Tencent acquired,"Stockholm 40K",Warhammer Darktide
3164,Hazelight,hazelight.se,BROAD,It Takes Two,20M+,Private,"Stockholm coop",It Takes Two
3165,Josef Fares,hazelight.se,BROAD,A Way Out,10M+,Private,"Stockholm coop director",A Way Out
3166,EA Originals,ea.com,BROAD,EA Originals label,100M+ total,Public (NASDAQ: EA),"Redwood City indie",EA indie label
3167,Velan Mario,velanstudios.com,BROAD,Mario Kart Live,20M+,Nintendo partnership,"Troy NY AR",Mario Kart AR
3168,Velan Knockout,velanstudios.com,BROAD,Knockout City,10M+,Private,"Troy NY dodgeball",Knockout City
3169,EA Criterion NFS,ea.com,BROAD,NFS Heat,20M+,EA subsidiary,"Guildford racing",NFS Heat developer
3170,EA Ghost NFS,ea.com,BROAD,NFS Unbound,10M+,EA subsidiary,"Gothenburg racing",NFS Unbound
3171,Codemasters F1,ea.com,BROAD,F1 2023,20M+,EA subsidiary,"Southam UK racing",F1 games
3172,Codemasters Dirt,ea.com,BROAD,Dirt Rally 2,15M+,EA subsidiary,"Southam UK rally",Dirt Rally series
3173,Codemasters Grid,ea.com,BROAD,Grid Legends,10M+,EA subsidiary,"Southam UK racing",Grid series
3174,Slightly Mad NFS,ea.com,BROAD,NFS Shift,10M+,EA subsidiary,"London racing",NFS Shift dev
3175,Turn 10 Forza,turn10studios.com,BROAD,Forza Motorsport,20M+,Microsoft subsidiary,"Redmond racing sim",Forza Motorsport
3176,Playground Forza,playground-games.com,BROAD,Forza Horizon 5,35M+,Microsoft subsidiary,"Leamington racing",Forza Horizon
3177,Polyphony GT7,polyphony.co.jp,BROAD,Gran Turismo 7,15M+,PlayStation Studios,"Tokyo racing sim",GT7 developer
3178,Polyphony GT Sport,polyphony.co.jp,BROAD,GT Sport,15M+,PlayStation Studios,"Tokyo racing",GT Sport
3179,Guerrilla HZD,guerrilla-games.com,BROAD,Horizon ZD,25M+,PlayStation Studios,"Amsterdam open world",Horizon Zero Dawn
3180,Guerrilla Killzone,guerrilla-games.com,BROAD,Killzone Shadow,10M+,PlayStation Studios,"Amsterdam shooter",Killzone developer
3181,Santa Monica GOW,sms.playstation.com,BROAD,God of War 2018,25M+,PlayStation Studios,"LA action RPG",God of War 2018
3182,Santa Monica Ragnarok,sms.playstation.com,BROAD,God of War Ragnarok,15M+,PlayStation Studios,"LA action sequel",GOW Ragnarok
3183,Naughty Dog TLOU2,naughtydog.com,BROAD,Last of Us Part 2,15M+,PlayStation Studios,"Santa Monica action",TLOU Part 2
3184,Naughty Dog Uncharted,naughtydog.com,BROAD,Uncharted Legacy,10M+,PlayStation Studios,"Santa Monica adventure",Uncharted collection
3185,Insomniac Ratchet,insomniacgames.com,BROAD,Ratchet Rift,10M+,PlayStation Studios,"Burbank platformer",Ratchet & Clank
3186,Insomniac Spidey2,insomniacgames.com,BROAD,Spider-Man 2,15M+,PlayStation Studios,"Burbank action",Spider-Man 2
3187,Sucker Punch GoT,suckerpunch.com,BROAD,Ghost Tsushima,15M+,PlayStation Studios,"Bellevue open world",Ghost of Tsushima
3188,Sucker Punch Legends,suckerpunch.com,BROAD,Legends mode,15M+,PlayStation Studios,"Bellevue multiplayer",GoT Legends
3189,Housemarque Resogun,housemarque.com,BROAD,Returnal,10M+,PlayStation Studios,"Helsinki roguelike",Returnal developer
3190,Firesprite Horizon,firespriteltd.com,BROAD,Horizon CoTM,5M+ VR,PlayStation Studios,"Liverpool VR",Horizon VR
3191,Team Asobi Astro,teamasobi.com,BROAD,Astro's Playroom,30M+,PlayStation Studios,"Tokyo platformer",Astro developer
3192,Media Molecule Dreams,mediamolecule.com,BROAD,Dreams,5M+,PlayStation Studios,"Guildford creative",Dreams platform
3193,London Studio Blood,london.studio,BROAD,Blood & Truth VR,5M+ VR,PlayStation Studios,"London VR",VR action
3194,Bluepoint Demon,bluepointgames.com,BROAD,Demon's Souls,5M+,PlayStation Studios,"Austin remake",Demon's Souls remake
3195,Bluepoint Shadow,bluepointgames.com,BROAD,Shadow Colossus,10M+,PlayStation Studios,"Austin remake",SotC remake
3196,Haven Studios,havenstudios.com,BROAD,Fairgame$,Pre-launch,PlayStation Studios,"Montreal multiplayer",Live service game
3197,Firewalk Studios,firewalkstudios.com,BROAD,Concord,Pre-launch (cancelled),PlayStation Studios,"Bellevue multiplayer",Hero shooter
3198,Bungie Destiny2,bungie.net,BROAD,Destiny 2,50M+,PlayStation Studios,"Bellevue looter shooter",Destiny 2
3199,Bungie Marathon,bungie.net,BROAD,Marathon,Pre-launch,PlayStation Studios,"Bellevue extraction",Marathon reboot
3200,343 Halo Infinite,343industries.com,BROAD,Halo Infinite,30M+,Microsoft subsidiary,"Redmond shooter",Halo Infinite
3201,Coalition Gears5,thecoalition.com,BROAD,Gears 5,15M+,Microsoft subsidiary,"Vancouver cover shooter",Gears 5
3202,Rare Sea,rare.co.uk,BROAD,Sea of Thieves,40M+,Microsoft subsidiary,"Twycross pirate",Sea of Thieves
3203,Rare Everwild,rare.co.uk,BROAD,Everwild,Pre-launch,Microsoft subsidiary,"Twycross adventure",Everwild
3204,Mojang Minecraft,mojang.com,BROAD,Minecraft,300M+,Microsoft subsidiary,"Stockholm sandbox",Minecraft
3205,Mojang Legends,mojang.com,BROAD,Minecraft Legends,10M+,Microsoft subsidiary,"Stockholm RTS",Minecraft Legends
3206,Mojang Dungeons,mojang.com,BROAD,MC Dungeons,25M+,Microsoft subsidiary,"Stockholm ARPG",MC Dungeons
3207,Double Fine Psychonauts,doublefine.com,BROAD,Psychonauts 2,10M+,Microsoft subsidiary,"SF platformer",Psychonauts 2
3208,Obsidian Grounded,obsidian.net,BROAD,Grounded,15M+,Microsoft subsidiary,"Irvine survival",Grounded
3209,Obsidian Outer,obsidian.net,BROAD,Outer Worlds,10M+,Microsoft subsidiary,"Irvine RPG",Outer Worlds
3210,Obsidian Avowed,obsidian.net,BROAD,Avowed,Pre-launch,Microsoft subsidiary,"Irvine RPG",Avowed
3211,Compulsion South,compulsiongames.com,BROAD,South of Midnight,Pre-launch,Microsoft subsidiary,"Montreal adventure",South of Midnight
3212,Ninja Theory Senua2,ninjatheory.com,BROAD,Hellblade 2,5M+,Microsoft subsidiary,"Cambridge action",Hellblade 2
3213,Ninja Theory Bleeding,ninjatheory.com,BROAD,Bleeding Edge,5M+,Microsoft subsidiary,"Cambridge arena",Bleeding Edge
3214,The Initiative Dark,theinitiative.com,BROAD,Perfect Dark,Pre-launch,Microsoft subsidiary,"Santa Monica reboot",Perfect Dark
3215,World's Edge AOE4,worldsedge.com,BROAD,Age of Empires 4,15M+,Microsoft subsidiary,"Redmond RTS",AoE4
3216,Relic AOE4,relic.com,BROAD,AOE4 dev,15M+,Microsoft partner,"Vancouver RTS",AoE4 developer
3217,Bethesda Starfield,bethesda.net,BROAD,Starfield,15M+,Microsoft subsidiary,"Rockville RPG",Starfield
3218,Bethesda Skyrim,bethesda.net,BROAD,Skyrim,60M+ total,Microsoft subsidiary,"Rockville RPG",Elder Scrolls
3219,Bethesda Fallout4,bethesda.net,BROAD,Fallout 4,25M+,Microsoft subsidiary,"Rockville RPG",Fallout 4
3220,Bethesda FO76,bethesda.net,BROAD,Fallout 76,15M+,Microsoft subsidiary,"Rockville MMO",Fallout 76
3221,id Doom Eternal,idsoftware.com,BROAD,Doom Eternal,15M+,Microsoft subsidiary,"Dallas FPS",Doom Eternal
3222,id Quake,idsoftware.com,BROAD,Quake remaster,10M+,Microsoft subsidiary,"Dallas FPS",Quake
3223,MachineGames Wolf,machinegames.com,BROAD,Wolfenstein 2,10M+,Microsoft subsidiary,"Uppsala shooter",Wolfenstein 2
3224,MachineGames Indy,machinegames.com,BROAD,Indiana Jones,Pre-launch,Microsoft subsidiary,"Uppsala adventure",Indiana Jones
3225,Arkane Deathloop,arkane-studios.com,BROAD,Deathloop,10M+,Microsoft subsidiary,"Lyon immersive",Deathloop
3226,Arkane Dishonored,arkane-studios.com,BROAD,Dishonored 2,10M+,Microsoft subsidiary,"Lyon stealth",Dishonored 2
3227,Arkane Prey,arkane-studios.com,BROAD,Prey 2017,5M+,Microsoft subsidiary,"Lyon immersive sim",Prey
3228,Arkane Redfall,arkane-studios.com,BROAD,Redfall,5M+,Microsoft subsidiary,"Austin coop",Redfall
3229,ZeniMax ESO,zenimax.com,BROAD,Elder Scrolls Online,25M+,Microsoft subsidiary,"Hunt Valley MMORPG",ESO
3230,Alpha Dog Fallout,alphadoggames.com,BROAD,Fallout Shelter,200M+,Microsoft subsidiary,"Halifax mobile",Fallout Shelter dev
3231,Roundhouse NV,roundhousestudios.com,BROAD,Fallout NV remaster,Pre-launch,Microsoft subsidiary,"Madison WI",NV remaster
3232,Xbox Game Studios,xbox.com,BROAD,All Xbox titles,1B+ total,Microsoft subsidiary,"Redmond first party",Xbox games portfolio
3233,PlayStation Studios,playstation.com,BROAD,All PS titles,500M+ total,Sony subsidiary,"San Mateo first party",PlayStation portfolio
3234,Nintendo EPD,nintendo.com,BROAD,All Nintendo,2B+ total,Public (TYO: 7974),"Kyoto first party",Nintendo games
3235,Nintendo SPD,nintendo.com,BROAD,Nintendo mobile,500M+ mobile,Public (TYO: 7974),"Kyoto planning",Nintendo mobile strategy
3236,EA Sports,ea.com,BROAD,All EA Sports,1B+ total,Public (NASDAQ: EA),"Redwood City sports",EA Sports portfolio
3237,Activision Studios,activision.com,BROAD,All Activision,2B+ total,Microsoft subsidiary,"Santa Monica shooter",Activision portfolio
3238,Ubisoft Studios,ubisoft.com,BROAD,All Ubisoft,1B+ total,Public (EPA: UBI),"Paris open world",Ubisoft portfolio
3239,Take-Two Labels,take2games.com,BROAD,All Take-Two,500M+ total,Public (NASDAQ: TTWO),"NYC publisher",Take-Two portfolio
3240,Bandai Namco Studios,bandainamco-studios.com,BROAD,All Bandai,500M+ total,Public (TYO: 7832),"Tokyo publisher",Bandai portfolio
3241,Square Enix Studios,square-enix.com,BROAD,All Square,300M+ total,Public (TYO: 9684),"Tokyo publisher",Square Enix portfolio
3242,Capcom Studios,capcom.com,BROAD,All Capcom,200M+ total,Public (TYO: 9697),"Osaka publisher",Capcom portfolio
3243,Konami Studios,konami.com,BROAD,All Konami,300M+ total,Public (TYO: 9766),"Tokyo publisher",Konami portfolio
3244,SEGA Studios,sega.com,BROAD,All SEGA,500M+ total,Public (TYO: 6460),"Tokyo publisher",SEGA portfolio
3245,Tencent Games,tencent.com,BROAD,All Tencent,5B+ total,Public (HKG: 0700),"Shenzhen giant",Tencent portfolio
3246,NetEase Games,neteasegames.com,BROAD,All NetEase,1B+ total,Public (NASDAQ: NTES),"Hangzhou publisher",NetEase portfolio
3247,miHoYo Studios,hoyoverse.com,ADJACENT,All HoYoverse,500M+ total,Private $30B,"Shanghai gacha",HoYoverse portfolio
3248,Supercell Studios,supercell.com,BROAD,All Supercell,2B+ total,Tencent majority,"Helsinki strategy",Supercell portfolio
3249,King Studios,king.com,ADJACENT,All King,5B+ total,Microsoft subsidiary,"Stockholm puzzle",King portfolio
3250,Playrix Studios,playrix.com,ADJACENT,All Playrix,1B+ total,Private $7B,"Dublin puzzle",Playrix portfolio
3251,Epic Games Studios,epicgames.com,BROAD,All Epic,1B+ total,Private $32B,"Cary NC platform",Epic portfolio
3252,Roblox Corporation,roblox.com,BROAD,Roblox platform,600M+,Public (NYSE: RBLX),"San Mateo UGC platform",Roblox platform
3253,Unity Technologies,unity.com,BROAD,Unity games,5B+ total,Public (NYSE: U),"SF game engine",Unity ecosystem
3254,Unreal Engine,unrealengine.com,BROAD,Unreal games,2B+ total,Epic Games subsidiary,"Cary NC engine",Unreal ecosystem
3255,Godot Games,godotengine.org,BROAD,Godot games,100M+ total,Open source,"Open source engine",Godot ecosystem
3256,GameMaker,gamemaker.io,BROAD,GameMaker games,500M+ total,Opera subsidiary,"Engine games",GameMaker ecosystem
3257,Construct Games,construct.net,BROAD,Construct games,100M+ total,Scirra Ltd,"London engine",Construct ecosystem
3258,RPG Maker,rpgmakerweb.com,BROAD,RPG Maker games,100M+ total,Kadokawa subsidiary,"Tokyo RPG engine",RPG Maker ecosystem
3259,Ren'Py Games,renpy.org,BROAD,Visual novels,100M+ total,Open source,"VN engine",Visual novel ecosystem
3260,Adventure Game Studio,adventuregamestudio.co.uk,BROAD,AGS games,50M+ total,Open source,"Adventure engine",Point click ecosystem
3261,Twine Games,twinery.org,BROAD,Twine stories,50M+ total,Open source,"Interactive fiction",IF ecosystem
3262,InnerSloth,innersloth.com,BROAD,Among Us,500M+,Private,"Redmond social deduction",Among Us creator
3263,InnerSloth Henry,innersloth.com,BROAD,Henry Stickmin,50M+,Private,"Redmond adventure",Henry Stickmin
3264,Puffballs United,puffballsunited.com,BROAD,Henry Stickmin dev,50M+,Private,"Portland adventure",Henry Stickmin dev
3265,Forest,forest-app.cc,BROAD,Forest app,50M+,Private,"Focus app",Productivity gamified
3266,Habitica,habitica.com,BROAD,Habitica,10M+,Private,"RPG productivity",Gamified habit tracker
3267,Duolingo,duolingo.com,BROAD,Duolingo,500M+,Public (NASDAQ: DUOL),"Pittsburgh education",Language learning gamified
3268,Khan Academy,khanacademy.org,BROAD,Khan Academy,100M+,Non-profit,"Education platform",Educational games
3269,ABCmouse,abcmouse.com,BROAD,ABCmouse,50M+,Age of Learning subsidiary,"Educational games",Kids education
3270,Endless Alphabet,originator.com,BROAD,Endless games,50M+ series,Private,"Kids education",Endless learning games
3271,Toca Boca,tocaboca.com,BROAD,Toca Life World,100M+,Spin Master acquired,"Stockholm kids",Kids creative play
3272,Toca Life City,tocaboca.com,BROAD,Toca Life City,50M+,Spin Master acquired,"Stockholm kids",Toca Life series
3273,Toca Kitchen,tocaboca.com,BROAD,Toca Kitchen,100M+,Spin Master acquired,"Stockholm kids cooking",Kids cooking game
3274,Sago Mini,sagomini.com,BROAD,Sago Mini games,50M+ series,Spin Master subsidiary,"Toronto kids",Sago Mini games
3275,Dr. Panda,drpanda.com,BROAD,Dr. Panda Town,100M+,Sago Mini parent,"Kids simulation",Dr. Panda series
3276,LEGO Games,lego.com,BROAD,LEGO games,500M+ total,LEGO subsidiary,"Billund kids",LEGO game apps
3277,LEGO Duplo,lego.com,BROAD,LEGO Duplo World,50M+,LEGO subsidiary,"Billund toddlers",Duplo app
3278,Peppa Pig,peppapig.com,BROAD,Peppa games,100M+ total,Hasbro licensed,"Licensed kids",Peppa Pig games
3279,Paw Patrol,pawpatrol.com,BROAD,Paw Patrol games,50M+ total,Spin Master,"Licensed kids",Paw Patrol games
3280,Nickelodeon Games,nick.com,BROAD,Nick games,200M+ total,Paramount subsidiary,"Kids entertainment",Nick game apps
3281,Disney Junior,disneyjunior.com,BROAD,Disney Jr games,100M+ total,Disney subsidiary,"Kids entertainment",Disney Jr apps
3282,PBS Kids,pbskids.org,BROAD,PBS Kids games,100M+ total,PBS subsidiary,"Educational kids",PBS educational
3283,Sesame Street,sesamestreet.org,BROAD,Sesame games,50M+ total,Sesame Workshop,"Educational kids",Sesame Street apps
3284,Fisher-Price,fisher-price.com,BROAD,FP games,50M+ total,Mattel subsidiary,"Preschool games",Fisher-Price apps
3285,LeapFrog,leapfrog.com,BROAD,LeapFrog games,50M+ total,VTech subsidiary,"Educational toys/games",LeapFrog apps
3286,VTech Games,vtech.com,BROAD,VTech games,50M+ total,Public (HKG: 0303),"Educational tech",VTech game apps
3287,BabyBus,babybus.com,BROAD,BabyBus,1B+ total,Private,"Hong Kong kids",BabyBus apps
3288,Pinkfong,pinkfong.com,BROAD,Baby Shark,1B+ total,Smart Study subsidiary,"Seoul kids",Baby Shark games
3289,CoComelon,cocomelon.com,BROAD,CoComelon games,50M+,Moonbug subsidiary,"Nursery rhymes",CoComelon apps
3290,Moonbug Entertainment,moonbug.com,BROAD,Various kids,500M+ total,Candle Media subsidiary,"London kids content",Kids entertainment
3291,Blippi Games,blippi.com,BROAD,Blippi games,20M+,Moonbug subsidiary,"Kids educational",Blippi apps
3292,Super Simple,supersimple.com,BROAD,Super Simple games,50M+,Skyship Entertainment,"Toronto kids",Super Simple apps
3293,Little Baby Bum,littlebabybum.com,BROAD,LBB games,30M+,Moonbug subsidiary,"Nursery content",LBB apps
3294,Hey Bear,heybear.com,BROAD,Hey Bear Sensory,50M+,Private,"Kids sensory",Sensory video apps
3295,Lingokids,lingokids.com,BROAD,Lingokids,30M+,$85M funding,"Madrid kids education",Kids language learning
3296,Homer Learning,homer.com,BROAD,Homer,20M+,BEGiN subsidiary,"NYC early learning",Early reading app
3297,Kahoot,kahoot.com,BROAD,Kahoot,50M+,Public (OSL: KAHOT),"Oslo game learning",Quiz game platform
3298,Quizizz,quizizz.com,BROAD,Quizizz,50M+,Private,"Bangalore quiz",Quiz game platform
3299,Blooket,blooket.com,BROAD,Blooket,20M+,Private,"California quiz",Quiz game platform
3300,Gimkit,gimkit.com,BROAD,Gimkit,10M+,Private,"Seattle quiz",Quiz game platform
3301,Wordwall,wordwall.net,BROAD,Wordwall,20M+,Private,"Game creation",Educational game maker
3302,Classcraft,classcraft.com,BROAD,Classcraft,10M+,Houghton Mifflin Harcourt,"Quebec gamification",Classroom gamification
3303,Prodigy Education,prodigygame.com,BROAD,Prodigy Math,50M+,Private,"Toronto math game",Math RPG education
3304,IXL Learning,ixl.com,BROAD,IXL,50M+,Private,"San Mateo education",Learning platform
3305,Photomath,photomath.com,BROAD,Photomath,100M+,Google acquired,"Croatia math",Math camera app
3306,Socratic,socratic.org,BROAD,Socratic,50M+,Google subsidiary,"AI homework helper",Homework app
3307,Quizlet,quizlet.com,BROAD,Quizlet,100M+,Private,"SF flashcards",Study game app
3308,Anki,ankiweb.net,BROAD,Anki,50M+,Open source,"Flashcard SRS",Spaced repetition
3309,Memrise,memrise.com,BROAD,Memrise,50M+,Private,"London language",Language learning game
3310,Babbel,babbel.com,BROAD,Babbel,50M+,Private,"Berlin language",Language learning
3311,Busuu,busuu.com,BROAD,Busuu,30M+,Chegg acquired,"London language",Language learning
3312,HelloTalk,hellotalk.com,BROAD,HelloTalk,30M+,Private,"Hong Kong language",Language exchange
3313,Tandem,tandem.net,BROAD,Tandem,20M+,Private,"Berlin language exchange",Language exchange
3314,italki,italki.com,BROAD,italki,20M+,Private,"Shanghai tutoring",Language tutoring
3315,Preply,preply.com,BROAD,Preply,10M+,Private,"Boston tutoring",Online tutoring
3316,Cambly,cambly.com,BROAD,Cambly,10M+,Private,"SF English tutoring",English tutoring
3317,VIPKid,vipkid.com,BROAD,VIPKid,10M+,Private,"Beijing English",English tutoring China
3318,51Talk,51talk.com,BROAD,51Talk,20M+,Public (NYSE: COE),"Beijing English",Online English
3319,Udemy,udemy.com,BROAD,Udemy,50M+,Public (NASDAQ: UDMY),"SF online courses",Course platform
3320,Coursera,coursera.com,BROAD,Coursera,100M+,Public (NYSE: COUR),"Mountain View education",MOOC platform
3321,edX,edx.org,BROAD,edX,50M+,2U acquired,"Boston MOOC",MOOC platform
3322,Skillshare,skillshare.com,BROAD,Skillshare,30M+,Private,"NYC creative",Creative learning
3323,MasterClass,masterclass.com,BROAD,MasterClass,30M+,Private,"SF celebrity courses",Celebrity courses
3324,LinkedIn Learning,linkedin.com,BROAD,LinkedIn Learning,50M+,Microsoft subsidiary,"SF professional",Professional learning
3325,Pluralsight,pluralsight.com,BROAD,Pluralsight,20M+,Vista Equity acquired,"SLC tech learning",Tech courses
3326,Codecademy,codecademy.com,BROAD,Codecademy,50M+,Skillsoft acquired,"NYC coding",Coding learning
3327,FreeCodeCamp,freecodecamp.org,BROAD,FreeCodeCamp,50M+,Non-profit,"Coding education",Free coding
3328,SoloLearn,sololearn.com,BROAD,SoloLearn,50M+,Private,"Vienna coding",Coding app
3329,Mimo,mimo.org,BROAD,Mimo,30M+,Private,"Vienna coding",Coding learning app
3330,Grasshopper,grasshopper.app,BROAD,Grasshopper,20M+,Google subsidiary,"Google coding",Beginner coding
3331,Enki,enki.com,BROAD,Enki,10M+,Private,"London tech skills",Tech skill app
3332,DataCamp,datacamp.com,BROAD,DataCamp mobile,10M+,Private,"NYC data science",Data science learning
3333,Brilliant,brilliant.org,BROAD,Brilliant,20M+,Private,"SF STEM",STEM learning
3334,Elevate,elevateapp.com,BROAD,Elevate,50M+,Private,"SF brain training",Brain training
3335,Lumosity,lumosity.com,BROAD,Lumosity,100M+,Private,"SF brain training",Brain games
3336,Peak,peak.net,BROAD,Peak Brain,50M+,Private,"London brain training",Brain training
3337,NeuroNation,neuronation.com,BROAD,NeuroNation,20M+,Private,"Berlin brain training",Brain training
3338,CogniFit,cognifit.com,BROAD,CogniFit,10M+,Private,"SF cognitive training",Brain assessment
3339,Fit Brains,rosettastone.com,BROAD,Fit Brains,20M+,Rosetta Stone subsidiary,"Brain games",Brain training
3340,Left vs Right,left-vs-right.com,BROAD,Left vs Right,20M+,Private,"Brain training",Brain training game
3341,Brain Out,xigua.com,BROAD,Brain Out,200M+,Private,"China puzzle",Tricky puzzle
3342,Brain Test,unicostudio.com,BROAD,Brain Test,200M+,Private,"Cyprus puzzle",Tricky puzzle game
3343,Brain Test 2,unicostudio.com,BROAD,Brain Test 2,100M+,Private,"Cyprus puzzle sequel",Brain Test sequel
3344,Unico Studio,unicostudio.com,BROAD,Various puzzle,500M+ total,Private,"Cyprus puzzle studio",Brain Test publisher
3345,Eyewind,eyewind.com,BROAD,Brain games,100M+ total,Private,"China puzzle",Puzzle game developer
3346,4 Pics 1 Word,lotum.de,ADJACENT,4 Pics 1 Word,100M+,Private,"Germany word puzzle",Word guessing
3347,Lotum,lotum.de,ADJACENT,Various word games,200M+ total,Private,"Karlsruhe word games",Word game developer
3348,94%,scimob.com,BROAD,94%,100M+,Private,"France trivia",Trivia game
3349,94 Seconds,scimob.com,BROAD,94 Seconds,50M+,Private,"France word game",Word racing game
3350,Scimob,scimob.com,BROAD,Various trivia,200M+ total,Private,"Paris trivia",Trivia game developer
3351,Logo Quiz,bubble-quiz-games.com,BROAD,Logo Quiz,100M+,Private,"Logo guessing",Logo trivia game
3352,Bubble Quiz,bubble-quiz-games.com,BROAD,Various quiz,200M+ total,Private,"Romania quiz",Quiz game developer
3353,Guess the Logo,almond-studio.com,BROAD,Guess Logo games,50M+,Private,"Logo quiz",Logo guessing
3354,Almond Studio,almond-studio.com,BROAD,Various quiz,100M+ total,Private,"Quiz developer",Quiz game studio
3355,QuizUp,quizup.com,BROAD,QuizUp,50M+ discontinued,Glu acquired,"Iceland trivia",Social trivia
3356,Plain Vanilla,plainvanillacorp.com,BROAD,QuizUp dev,50M+,Glu acquired,"Reykjavik trivia",QuizUp developer
3357,HQ Trivia,hqtrivia.com,BROAD,HQ Trivia,30M+ discontinued,Rus/Intermedia,"NYC live trivia",Live trivia app
3358,Swagbucks,swagbucks.com,BROAD,Swagbucks,50M+,Prodege subsidiary,"El Segundo rewards",Rewards platform
3359,Mistplay,mistplay.com,BROAD,Mistplay,50M+,Private,"Montreal rewards",Gaming rewards
3360,AppKarma,appkarma.io,BROAD,AppKarma,20M+,Private,"Rewards app",Gaming rewards
3361,Cash'em All,cashemall.com,BROAD,Cash'em All,20M+,Private,"Gaming rewards",Play to earn
3362,Coin Pop,coinpop.com,BROAD,Coin Pop,20M+,Private,"Germany rewards",Gaming rewards
3363,JustPlay,justplay.lol,BROAD,JustPlay,30M+,Private,"Rewards gaming",Play to earn
3364,Givvy,givvy.com,BROAD,Givvy,10M+,Private,"Rewards platform",Rewards app
3365,Money Well,moneywell.co,BROAD,Money Well,10M+,Private,"Rewards gaming",Play rewards
3366,CashyApp,cashyapp.com,BROAD,CashyApp,10M+,Private,"Rewards app",Cash rewards
3367,Lucky Day,luckyday.com,BROAD,Lucky Day,30M+,Private,"LA sweepstakes",Sweepstakes app
3368,Big Time Cash,bigtime.gg,BROAD,Big Time Cash,20M+,Private,"Rewards gaming",Cash gaming
3369,Cashzine,cashzine.com,BROAD,Cashzine,20M+,Private,"Read to earn",Reading rewards
3370,BuzzBreak,buzzbreak.com,BROAD,BuzzBreak,30M+,Private,"News rewards",News reading rewards
3371,CurrentMusic,currentmusic.app,BROAD,Current Music,10M+,Private,"Music rewards",Music listening rewards
3372,Mode Mobile,modemobile.com,BROAD,Mode Earn,20M+,Private,"Austin rewards",Earn by playing
3373,S'more,smoreapp.co,BROAD,S'more,10M+,Private,"Lock screen rewards",Lock screen rewards
3374,Slide,slide.com,BROAD,Slide,10M+,Private,"Lock screen ads",Lock screen rewards
3375,ScreenLift,screenlift.com,BROAD,ScreenLift,10M+,Private,"Screen time rewards",Screen rewards
3376,Zynga Hit It Rich,zynga.com,BROAD,Hit It Rich Slots,50M+,Take-Two subsidiary,"SF social casino",Hit It Rich
3377,Zynga Wizard Oz,zynga.com,BROAD,Wizard of Oz Slots,50M+,Take-Two subsidiary,"SF licensed slots",Wizard of Oz slots
3378,Zynga Willy Wonka,zynga.com,BROAD,Willy Wonka Slots,50M+,Take-Two subsidiary,"SF licensed slots",Willy Wonka slots
3379,Zynga Black Diamond,zynga.com,BROAD,Black Diamond Slots,20M+,Take-Two subsidiary,"SF social slots",Black Diamond
3380,SciPlay WSOP,sciplay.com,BROAD,World Series Poker,30M+,Public (NASDAQ: SCPL),"Las Vegas poker",WSOP mobile
3381,SciPlay Solitaire,sciplay.com,BROAD,Solitaire TriPeaks,30M+,Public (NASDAQ: SCPL),"Las Vegas solitaire",TriPeaks solitaire
3382,GSN Solitaire,gsn.com,BROAD,Solitaire TriPeaks,30M+,Sony subsidiary,"LA solitaire",GSN solitaire
3383,Microsoft Solitaire,microsoft.com,ADJACENT,Microsoft Solitaire,500M+,Microsoft subsidiary,"Redmond classic",MS Solitaire
3384,MobilityWare Spider,mobilityware.com,ADJACENT,Spider Solitaire,100M+,Private,"Irvine card games",Spider Solitaire
3385,MobilityWare FreeCell,mobilityware.com,ADJACENT,FreeCell,100M+,Private,"Irvine card games",FreeCell
3386,MobilityWare BlackJack,mobilityware.com,BROAD,Blackjack,50M+,Private,"Irvine card games",Blackjack mobile
3387,Brainium Solitaire,brainium.com,ADJACENT,Solitaire,100M+,Private,"Denver card games",Brainium Solitaire
3388,Brainium Spider,brainium.com,ADJACENT,Spider Solitaire,50M+,Private,"Denver card games",Brainium Spider
3389,Brainium Sudoku,brainium.com,ADJACENT,Sudoku,50M+,Private,"Denver puzzle",Brainium Sudoku
3390,Brainium Jigsaw,brainium.com,ADJACENT,Jigsaw Puzzles,50M+,Private,"Denver puzzle",Brainium Jigsaw
3391,Tripledot Solitaire,tripledotstudios.com,ADJACENT,Solitaire,100M+,$116M funding unicorn,"London solitaire",Solitaire Cash
3392,Tripledot Woodoku,tripledotstudios.com,ADJACENT,Woodoku,50M+,$116M funding,"London block puzzle",Woodoku
3393,Tripledot Wordzee,tripledotstudios.com,ADJACENT,Wordzee,30M+,$116M funding,"London word game",Wordzee
3394,Tripledot BlockPuzzle,tripledotstudios.com,ADJACENT,Block Puzzle,50M+,$116M funding,"London puzzle",Block puzzle games
3395,Papaya Gaming,papayagaming.com,BROAD,Solitaire Cash,30M+,Private,"Israel cash gaming",Solitaire with prizes
3396,Papaya Bingo,papayagaming.com,BROAD,Bingo Cash,20M+,Private,"Israel cash bingo",Bingo with prizes
3397,Skillz,skillz.com,BROAD,Skillz platform,100M+,Public (NYSE: SKLZ),"SF competitive gaming",Esports platform
3398,Skillz Solitaire,skillz.com,ADJACENT,Solitaire Cube,50M+,Public (NYSE: SKLZ),"SF competitive solitaire",Solitaire esports
3399,Skillz 21 Blitz,skillz.com,BROAD,21 Blitz,30M+,Public (NYSE: SKLZ),"SF competitive cards",Card esports
3400,Skillz Blackout,skillz.com,BROAD,Blackout Bingo,30M+,Public (NYSE: SKLZ),"SF competitive bingo",Bingo esports
3401,Big Run Studios,bigrunstudios.com,BROAD,Blackout Bingo dev,30M+,Private,"SF bingo developer",Bingo Blitz dev
3402,Tether Studios,tetherstudios.com,BROAD,Solitaire Cube dev,50M+,Private,"Austin solitaire",Solitaire Cube dev
3403,Pocket7Games,pocket7games.com,BROAD,Pocket7 platform,30M+,Private,"China esports",Competitive gaming
3404,AviaGames,aviagames.com,BROAD,Pocket7Games,30M+,Private,"CA esports",Esports platform
3405,WorldWinner,worldwinner.com,BROAD,WorldWinner,20M+,GSN subsidiary,"Boston cash gaming",Cash skill games
3406,Lucktastic,lucktastic.com,BROAD,Lucktastic,50M+,Jam City subsidiary,"NYC scratch cards",Scratch card app
3407,PCH Games,pch.com,BROAD,PCH Games,50M+,Publishers Clearing House,"NY sweepstakes",PCH gaming
3408,PCH Slots,pch.com,BROAD,PCH Slots,30M+,Publishers Clearing House,"NY slots",PCH slots
3409,Jackpocket,jackpocket.com,BROAD,Jackpocket,10M+,Private,"NYC lottery",Lottery courier app
3410,TheLotter,thelotter.com,BROAD,TheLotter,10M+,Private,"Lottery service",Lottery concierge
3411,Lotto.com,lotto.com,BROAD,Lotto app,10M+,Private,"Online lottery",Lottery app
3412,WinZO,winzogames.com,BROAD,WinZO,100M+,Private $700M,"India skill gaming",Indian esports
3413,Paytm First,paytm.com,BROAD,Paytm First Games,50M+,Paytm subsidiary,"India gaming",Indian gaming platform
3414,Mobile Premier,mpl.live,BROAD,MPL platform,100M+,$950M unicorn,"Bangalore esports",Indian esports
3415,Hike Games,hike.in,BROAD,Rush by Hike,30M+,Private,"India social gaming",Indian social games
3416,GetMega,getmega.com,BROAD,GetMega,20M+,Private,"India real money",Indian real money gaming
3417,A23 Games,a23games.com,BROAD,A23 Rummy,30M+,Private,"India rummy",Indian card games
3418,RummyCircle,rummycircle.com,BROAD,RummyCircle,50M+,Games24x7 subsidiary,"India rummy",Rummy app
3419,Classic Rummy,classicrommymail.in,BROAD,Classic Rummy,20M+,Private,"India rummy",Rummy gaming
3420,Junglee Rummy,jungleerummy.com,BROAD,Junglee Rummy,30M+,Baazi Games subsidiary,"India rummy",Rummy app
3421,PokerBaazi,pokerbaazi.com,BROAD,PokerBaazi,10M+,Baazi Games subsidiary,"India poker",Indian poker
3422,Adda52,adda52.com,BROAD,Adda52,10M+,Delta Corp subsidiary,"India poker",Indian poker
3423,Spartan Poker,spartanpoker.com,BROAD,Spartan Poker,10M+,Private,"India poker",Indian poker
3424,MyTeam11,myteam11.com,BROAD,MyTeam11,50M+,Private,"India fantasy",Fantasy sports
3425,My11Circle,my11circle.com,BROAD,My11Circle,50M+,Games24x7 subsidiary,"India fantasy",Fantasy cricket
3426,FanCode,fancode.com,BROAD,FanCode,30M+,Dream11 subsidiary,"India sports",Sports streaming
3427,HalaPlay,halaplay.com,BROAD,HalaPlay,10M+,Private,"India fantasy",Fantasy sports
3428,BalleBaazi,ballebaazi.com,BROAD,BalleBaazi,10M+,Private,"India fantasy cricket",Cricket fantasy
3429,Howzat,howzat.com,BROAD,Howzat Fantasy,10M+,Private,"India fantasy",Fantasy sports
3430,Gamezy,gamezy.com,BROAD,Gamezy,20M+,Private,"India fantasy",Fantasy sports
3431,Vision11,vision11.in,BROAD,Vision11,10M+,Private,"India fantasy",Fantasy cricket
3432,Fab11,fab11.com,BROAD,Fab11,10M+,Private,"India fantasy",Fantasy sports
3433,11Wickets,11wickets.com,BROAD,11Wickets,10M+,Private,"India fantasy",Fantasy cricket
3434,Fantain,fantain.com,BROAD,Fantain,10M+,Private,"India fantasy",Fantasy sports
3435,Sleeper,sleeper.com,BROAD,Sleeper Fantasy,30M+,Private,"SF fantasy",Fantasy sports US
3436,Underdog,underdogfantasy.com,BROAD,Underdog Fantasy,20M+,Private,"NYC fantasy",Fantasy sports US
3437,PrizePicks,prizepicks.com,BROAD,PrizePicks,20M+,Private,"Atlanta fantasy",Daily fantasy
3438,Yahoo Fantasy,sports.yahoo.com,BROAD,Yahoo Fantasy,50M+,Yahoo/Apollo,"Sunnyvale fantasy",Fantasy sports
3439,ESPN Fantasy,espn.com,BROAD,ESPN Fantasy,50M+,Disney subsidiary,"Bristol fantasy",Fantasy sports
3440,CBS Sports,cbssports.com,BROAD,CBS Fantasy,30M+,Paramount subsidiary,"NYC fantasy",Fantasy sports
3441,NFL Fantasy,nfl.com,BROAD,NFL Fantasy,30M+,NFL subsidiary,"NYC fantasy football",NFL fantasy
3442,NBA Fantasy,nba.com,BROAD,NBA Fantasy,20M+,NBA subsidiary,"NYC fantasy basketball",NBA fantasy
3443,MLB Fantasy,mlb.com,BROAD,MLB Fantasy,10M+,MLB subsidiary,"NYC fantasy baseball",MLB fantasy
3444,NHL Fantasy,nhl.com,BROAD,NHL Fantasy,10M+,NHL subsidiary,"NYC fantasy hockey",NHL fantasy
3445,Premier League,premierleague.com,BROAD,FPL Fantasy,20M+,EPL subsidiary,"London fantasy",Fantasy Premier League
3446,Sorare Fantasy,sorare.com,BROAD,Sorare,10M+,$679M funding,"Paris NFT fantasy",NFT fantasy sports
3447,Dapper Labs,dapperlabs.com,BROAD,NBA Top Shot,20M+,Private $7.6B,"Vancouver NFT sports",NBA NFT
3448,NBA Top Shot,nbatopshot.com,BROAD,Top Shot,20M+,Dapper Labs subsidiary,"Vancouver NFT",NBA moments NFT
3449,NFL All Day,nflallday.com,BROAD,NFL All Day,10M+,Dapper Labs subsidiary,"Vancouver NFT",NFL moments NFT
3450,UFC Strike,ufcstrike.com,BROAD,UFC Strike,5M+,Dapper Labs subsidiary,"Vancouver NFT",UFC moments NFT
3451,LaLiga Golazos,laligagolazos.com,BROAD,LaLiga NFT,5M+,Dapper Labs subsidiary,"Vancouver NFT",LaLiga NFT
3452,Flow Blockchain,flow.com,BROAD,Flow games,50M+ platform,Dapper Labs subsidiary,"Vancouver blockchain",NFT gaming platform
3453,Axie Infinity,axieinfinity.com,BROAD,Axie Infinity,10M+,$150M funding,"Vietnam P2E",Play to earn
3454,Sky Mavis,skymavis.com,BROAD,Axie dev,10M+,$150M funding,"Vietnam blockchain",Axie developer
3455,The Sandbox,sandbox.game,BROAD,The Sandbox,5M+,Private,"France metaverse",Metaverse gaming
3456,Animoca Brands,animocabrands.com,BROAD,Various blockchain,50M+ total,Private $5B,"Hong Kong blockchain",Blockchain gaming
3457,GAMEE,gamee.com,BROAD,Arc8,20M+,Animoca subsidiary,"Prague blockchain gaming",Blockchain gaming
3458,Gala Games,gala.games,BROAD,Gala Games,10M+,Private,"San Francisco blockchain",Blockchain gaming
3459,Mythical Games,mythicalgames.com,BROAD,NFL Rivals,10M+,$260M funding,"Los Angeles blockchain",Blockchain gaming
3460,Immutable,immutable.com,BROAD,Immutable X,10M+,Private $2.5B,"Sydney blockchain",Blockchain gaming
3461,Gods Unchained,godsunchained.com,ADJACENT,Gods Unchained,5M+,Immutable subsidiary,"Sydney card game",Blockchain TCG
3462,Guild of Guardians,guildofguardians.com,BROAD,Guild Guardians,5M+,Immutable subsidiary,"Sydney RPG",Blockchain RPG
3463,Illuvium,illuvium.io,BROAD,Illuvium,5M+ waitlist,Private,"Australia auto-battler",Blockchain RPG
3464,Star Atlas,staratlas.com,BROAD,Star Atlas,5M+ waitlist,Private,"Austin space MMO",Blockchain space
3465,Ember Sword,embersword.com,BROAD,Ember Sword,5M+ waitlist,Private,"Denmark MMORPG",Blockchain MMO
3466,Big Time,bigtime.gg,BROAD,Big Time,5M+,Private,"LA action RPG",Blockchain action RPG
3467,Shrapnel,shrapnel.com,BROAD,Shrapnel,5M+ waitlist,Private,"Seattle FPS",Blockchain shooter
3468,Gunzilla Games,gunzillagames.com,BROAD,Off the Grid,5M+ waitlist,Private,"Frankfurt shooter",AAA blockchain shooter
3469,Limit Break,limitbreak.com,BROAD,DigiDaigaku,5M+,Private,"LA blockchain gaming",Blockchain NFT
3470,Yuga Labs,yuga.com,BROAD,Bored Apes,5M+ NFT,Private $4B,"LA NFT",NFT gaming
3471,Otherside,otherside.xyz,BROAD,Otherside,5M+ waitlist,Yuga Labs subsidiary,"LA metaverse",Yuga metaverse
3472,CryptoKitties,cryptokitties.co,BROAD,CryptoKitties,5M+,Dapper Labs subsidiary,"Vancouver NFT",Original NFT game
3473,Decentraland,decentraland.org,BROAD,Decentraland,5M+,Foundation,"Argentina metaverse",Metaverse platform
3474,Splinterlands,splinterlands.com,ADJACENT,Splinterlands,5M+,Private,"Card game blockchain",Blockchain TCG
3475,Alien Worlds,alienworlds.io,BROAD,Alien Worlds,5M+,Private,"Blockchain mining",P2E mining game
3476,Thetan Arena,thetanarena.com,BROAD,Thetan Arena,20M+,Private,"Vietnam MOBA",Blockchain MOBA
3477,Mir4,mir4global.com,BROAD,Mir4,50M+,Wemade subsidiary,"Seoul blockchain MMO",Blockchain MMORPG
3478,Wemade Platform,wemix.com,BROAD,WEMIX platform,30M+,Wemade subsidiary,"Seoul blockchain",Blockchain gaming platform
3479,Netmarble F&C,netmarble.com,BROAD,Netmarble blockchain,20M+,Public (KRX: 251270),"Seoul blockchain",NFT gaming division
3480,Com2Us Xterio,com2us.com,BROAD,Xterio platform,10M+,Public (KOSDAQ),"Seoul blockchain",Blockchain gaming
3481,Klaytn Games,klaytn.foundation,BROAD,Klaytn platform,30M+,Kakao subsidiary,"Seoul blockchain",Korean blockchain
3482,LINE Blockchain,blockchain.line.me,BROAD,LINE NFT,20M+,LINE subsidiary,"Tokyo blockchain",LINE blockchain gaming
3483,Azerion,azerion.com,BROAD,Various casual,500M+ total,Public (AMS: AZRN),"Amsterdam platform",Casual gaming platform
3484,Azerion Habbo,azerion.com,BROAD,Habbo Hotel,200M+ total,Public (AMS: AZRN),"Amsterdam social",Habbo Hotel
3485,Azerion Woozworld,azerion.com,BROAD,Woozworld,50M+,Public (AMS: AZRN),"Amsterdam social",Virtual world
3486,Azerion Stardoll,azerion.com,BROAD,Stardoll,50M+,Public (AMS: AZRN),"Amsterdam fashion",Fashion virtual world
3487,Sulake,sulake.com,BROAD,Habbo developer,200M+,Azerion acquired,"Helsinki social",Habbo developer
3488,Stillfront Group,stillfront.com,BROAD,Various mobile,500M+ total,Public (STO: SF),"Stockholm gaming group",Gaming holding
3489,Stillfront Storm8,stillfront.com,BROAD,Storm8 portfolio,1B+ total,Public (STO: SF),"Stockholm casual",Storm8 acquired
3490,Stillfront Goodgame,stillfront.com,BROAD,Goodgame portfolio,200M+,Public (STO: SF),"Hamburg strategy",Goodgame Studios
3491,Stillfront Kixeye,stillfront.com,BROAD,Kixeye portfolio,100M+,Public (STO: SF),"San Francisco strategy",Kixeye acquired
3492,Stillfront Candywriter,stillfront.com,BROAD,BitLife,100M+,Public (STO: SF),"Miami simulation",BitLife developer
3493,Candywriter,candywriter.com,BROAD,BitLife,100M+,Stillfront subsidiary,"Miami life sim",BitLife creator
3494,Candywriter DogLife,candywriter.com,BROAD,DogLife,50M+,Stillfront subsidiary,"Miami pet sim",DogLife
3495,Candywriter CatLife,candywriter.com,BROAD,CatLife,30M+,Stillfront subsidiary,"Miami pet sim",CatLife
3496,Stillfront Moonfrog,stillfront.com,BROAD,Moonfrog portfolio,100M+,Public (STO: SF),"Bangalore board",Moonfrog acquired
3497,Stillfront Super Free,stillfront.com,BROAD,Super Free portfolio,50M+,Public (STO: SF),"London merge",Super Free Games
3498,Super Free Games,superfreegames.com,ADJACENT,Merge Mayor,50M+,Stillfront subsidiary,"London merge puzzle",Merge Mayor
3499,Goodgame Studios,goodgamestudios.com,BROAD,Empire Four Kingdoms,100M+,Stillfront subsidiary,"Hamburg strategy",Empire Four Kingdoms
3500,Goodgame Big Farm,goodgamestudios.com,BROAD,Big Farm Mobile,50M+,Stillfront subsidiary,"Hamburg farming",Big Farm
3501,Kixeye,kixeye.com,BROAD,War Commander,50M+,Stillfront subsidiary,"San Francisco strategy",War Commander
3502,Kixeye Vega,kixeye.com,BROAD,Vega Conflict,30M+,Stillfront subsidiary,"San Francisco space",Space strategy
3503,Imperia Online,imperiaonline.com,BROAD,Imperia Online,50M+,Stillfront subsidiary,"Sofia Bulgaria strategy",Medieval strategy
3504,eRepublik,erepublik.com,BROAD,eRepublik,20M+,Stillfront subsidiary,"Dublin political sim",Political strategy
3505,Playa Games,playa-games.com,BROAD,Shakes Fidget,30M+,Stillfront subsidiary,"Hamburg RPG",Browser RPG
3506,Bytro Labs,bytro.com,BROAD,Call of War,30M+,Stillfront subsidiary,"Hamburg strategy",Strategy developer
3507,Sandbox Interactive,sandbox-interactive.com,BROAD,Albion Online,20M+,Stillfront subsidiary,"Berlin sandbox MMO",Albion Online
3508,IUGO,iugo.com,BROAD,Puzzle games,30M+ total,Stillfront subsidiary,"Vancouver puzzle",Puzzle developer
3509,Nanobit,nanobit.com,BROAD,Hollywood Story,50M+,Stillfront subsidiary,"Zagreb narrative",Narrative games
3510,Donut Games,donutgames.com,BROAD,Donut games,100M+ total,Private,"Copenhagen casual",Danish casual games
3511,Halfbrick,halfbrick.com,BROAD,Fruit Ninja,1B+,Private,"Brisbane Australia arcade",Fruit Ninja creator
3512,Halfbrick Jetpack,halfbrick.com,BROAD,Jetpack Joyride,800M+,Private,"Brisbane endless",Jetpack Joyride
3513,Halfbrick Dan,halfbrick.com,BROAD,Dan the Man,50M+,Private,"Brisbane action",Dan the Man
3514,Halfbrick Bears,halfbrick.com,BROAD,Bears vs Art,20M+,Private,"Brisbane puzzle",Bears vs Art
3515,Neon Play,neonplay.com,BROAD,Paper Toss,100M+,Private,"UK casual",Paper Toss
3516,Backflip Studios,backflipstudios.com,BROAD,Paper Toss,100M+,Hasbro acquired,"Boulder CO casual",Paper Toss creator
3517,Backflip DragonVale,backflipstudios.com,BROAD,DragonVale,100M+,Hasbro acquired,"Boulder dragon breeding",DragonVale
3518,Backflip NinJump,backflipstudios.com,BROAD,NinJump,50M+,Hasbro acquired,"Boulder endless",NinJump
3519,Hasbro Gaming,hasbro.com,BROAD,Hasbro games,300M+ total,Public (NASDAQ: HAS),"Pawtucket licensed",Hasbro mobile
3520,Hasbro Transformers,hasbro.com,BROAD,Transformers games,100M+,Public (NASDAQ: HAS),"Pawtucket robots",Transformers IP
3521,Hasbro My Little Pony,hasbro.com,BROAD,MLP games,100M+,Public (NASDAQ: HAS),"Pawtucket ponies",My Little Pony IP
3522,Hasbro Nerf,hasbro.com,BROAD,Nerf games,50M+,Public (NASDAQ: HAS),"Pawtucket action",Nerf IP games
3523,Mattel163,mattel163.com,BROAD,UNO!,200M+,Mattel/NetEase JV,"Mattel games",UNO mobile
3524,Mattel Games,mattel.com,BROAD,Various games,200M+ total,Public (NASDAQ: MAT),"El Segundo games",Mattel IP games
3525,Mattel Barbie,mattel.com,BROAD,Barbie games,100M+,Public (NASDAQ: MAT),"El Segundo fashion",Barbie games
3526,Mattel Hot Wheels,mattel.com,BROAD,Hot Wheels games,100M+,Public (NASDAQ: MAT),"El Segundo racing",Hot Wheels games
3527,Spin Master,spinmaster.com,BROAD,Various kids,200M+ total,Public (TSX: TOY),"Toronto toys/games",Spin Master games
3528,Spin Master Mighty,spinmaster.com,BROAD,Mighty Express,30M+,Public (TSX: TOY),"Toronto kids",Mighty Express app
3529,Funko,funko.com,BROAD,Funko games,30M+ total,Public (NASDAQ: FNKO),"Everett WA pop culture",Funko Pop games
3530,Build-A-Bear,buildabear.com,BROAD,BAB games,20M+ total,Public (NYSE: BBW),"St. Louis bears",Build-A-Bear games
3531,webkinz,webkinz.com,BROAD,Webkinz,50M+,Ganz subsidiary,"Toronto virtual pets",Webkinz games
3532,Club Penguin,clubpenguin.com,BROAD,Club Penguin,200M+ total,Disney subsidiary (closed),"Kelowna virtual world",Club Penguin
3533,Animal Jam,animaljam.com,BROAD,Animal Jam,100M+,WildWorks subsidiary,"Salt Lake City virtual",Animal Jam
3534,WildWorks,wildworks.com,BROAD,Animal Jam dev,100M+,Private,"Salt Lake City virtual world",Animal Jam developer
3535,MStar,mstar.com,BROAD,MovieStarPlanet,100M+,Private,"Denmark social",MovieStarPlanet
3536,MovieStarPlanet,moviestarplanet.com,BROAD,MSP,100M+,MStar subsidiary,"Copenhagen social",Virtual world
3537,Roblox Studio,create.roblox.com,BROAD,Roblox UGC,600M+ platform,Roblox subsidiary,"San Mateo UGC tools",Roblox creation
3538,Rec Room Inc,recroom.com,BROAD,Rec Room,100M+,$145M funding,"Seattle social VR",Social VR platform
3539,VRChat Inc,vrchat.com,BROAD,VRChat,40M+,$80M funding,"SF social VR",Social VR platform
3540,Horizon Worlds,meta.com,BROAD,Horizon Worlds,20M+,Meta subsidiary,"Menlo Park metaverse",Meta metaverse
3541,Rōblox,robox.io,BROAD,Rōblox dev,600M+ supported,Platform developer,"Game development",Roblox game devs
3542,Core,coregames.com,BROAD,Core platform,10M+,Manticore Games,"San Mateo UGC platform",UGC gaming platform
3543,Manticore Games,manticoregames.com,BROAD,Core,10M+,$100M funding,"San Mateo UGC",Core developer
3544,Crayta,crayta.com,BROAD,Crayta,5M+,Unit 2 Games (closed),"Leamington UGC",UGC platform
3545,Dreams PS,mediamolecule.com,BROAD,Dreams,5M+,PlayStation Studios,"Guildford creation",Dreams platform
3546,Mario Maker,nintendo.com,BROAD,Mario Maker,10M+,Nintendo subsidiary,"Kyoto UGC levels",Nintendo UGC
3547,LittleBigPlanet,littlebigplanet.com,BROAD,LBP series,30M+,PlayStation Studios,"Guildford UGC",LBP franchise
3548,Growtopia,growtopiagame.com,BROAD,Growtopia,50M+,Ubisoft acquired,"Social sandbox",Growtopia
3549,Ubisoft Growtopia,ubisoft.com,BROAD,Growtopia,50M+,Public (EPA: UBI),"Paris sandbox",Growtopia publisher
3550,Pixel Worlds,pixelworldsgame.com,BROAD,Pixel Worlds,30M+,Kukouri Mobile,"Finland sandbox",2D sandbox
3551,Kukouri,kukouri.com,BROAD,Pixel Worlds dev,30M+,Private,"Helsinki sandbox",Pixel Worlds developer
3552,Trove,trionworlds.com,BROAD,Trove,30M+,Gamigo subsidiary,"Redwood City voxel",Voxel MMO
3553,Gamigo Trove,gamigo.com,BROAD,Trove publisher,30M+,MGI subsidiary,"Hamburg MMO",Trove publisher
3554,ArcheAge,archeagegame.com,BROAD,ArcheAge,30M+,Kakao Games published,"Seoul sandbox MMO",ArcheAge publisher
3555,Creativerse,creativerse.com,BROAD,Creativerse,20M+,Playful Studios,"Dallas voxel",Voxel sandbox
3556,Hytale,hytale.com,BROAD,Hytale,50M+ waitlist,Riot Games acquired,"Derry Ireland sandbox",Minecraft competitor
3557,Hypixel Studios,hypixelstudios.com,BROAD,Hytale dev,50M+ waitlist,Riot subsidiary,"London sandbox",Hytale developer
3558,Eaglercraft,eaglercraft.com,BROAD,Eagler MC,20M+,Community project,"Minecraft browser",MC browser version
3559,Minetest,minetest.net,BROAD,Minetest,20M+,Open source,"Open source voxel",FOSS Minecraft-like
3560,Vintage Story,vintagestory.at,BROAD,Vintage Story,5M+,Private,"Austria survival",Survival sandbox
3561,Valheim,valheimgame.com,BROAD,Valheim,15M+,Iron Gate Studio,"Gothenburg survival",Viking survival
3562,Iron Gate,irongatestudio.se,BROAD,Valheim dev,15M+,Private,"Gothenburg survival dev",Valheim developer
3563,Coffee Stain Valheim,coffeestain.com,BROAD,Valheim publisher,15M+,Embracer subsidiary,"Skövde publisher",Valheim publisher
3564,Enshrouded,enshrouded.com,BROAD,Enshrouded,5M+,Keen Games,"Frankfurt survival",Survival action RPG
3565,Keen Games,keengames.com,BROAD,Enshrouded dev,5M+,Private,"Frankfurt survival dev",Enshrouded developer
3566,Nightingale,nightingame.com,BROAD,Nightingale,5M+,Inflexion Games,"Edmonton survival",Survival crafting
3567,Inflexion Games,inflexion.io,BROAD,Nightingale dev,5M+,Private,"Edmonton survival",Nightingale developer
3568,Icarus,icarus.gg,BROAD,Icarus,5M+,RocketWerkz,"Auckland survival",Survival sci-fi
3569,RocketWerkz,rocketwerkz.com,BROAD,Icarus dev,5M+,Private,"Auckland survival",Icarus developer
3570,Sons Forest,sonsoftheforestgame.com,BROAD,Sons of Forest,5M+,Endnight Games,"BC Canada horror survival",Forest sequel
3571,Endnight Games,endnightgames.com,BROAD,The Forest,20M+,Private,"BC Canada horror survival",The Forest developer
3572,Raft,raft-game.com,BROAD,Raft,15M+,Redbeet Interactive,"Skövde survival",Ocean survival
3573,Redbeet Interactive,redbeetinteractive.com,BROAD,Raft dev,15M+,Private,"Skövde Sweden survival",Raft developer
3574,Axolot Games,axolotgames.com,BROAD,Raft publisher,15M+,Private,"Sweden publishing",Raft publisher
3575,Dredge,dredge.game,BROAD,Dredge,5M+,Black Salt Games,"Wellington fishing",Fishing horror
3576,Black Salt Games,blacksaltgames.com,BROAD,Dredge dev,5M+,Private,"Wellington NZ",Dredge developer
3577,Dave the Diver,mintrocket.net,BROAD,Dave the Diver,10M+,Mintrocket subsidiary,"Seoul diving",Diving restaurant
3578,Mintrocket,mintrocket.net,BROAD,Dave Diver dev,10M+,Nexon subsidiary,"Seoul indie label",Nexon indie
3579,Palworld,pocketpair.jp,BROAD,Palworld,25M+,Pocketpair,"Tokyo creature collecting",Creature survival
3580,Pocketpair,pocketpair.jp,BROAD,Palworld dev,25M+,Private,"Tokyo developer",Palworld developer
3581,Lethal Company,lethalcompany.com,BROAD,Lethal Company,10M+,Zeekerss,"Solo dev horror",Horror coop
3582,Zeekerss,zeekerss.com,BROAD,Lethal Company dev,10M+,Solo developer,"Solo horror",Lethal Company creator
3583,Content Warning,landfall.se,BROAD,Content Warning,5M+,Landfall Games,"Stockholm horror comedy",Viral horror
3584,Landfall,landfall.se,BROAD,TABS,20M+,Private,"Stockholm physics comedy",Totally Accurate Battle
3585,Landfall Stick,landfall.se,BROAD,Stick Fight,20M+,Private,"Stockholm fighting",Stick Fight
3586,Bonelab,stresslevelzero.com,BROAD,Bonelab VR,5M+,Stress Level Zero,"California VR",VR physics
3587,Stress Level Zero,stresslevelzero.com,BROAD,Boneworks VR,5M+,Private,"California VR",VR physics sandbox
3588,Into the Radius,intotherad.com,BROAD,Into Radius VR,5M+,CM Games,"Ukraine VR",VR survival
3589,CM Games,cm-games.net,BROAD,Into Radius dev,5M+,Private,"Ukraine VR developer",VR survival developer
3590,Blade & Sorcery,warpfrog.com,BROAD,Blade Sorcery VR,5M+,WarpFrog,"France VR",VR medieval combat
3591,WarpFrog,warpfrog.com,BROAD,Blade Sorcery dev,5M+,Private,"France VR developer",VR combat developer
3592,Population One,bigboxvr.com,BROAD,Population One VR,5M+,Meta acquired,"Seattle VR BR",VR battle royale
3593,BigBox VR,bigboxvr.com,BROAD,Pop One dev,5M+,Meta subsidiary,"Seattle VR",VR BR developer
3594,Gorilla Tag,gorillatag.com,BROAD,Gorilla Tag VR,10M+,Another Axiom,"Kentucky VR",VR movement game
3595,Another Axiom,anotheraxiom.com,BROAD,Gorilla Tag dev,10M+,Private,"Kentucky VR","Gorilla Tag creator
3596,Walkabout Mini Golf,mightycoco.com,BROAD,Walkabout VR,5M+,Mighty Coconut,"Austin VR golf",VR mini golf
3597,Mighty Coconut,mightycoco.com,BROAD,Walkabout dev,5M+,Private,"Austin VR developer",VR golf developer
3598,Demeo VR,resolutiongames.com,BROAD,Demeo VR,10M+,Resolution Games,"Stockholm VR tabletop",VR board game
3599,Resolution Angry,resolutiongames.com,BROAD,Angry Birds VR,5M+,Private,"Stockholm VR",Angry Birds VR
3600,Eleven Table Tennis,forfunlabs.com,BROAD,Eleven TT VR,5M+,For Fun Labs,"Romania VR",VR table tennis
3601,For Fun Labs,forfunlabs.com,BROAD,Eleven TT dev,5M+,Private,"Romania VR",VR ping pong developer
3602,Synth Riders VR,synthridersvr.com,BROAD,Synth Riders,5M+,Kluge Interactive,"Czech VR rhythm",VR rhythm game
3603,Kluge Interactive,kluge.cz,BROAD,Synth Riders dev,5M+,Private,"Czech VR developer",VR rhythm developer
3604,Ragnarock VR,ragnarockgame.com,BROAD,Ragnarock,5M+,WanadevStudio,"France VR rhythm",VR Viking rhythm
3605,WanadevStudio,wanadev.fr,BROAD,Ragnarock dev,5M+,Private,"Lyon VR developer",VR rhythm developer
3606,Audioshield,dyllanfikes.com,BROAD,Audioshield VR,5M+,Dylan Fikes,"Seattle VR rhythm",VR shield rhythm
3607,Audio Trip,kinemotik.com,BROAD,Audio Trip VR,5M+,Kinemotik Studios,"California VR",VR dance rhythm
3608,Kinemotik,kinemotik.com,BROAD,Audio Trip dev,5M+,Private,"California VR developer",VR dance developer
3609,OhShape,odders.io,BROAD,OhShape VR,5M+,Odders Lab,"Spain VR fitness",VR fitness rhythm
3610,Odders Lab,odders.io,BROAD,OhShape dev,5M+,Private,"Madrid VR developer",VR fitness developer
3611,BoxVR,fitxr.com,BROAD,FitXR VR,5M+,FitXR,"London VR boxing",VR boxing fitness
3612,FitXR,fitxr.com,BROAD,FitXR platform,5M+,Private,"London VR fitness",VR fitness platform
3613,Les Mills Bodycombat,lesmills.com,BROAD,Bodycombat VR,5M+,Les Mills/Meta,"Auckland VR fitness",VR fitness workout
3614,Liteboxer,liteboxer.com,BROAD,Liteboxer VR,5M+,Private,"Boston VR boxing",VR boxing
3615,Holofit,holodia.com,BROAD,Holofit VR,5M+,Holodia,"Switzerland VR fitness",VR cardio fitness
3616,Holodia,holodia.com,BROAD,Holofit dev,5M+,Private,"Switzerland VR",VR fitness developer
3617,Thrill Seeker,thrillseekervr.com,BROAD,Thrill Seeker,5M+,Private,"VR arcade",VR arcade experiences
3618,Zero Latency,zerolatencyvr.com,BROAD,Zero Latency,5M+ players,Private,"Melbourne VR arena",VR arena gaming
3619,Sandbox VR,sandboxvr.com,BROAD,Sandbox VR,5M+ players,Private,"Hong Kong VR arena",VR entertainment
3620,The VOID,thevoid.com,BROAD,VOID VR,5M+ players,Private (closed),"Utah VR attraction",VR attraction
3621,Dreamscape Immersive,dreamscapeimmersive.com,BROAD,Dreamscape,5M+,Private,"LA VR entertainment",VR entertainment
3622,IMAX VR,imax.com,BROAD,IMAX VR,5M+,IMAX subsidiary (closed),"LA VR cinema",VR cinema experience
3623,Nomadic,nomadic.world,BROAD,Nomadic VR,5M+,Private,"Arizona VR",VR experiences
3624,Tyffon,tyffon.com,BROAD,Corridor VR,5M+,Private,"Japan VR",VR attractions
3625,Illuminarium,illuminarium.com,BROAD,Illuminarium,5M+,Private,"Atlanta immersive",Immersive entertainment
3626,Meow Wolf,meowwolf.com,BROAD,Meow Wolf,5M+,Private,"Santa Fe immersive",Immersive art
3627,teamLab,teamlab.art,BROAD,teamLab,10M+,Private,"Tokyo digital art",Digital art experience
3628,Moment Factory,momentfactory.com,BROAD,Moment Factory,10M+,Private,"Montreal immersive",Immersive multimedia
3629,Superblue,superblue.com,BROAD,Superblue,5M+,Private,"Miami immersive",Experiential art
3630,Artechouse,artechouse.com,BROAD,Artechouse,5M+,Private,"Washington DC",Digital art space
3631,Museum of Ice Cream,museumoficecream.com,BROAD,MOIC,5M+,Private,"NYC experiential",Experiential museum
3632,Color Factory,colorfactory.co,BROAD,Color Factory,5M+,Private,"NYC experiential",Interactive art
3633,Candytopia,candytopia.com,BROAD,Candytopia,5M+,Private,"LA experiential",Candy experience
3634,29Rooms,refinery29.com,BROAD,29Rooms,5M+,Vice acquired,"NYC experiential",Interactive rooms
3635,Sleep No More,sleepnomore.com,BROAD,Sleep No More,5M+,Punchdrunk,"NYC immersive theater",Immersive theater
3636,Punchdrunk,punchdrunk.com,BROAD,Punchdrunk shows,5M+,Private,"London immersive",Immersive theater
3637,Secret Cinema,secretcinema.org,BROAD,Secret Cinema,5M+,Private,"London immersive",Immersive cinema
3638,Escape Hunt,escapehunt.com,BROAD,Escape Hunt,10M+,Public (LSE: ESC),"London escape rooms",Escape room chain
3639,EXIT The Game,exitthegame.kosmos.de,BROAD,EXIT games,50M+,Kosmos Verlag,"Stuttgart escape",Escape room board games
3640,Kosmos Verlag,kosmos.de,BROAD,EXIT publisher,50M+,Private,"Stuttgart board games",Board game publisher
3641,Unlock! Games,spacecowboys.fr,BROAD,Unlock! series,30M+,Space Cowboys,"France escape cards",Escape card games
3642,Space Cowboys,spacecowboys.fr,BROAD,Unlock! publisher,30M+,Asmodee subsidiary,"France board games",Board game publisher
3643,Asmodee Digital,asmodee.net,BROAD,Digital board,100M+ total,Embracer subsidiary,"Paris digital board",Digital board games
3644,Days of Wonder,daysofwonder.com,BROAD,Ticket to Ride,50M+,Asmodee subsidiary,"Los Altos board",Board games digital
3645,Catan Studio,catan.com,BROAD,Catan Universe,30M+,Asmodee subsidiary,"Germany strategy board",Catan digital
3646,Fantasy Flight,fantasyflightgames.com,BROAD,FFG digital,20M+ total,Asmodee subsidiary,"Minnesota board games",FFG digital games
3647,Dire Wolf Digital,direwolfdigital.com,ADJACENT,Eternal CCG,10M+,Private,"Denver card games",Card game developer
3648,Dire Wolf Dune,direwolfdigital.com,BROAD,Dune Imperium,5M+,Private,"Denver board/digital",Dune Imperium digital
3649,Dire Wolf Pokemon,direwolfdigital.com,ADJACENT,Pokemon TCG Live,30M+,Private,"Denver card games",Pokemon TCG developer
3650,Pokemon Company,pokemon.com,ADJACENT,Pokemon TCG Live,50M+,Nintendo/Creatures JV,"Tokyo Pokemon",Pokemon TCG
3651,Pokemon GO,pokemongo.com,BROAD,Pokemon GO,1B+,Niantic subsidiary,"SF AR Pokemon",Pokemon GO
3652,Pokemon Masters,pokemon.com,ADJACENT,Pokemon Masters,50M+,DeNA partnership,"Tokyo gacha",Pokemon gacha
3653,Pokemon Unite,pokemonunite.pokemon.com,BROAD,Pokemon Unite,100M+,TiMi partnership,"Shenzhen MOBA",Pokemon MOBA
3654,Pokemon Sleep,pokemon.com,BROAD,Pokemon Sleep,20M+,SELECT BUTTON partnership,"Tokyo sleep tracking",Sleep gamification
3655,Pokemon Cafe,pokemon.com,BROAD,Pokemon Cafe Mix,30M+,Genius Sonority partnership,"Tokyo puzzle",Pokemon puzzle
3656,Pokemon Smile,pokemon.com,BROAD,Pokemon Smile,10M+,Pokemon Company,"Tokyo kids dental",Dental gamification
3657,Pokemon Quest,pokemon.com,BROAD,Pokemon Quest,10M+,GAME FREAK partnership,"Tokyo adventure",Pokemon adventure
3658,Pokemon Home,pokemon.com,BROAD,Pokemon Home,50M+,ILCA partnership,"Tokyo cloud storage",Pokemon cloud
3659,Creatures Inc,pokemon.com,BROAD,Pokemon dev,2B+ franchise,Nintendo subsidiary,"Tokyo Pokemon",Pokemon developer
3660,GAME FREAK,gamefreak.co.jp,BROAD,Pokemon dev,2B+ franchise,Nintendo partner,"Tokyo RPG",Pokemon game developer
3661,HAL Laboratory,hallab.co.jp,BROAD,Kirby series,50M+,Nintendo subsidiary,"Tokyo platformer",Kirby developer
3662,Intelligent Systems,intsys.co.jp,ADJACENT,Fire Emblem,100M+,Nintendo subsidiary,"Kyoto strategy",Fire Emblem developer
3663,Monolith Soft,monolithsoft.co.jp,BROAD,Xenoblade,30M+,Nintendo subsidiary,"Tokyo RPG",Xenoblade developer
3664,Next Level Games,nxtlvl.com,BROAD,Luigi's Mansion,20M+,Nintendo subsidiary,"Vancouver action",Luigi's Mansion dev
3665,Retro Studios,retrostudios.com,BROAD,Metroid Prime,10M+,Nintendo subsidiary,"Austin action",Metroid Prime developer
3666,Camelot Software,camelot.co.jp,BROAD,Mario Tennis,30M+,Nintendo partner,"Tokyo sports",Mario sports developer
3667,nd cube,ndcube.co.jp,BROAD,Mario Party,30M+,Nintendo subsidiary,"Tokyo party games",Mario Party developer
3668,Good-Feel,good-feel.co.jp,BROAD,Yoshi's Crafted,20M+,Nintendo partner,"Tokyo platformer",Yoshi developer
3669,Grezzo,grezzo.co.jp,BROAD,Zelda remakes,30M+,Nintendo partner,"Tokyo remakes",Zelda remake developer
3670,1-UP Studio,1-up-studio.jp,BROAD,Various Nintendo,50M+ supported,Nintendo subsidiary,"Tokyo support",Nintendo support studio
3671,Nintendo EPD Tokyo,nintendo.com,BROAD,Tokyo EPD,500M+ total,Nintendo internal,"Tokyo first party",Nintendo internal
3672,Nintendo EPD Kyoto,nintendo.com,BROAD,Kyoto EPD,500M+ total,Nintendo internal,"Kyoto first party",Nintendo internal
3673,Marvelous,marv.jp,BROAD,Story of Seasons,30M+,Public (TYO: 7844),"Tokyo farming",Harvest Moon/SoS
3674,Marvelous Rune,marv.jp,BROAD,Rune Factory,10M+,Public (TYO: 7844),"Tokyo action RPG",Rune Factory
3675,XSEED Games,xseedgames.com,BROAD,XSEED localization,100M+ total,Marvelous subsidiary,"Torrance localization",Localization publisher
3676,NIS America,nisamerica.com,ADJACENT,Disgaea series,30M+,NIS subsidiary,"Santa Ana localization",JRPG localization
3677,Nippon Ichi Software,nippon1.co.jp,ADJACENT,Disgaea,30M+,Public (TYO: 3851),"Gifu Japan SRPG",Disgaea developer
3678,Falcom,falcom.co.jp,ADJACENT,Ys series,30M+,Public (TYO: 3723),"Tokyo action RPG",Ys/Trails developer
3679,Nihon Falcom,falcom.co.jp,ADJACENT,Trails series,30M+,Public (TYO: 3723),"Tokyo JRPG",Trails series
3680,Compile Heart,compileheart.com,ADJACENT,Neptunia,20M+,Idea Factory subsidiary,"Tokyo RPG",Neptunia developer
3681,Idea Factory,ideafactory.co.jp,ADJACENT,Neptunia franchise,30M+,Private,"Tokyo visual novels",Visual novel publisher
3682,Aksys Games,aksysgames.com,ADJACENT,Otome localization,30M+ total,Private,"Torrance localization",Otome localization
3683,Spike Chunsoft,spike-chunsoft.co.jp,ADJACENT,Danganronpa,20M+,Private,"Tokyo visual novel",Danganronpa developer
3684,Spike Chunsoft DR,spike-chunsoft.co.jp,ADJACENT,DR franchise,20M+,Private,"Tokyo mystery VN",DR franchise
3685,Spike Chunsoft Zero,spike-chunsoft.co.jp,ADJACENT,Zero Escape,10M+,Private,"Tokyo puzzle VN",Zero Escape
3686,Vanillaware,vanillaware.co.jp,ADJACENT,13 Sentinels,5M+,Atlus partner,"Osaka 2D RPG",13 Sentinels dev
3687,Atlus,atlus.com,ADJACENT,Persona series,50M+,SEGA subsidiary,"Tokyo RPG",Persona developer
3688,Atlus P5,atlus.com,ADJACENT,Persona 5,20M+,SEGA subsidiary,"Tokyo JRPG",Persona 5
3689,Atlus SMT,atlus.com,ADJACENT,SMT series,30M+,SEGA subsidiary,"Tokyo RPG",SMT developer
3690,PlatinumGames,platinumgames.com,BROAD,Bayonetta,20M+,Private,"Osaka action",Bayonetta developer
3691,PlatinumGames Nier,platinumgames.com,ADJACENT,Nier Automata,10M+,Square Enix partner,"Osaka action RPG",Nier Automata dev
3692,PlatinumGames Wonderful,platinumgames.com,BROAD,Wonderful 101,5M+,Private,"Osaka action",Wonderful 101
3693,FromSoftware,fromsoftware.jp,BROAD,Elden Ring,25M+,Kadokawa subsidiary,"Tokyo action RPG",Elden Ring dev
3694,FromSoftware Souls,fromsoftware.jp,BROAD,Dark Souls,30M+,Kadokawa subsidiary,"Tokyo souls-like",Dark Souls
3695,FromSoftware Sekiro,fromsoftware.jp,BROAD,Sekiro,10M+,Kadokawa subsidiary,"Tokyo action",Sekiro dev
3696,FromSoftware Armored,fromsoftware.jp,BROAD,Armored Core 6,10M+,Kadokawa subsidiary,"Tokyo mech",Armored Core 6
3697,Bandai Namco FromSoft,bandainamcoent.com,BROAD,FromSoft publisher,60M+ total,Public (TYO: 7832),"Tokyo publisher",FromSoft publisher
3698,Level-5,level5.co.jp,BROAD,Ni no Kuni,30M+,Private,"Fukuoka RPG",Ni no Kuni developer
3699,Level-5 Yokai,level5.co.jp,BROAD,Yokai Watch,20M+,Private,"Fukuoka creature",Yokai Watch
3700,Level-5 Layton,level5.co.jp,ADJACENT,Professor Layton,30M+,Private,"Fukuoka puzzle",Layton series
3701,Level-5 Inazuma,level5.co.jp,BROAD,Inazuma Eleven,20M+,Private,"Fukuoka soccer",Inazuma Eleven
3702,Grasshopper Manufacture,grasshopper.co.jp,BROAD,No More Heroes,10M+,NetEase acquired,"Tokyo action",No More Heroes
3703,Grasshopper Travis,grasshopper.co.jp,BROAD,Travis Strikes,10M+,NetEase acquired,"Tokyo action",Travis Strikes Again
3704,Tango Gameworks,tangogameworks.com,BROAD,Evil Within,20M+,Microsoft subsidiary closed,"Tokyo horror",Evil Within dev
3705,Tango Hi-Fi,tangogameworks.com,BROAD,Hi-Fi Rush,10M+,Microsoft subsidiary closed,"Tokyo rhythm action",Hi-Fi Rush
3706,XGame Global,xgameglobal.com,BROAD,Tik Tap Challenge,9M+,VC-backed,Arcade games publisher,Tik Tap Challenge viral
3707,Qookka Games,qookkagames.com,ADJACENT,Tree of Savior: Neverland,2.6M+,Alibaba subsidiary,Anime MMORPG,Tree of Savior mobile
3708,The Pokémon Company,pokemon.com,BROAD,Pokémon TCG Pocket,50M+,Nintendo/Creatures/GF,$216M revenue,Pokemon card game mobile
3709,Level Infinite,levelinfinite.com,ADJACENT,Age of Empires Mobile,10M+,Tencent publishing,Global game publisher,$10.7M month
3710,HABBY,habby.com,BROAD,Capybara Go!,9M+,VC-backed,Archero creator,$32.8M IAP revenue
3711,IndusGames,superplus.io,BROAD,Indus Battle Royale,5M+,VC-backed,Indian battle royale,Made in India BR
3712,Bus Out Games,busoutgame.com,BROAD,Bus Out,10M+,VC-backed,Puzzle parking games,Viral parking puzzle
3713,Interesting Games,im30.net,WHITEOUT SIMILAR,Last Empire War Z,20M+,VC-backed,Zombie strategy,Empire War Z creator
3714,Athena Studio,athena.studio,BROAD,Woody Puzzle,50M+,VC-backed,Vietnamese puzzle studio,Woody franchise creator
3715,FirstFun,firstfun.com,WHITEOUT SIMILAR,Last War: Survival,50M+,VC-backed,#1 Dec 2024 revenue,Last War creator
3716,Hungry Studio,hungrystudio.com,BROAD,Block Blast!,367M+,VC-backed,#2 downloads Dec 2024,Block Blast creator
3717,HaoPlay,haoplay.com,ADJACENT,GIRLS' FRONTLINE 2,10M+,VC-backed,$29M launch revenue,Girls Frontline 2
3718,Paper Games,infoldgames.com,ADJACENT,Infinity Nikki,5.5M+,VC-backed,Love and Deepspace creator,Open world fashion
3719,Netflix Games,netflix.com/games,BROAD,Squid Game Unleashed,10M+,Netflix owned,Netflix mobile games,Squid Game mobile
3720,Pocket Gems,pocketgems.com,ADJACENT,War Dragons,20M+,Tencent invested,Episode creator,$8M/month revenue
3721,CyberAgent Games,cyberagent.co.jp,ADJACENT,Jujutsu Kaisen PP,8.3M+,Public company,$137M revenue,Anime mobile RPGs
3722,bilibili Games,bilibili.com,ADJACENT,Fate Grand Order CN,50M+,Public company,Chinese game publisher,FGO China publisher
3723,FreePlay Inc,freeplay-inc.com,BROAD,Count Masters,270M+,AIBY Group,2B+ total downloads,Snake Run Race creator
3724,h8games,h8games.com,BROAD,Helix Jump,514M+,VC-backed,Ukrainian studio,Helix Jump developer
3725,Ruby Game Studio,rubygamestudio.com,BROAD,Hunter Assassin,485M+,VC-backed,Turkish hypercasual,Hunter Assassin creator
3726,Good Job Games,goodjobgames.com,BROAD,Fun Race 3D,447M+,Acquired by Azur,Turkish studio,Color Bump 3D creator
3727,Garawell Games,garawellgames.com,BROAD,Bridge Race,437M+,VC-backed,Turkish hypercasual,Supersonic published
3728,Cassette LLC,cassettellc.com,BROAD,Aquapark.io,399M+,VC-backed,Armenian studio,Voodoo published
3729,Hypercell Games,hypercell.games,BROAD,SandBalls,342M+,VC-backed,Latvian studio,SayGames published
3730,Beresnev Games,beresnevgames.com,BROAD,Race Master,338M+,VC-backed,Racing games,SayGames published
3731,Game5Mobile,game5mobile.com,BROAD,Happy Glass,335M+,VC-backed,Indonesian studio,Lion Studios published
3732,Playgendary,playgendary.com,BROAD,Tank Stars,322M+,VC-backed,Belarusian unicorn,Kick the Buddy creator
3733,Falcon Game Studio,falcongamestudio.com,BROAD,Galaxy Attack,275M+,VC-backed,Vietnamese shooter,1945 Air Force 262M+
3734,Onesoft Global,onesoft.vn,BROAD,1945 Air Force,262M+,VC-backed,Vietnamese publisher,Falcon Games partner
3735,Crikey Games,crikey.co,BROAD,Phone Case DIY,260M+,VC-backed,Australian studio,CrazyLabs published
3736,Seenax,seenax.com,BROAD,Hide n Seek,256M+,VC-backed,Finnish studio,Supersonic published
3737,Pronetis Games,pronetisgames.com,BROAD,Going Balls,356M+,VC-backed,Romanian studio,Supersonic published
3738,Supersonic Studios,supersonic.com,BROAD,Bridge Race,437M+,Unity subsidiary,Israeli publisher,ironSource merged
3739,Kuro Games,kurogames.com,ADJACENT,Wuthering Waves,11.5M+,VC-backed,$317M revenue,Punishing Gray Raven
3740,KOG Studios,kog.co.kr,ADJACENT,GrandChase,20M+,Public company,Korean RPG pioneer,Elsword creator
3741,SHIFT UP,shiftup.co.kr,ADJACENT,NIKKE: Goddess Victory,30M+,Public company,$750M revenue,Stellar Blade creator
3742,Square Enix Mobile,square-enix.com,ADJACENT,FF Ever Crisis,10M+,Public company,$100M revenue,Final Fantasy mobile
3743,AppMagic,appmagic.rocks,BROAD,Industry data,5M+,VC-backed,Mobile game analytics,Top 50 game data
3744,Hipster Whale,hipsterwhale.com,BROAD,Crossy Road,200M+,VC-backed,Australian indie,Crossy Road creator
3745,Pablo Leban Games,idleslayer.com,BROAD,Idle Slayer,10M+,Independent,Solo dev success,100K+ 5-star reviews
3746,Yodo1,yodo1.com,BROAD,IP Licensing,100M+,VC-backed,Game publisher,Transformers crossovers
3747,Garena,garena.com,BROAD,Free Fire,1.76B+,Sea Limited,$5B+ revenue,Biggest BR mobile
3748,UC Browser Games,ucweb.com,BROAD,Mini Games Calm,26M+,Alibaba owned,Casual games,#1 downloads Oct 2024
3749,My Supermarket Games,mysupermarket3d.com,BROAD,Supermarket Sim 3D,59M+,VC-backed,Simulation games,#3 downloads 2024
3750,Identity V NetEase,identityv.163.com,ADJACENT,Identity V,98M+,NetEase,$1.07B revenue,Asymmetric survival
3751,Tencent Games,tencentgames.com,ADJACENT,Honor of Kings,100M+,Tencent,#1 mobile game 2024,$6.55B month market
3752,Sensor Tower,sensortower.com,BROAD,Data Analytics,N/A,VC-backed,Mobile intelligence,Top 50 game data
3753,Exabyte Games,exabytegames.com,WHITEOUT SIMILAR,Final Outpost,5M+,VC-backed,UK survival studio,Zombie base builder
3754,Outfit7,outfit7.com,BROAD,Talking Tom,18B+,Acquired,Slovenian unicorn,Talking Tom franchise
3755,Halfbrick Studios,halfbrick.com,BROAD,Fruit Ninja,1B+,VC-backed,Australian studio,Jetpack Joyride
3756,Imangi Studios,imangistudios.com,BROAD,Temple Run,1B+,Independent,US indie studio,Temple Run creator
3757,Kiloo,kiloo.com,BROAD,Subway Surfers,3B+,Acquired by Miniclip,Danish publisher,Endless runner pioneer
3758,Miniclip,miniclip.com,BROAD,8 Ball Pool,800M+,Tencent owned,UK publisher,Agar.io creator
3759,Nekki,nekki.com,BROAD,Shadow Fight,500M+,VC-backed,Russian studio,Shadow Fight series
3760,Seriously Entertainment,seriously.com,BROAD,Best Fiends,100M+,Rovio acquired,Finnish studio,Best Fiends creator
3761,Fireproof Games,fireproofgames.com,BROAD,The Room,50M+,Independent,UK puzzle studio,BAFTA award winner
3762,Mountains,mountains.studio,BROAD,Florence,5M+,Independent,Australian indie,Apple Design Award
3763,UsTwo Games,ustwogames.co.uk,BROAD,Monument Valley,50M+,Independent,UK studio,Apple Game of Year
3764,Simogo,simogo.com,BROAD,Sayonara Wild Hearts,5M+,Independent,Swedish indie,Apple Arcade launch
3765,11 bit studios Mobile,11bitstudios.com,ADJACENT,Frostpunk Mobile,5M+,Public company,Polish studio,This War of Mine
3766,Devolver Digital Mobile,devolverdigital.com,BROAD,Cult of the Lamb,5M+,VC-backed,US publisher,Indie darling publisher
3767,Raw Fury,rawfury.com,BROAD,Kingdom Two Crowns,10M+,VC-backed,Swedish publisher,Bad North creator
3768,Annapurna Interactive,annapurnainteractive.com,BROAD,Stray,10M+,Private,Premium publisher,Kentucky Route Zero
3769,thatgamecompany,thatgamecompany.com,BROAD,Sky Children Light,50M+,VC-backed,Journey creators,Apple Design Award
3770,Klei Entertainment,klei.com,BROAD,Don't Starve Pocket,10M+,Tencent invested,Canadian studio,Don't Starve series
3771,Iron Gate AB,irongatestudio.se,BROAD,Valheim,12M+,Coffee Stain,Swedish studio,Valheim phenomenon
3772,Coffee Stain Studios,coffeestainstudios.com,BROAD,Goat Simulator,10M+,Embracer Group,Swedish studio,Satisfactory creator
3773,Landfall Games,landfall.se,BROAD,Tabs,20M+,VC-backed,Swedish studio,Totally Accurate
3774,Unknown Worlds,unknownworlds.com,BROAD,Subnautica Mobile,5M+,VC-backed,US studio,Subnautica creator
3775,Ndemic Creations,ndemiccreations.com,ADJACENT,Plague Inc.,160M+,Independent,UK solo dev,After Inc zombie
3776,Big Blue Bubble,bigbluebubble.com,BROAD,My Singing Monsters,150M+,VC-backed,Canadian studio,Monster breeding
3777,Team Cherry,teamcherry.com.au,BROAD,Hollow Knight,5M+,Independent,Australian indie,Silksong anticipated
3778,Mobvoi,mobvoi.com,BROAD,TicWatch Games,10M+,Google invested,Chinese hardware,Wearable gaming
3779,RE Digital,redigital.com,BROAD,Car Parking Multi,100M+,VC-backed,Turkish studio,Parking simulation
3780,Olzhass Studios,olzhass.com,BROAD,Car Parking Multi,100M+,VC-backed,Kazakhstan studio,Parking games
3781,Tiramisu Studios,tiramisustudios.com,BROAD,Parking Multiplayer,50M+,VC-backed,Simulation games,Car parking mobile
3782,SayGames LTD,say.games,BROAD,Johnny Trigger,100M+,VC-backed,Belarusian publisher,Hybridcasual leader
3783,TapNation,tap-nation.io,BROAD,Giant Rush,50M+,VC-backed,French publisher,Hypercasual leader
3784,Homa Games,homagames.com,BROAD,Sky Roller,50M+,VC-backed,French publisher,AI-powered games
3785,Rollic Games,rollic.gs,BROAD,High Heels,100M+,Zynga acquired,Turkish studio,Go Knots 3D
3786,Green Panda Games,greenpandagames.com,BROAD,Sling Drift,50M+,VC-backed,French studio,Casual racing
3787,Amanotes,amanotes.com,BROAD,Tiles Hop,500M+,VC-backed,Vietnamese music,Magic Tiles 3 700M+
3788,Eyewind,eyewind.com,BROAD,Piano Tiles 2,1B+,Cheetah Mobile,Chinese music games,Rhythm game pioneer
3789,Gameguru,gameguru.com,BROAD,Truck Simulator,100M+,VC-backed,Turkish studio,World Truck Driving
3790,Maleo Entertainment,maleo.games,BROAD,BUSSID,100M+,Indonesian studio,Bus Simulator Indonesia
3791,Noodlecake Studios,noodlecake.com,BROAD,Alto's Odyssey,50M+,VC-backed,Canadian publisher,Alto's Adventure
3792,Butterscotch Shenanigans,bscotch.net,BROAD,Crashlands,5M+,Independent,US indie brothers,Levelhead creator
3793,Dodreams,dodreams.com,BROAD,Drive Ahead,50M+,VC-backed,Finnish studio,Crash battles
3794,Poki,poki.com,BROAD,Web Games Portal,100M+,VC-backed,Dutch publisher,Browser games
3795,CoolGames,coolgames.com,BROAD,Web Game Platform,50M+,VC-backed,Dutch studio,HTML5 games
3796,GameSnacks,gamesnacks.com,BROAD,Google Games,50M+,Google owned,Lite games platform,Emerging markets
3797,Softgames,softgames.com,BROAD,Solitaire,100M+,VC-backed,German publisher,HTML5 pioneer
3798,Blacknut,blacknut.com,BROAD,Cloud Gaming,10M+,VC-backed,French platform,Game streaming
3799,Hatch Entertainment,hatch.live,BROAD,Cloud Gaming,5M+,VC-backed,Finnish platform,Game streaming
3800,Playkey,playkey.net,BROAD,Cloud Gaming,5M+,VC-backed,Russian platform,Cloud games
3801,Antstream Arcade,antstream.com,BROAD,Retro Gaming,5M+,VC-backed,UK platform,Classic games
3802,Plex Arcade,plex.tv,BROAD,Retro Gaming,10M+,VC-backed,US platform,Media + games
3803,NVIDIA GeForce NOW,nvidia.com/geforce-now,BROAD,Cloud Gaming,25M+,NVIDIA,Cloud gaming leader,PC games on mobile
3804,Xbox Cloud Gaming,xbox.com/play,BROAD,Cloud Gaming,30M+,Microsoft,Game Pass Ultimate,Console on mobile
3805,PlayStation Now Mobile,playstation.com,BROAD,Cloud Gaming,20M+,Sony,PS games mobile,Cloud streaming
3806,Amazon Luna,amazon.com/luna,BROAD,Cloud Gaming,10M+,Amazon,Cloud platform,Prime Gaming
3807,Steam Link,steampowered.com,BROAD,PC to Mobile,50M+,Valve,Stream PC games,Mobile remote play
3808,Parsec,parsec.app,BROAD,Remote Gaming,10M+,Unity acquired,Low latency stream,Game streaming
3809,Shadow,shadow.tech,BROAD,Cloud PC,5M+,VC-backed,French platform,Cloud computing
3810,Paperspace,paperspace.com,BROAD,Cloud GPU,5M+,VC-backed,US platform,ML and gaming
3811,Tactile Games,tactilegames.com,BROAD,Lily's Garden,50M+,VC-backed,Danish studio,Narrative match-3
3812,Wooga,wooga.com,BROAD,June's Journey,30M+,Playtika acquired,German studio,Hidden object leader
3813,G5 Entertainment,g5e.com,BROAD,Hidden City,100M+,Public company,Swedish publisher,Hidden object games
3814,Big Fish Games,bigfishgames.com,BROAD,Big Fish Casino,50M+,Aristocrat,US publisher,Casual games pioneer
3815,GameHouse,gamehouse.com,BROAD,Delicious Emily,30M+,RealNetworks,US casual studio,Time management games
3816,Artifex Mundi,artifexmundi.com,BROAD,Grim Legends,20M+,Public company,Polish studio,Adventure games
3817,Alawar Entertainment,alawar.com,BROAD,Farm Frenzy,30M+,VC-backed,Russian publisher,Casual games
3818,Nevosoft,nevosoft.com,BROAD,Magic Farm,10M+,Private,Russian studio,Match-3 pioneer
3819,Awem Games,awem.com,BROAD,Cradle of Empires,10M+,VC-backed,Ukrainian studio,Match-3 strategy
3820,AppQuantum,appquantum.com,BROAD,Gold and Goblins,20M+,VC-backed,Russian publisher,Mobile publishing
3821,101XP,101xp.com,BROAD,Era of Legends,10M+,VC-backed,Russian publisher,MMORPG publisher
3822,MY.GAMES,my.games,BROAD,War Robots,200M+,VK Company,Russian publisher,$2B revenue
3823,Pixonic,pixonic.com,ADJACENT,War Robots,200M+,MY.GAMES,$2B lifetime,Mech shooter
3824,Plarium,plarium.com,ADJACENT,Raid Shadow,50M+,Aristocrat,$1B+ revenue,Vikings War
3825,Kabam,kabam.com,ADJACENT,Marvel CoC,200M+,Netmarble,$5B revenue,DC Legends
3826,FoxNext Games,foxnextgames.com,ADJACENT,Marvel Strike,30M+,Scopely,Marvel games,Strike Force
3827,NaturalMotion,naturalmotion.com,BROAD,CSR Racing,200M+,Zynga,Racing games,CSR Racing 2
3828,Hutch,hutch.io,BROAD,Top Drives,30M+,MTG acquired,UK racing,F1 Clash
3829,Codemasters Mobile,codemasters.com,BROAD,F1 Mobile,50M+,EA,Racing games,Grid Autosport
3830,Gameloft Racing,gameloft.com/racing,BROAD,Asphalt 9,100M+,Vivendi,Racing games,Asphalt Legends
3831,Ubisoft Mobile,ubisoft.com/mobile,BROAD,Rayman,100M+,Ubisoft,Mobile division,Just Dance Now
3832,Konami Mobile,konami.com/games/mobile,BROAD,Yu-Gi-Oh Duel,100M+,Konami,Card games,eFootball
3833,Capcom Mobile,capcom.com/mobile,BROAD,RE Survivor,5M+,Capcom,RE mobile games,Street Fighter IV
3834,SEGA Mobile,sega.com/mobile,BROAD,Sonic Dash,500M+,SEGA,Sonic games,Crazy Taxi
3835,Bandai Namco Mobile,bandainamcoent.com,ADJACENT,Dragon Ball,200M+,Bandai Namco,Anime games,Naruto mobile
3836,Koei Tecmo Mobile,koeitecmo.com,ADJACENT,Romance TK,20M+,Koei Tecmo,Strategy games,Dynasty Warriors
3837,Square Enix Mobile EU,square-enix.com/eu,ADJACENT,Hitman Sniper,20M+,Square Enix,GO series,Tomb Raider mobile
3838,505 Games Mobile,505games.com,BROAD,Terraria Mobile,10M+,Digital Bros,Publisher,Brothers Tales
3839,Curve Games,curve-games.com,BROAD,Human Fall Flat,10M+,Acquired,UK publisher,For the King
3840,Team17,team17.com,BROAD,Worms 4,10M+,Public company,UK publisher,Yooka-Laylee
3841,Merge Games,merge-games.com,BROAD,Dead Cells Mobile,5M+,VC-backed,UK publisher,Indie games
3842,HandyGames,handygames.com,BROAD,Townsmen,30M+,THQ Nordic,German studio,Casual games
3843,Yooreka Studio,yooreka.com,BROAD,Ace Racer,20M+,NetEase,Racing games,Racing publisher
3844,37Games International,37.com,ADJACENT,Puzzles Survival,50M+,Public company,Chinese publisher,Strategy hybrid
3845,4399 Games,4399.com,BROAD,Mini World,100M+,VC-backed,Chinese publisher,Sandbox games
3846,Youzu Interactive,youzu.com,ADJACENT,League of Angels,50M+,Public company,Chinese publisher,MMORPG games
3847,miHoYo/HoYoverse,hoyoverse.com,ADJACENT,Genshin Impact,100M+,Self-funded,$30B valuation,Honkai series
3848,XD Inc,xd.com,BROAD,T3 Arena,10M+,Public company,Chinese publisher,TapTap store
3849,Papergames,papegames.com,ADJACENT,Love Nikki,50M+,VC-backed,Chinese studio,Shining Nikki
3850,Yotta Games,yottagames.com,WHITEOUT SIMILAR,Mafia City,50M+,VC-backed,Chinese studio,Strategy games
3851,FunPlus Games,funplus.com,WHITEOUT SIMILAR,State of Survival,100M+,$86M funding,$1B+ games,King of Avalon
3852,KingsGroup Holdings,kingsgroup.com,WHITEOUT SIMILAR,Z Day Survival,30M+,VC-backed,State of Survival,Survival strategy
3853,Camel Games,camelgames.com,WHITEOUT SIMILAR,Age of Origins,20M+,VC-backed,Hong Kong studio,Zombie strategy
3854,IM30.NET,im30.net,WHITEOUT SIMILAR,Last Shelter,50M+,VC-backed,Chinese publisher,Survival games
3855,Long Tech Network,longtechgames.com,WHITEOUT SIMILAR,Last Shelter,50M+,VC-backed,Survival strategy,War Z series
3856,Lilith Technology,lilith.com,ADJACENT,Rise of Kingdoms,50M+,VC-backed,$3.5B revenue,AFK Arena
3857,Elex Technology,elex.com,ADJACENT,Clash of Kings,100M+,Public company,Chinese studio,Strategy games
3858,Tap4Fun,tap4fun.com,ADJACENT,Invasion,30M+,Public company,Chinese studio,Strategy games
3859,IGG Mobile,igg.com/mobile,ADJACENT,Lords Mobile,300M+,Public company,$825M+ revenue,Castle Clash
3860,Top Games Inc,topwar.io,WHITEOUT SIMILAR,Evony,50M+,VC-backed,Chinese studio,Top War
3861,Topwar Studio,topwar.studio,WHITEOUT SIMILAR,Top War Battle,50M+,VC-backed,Merge strategy,Global hit
3862,Scorewarrior,scorewarrior.com,ADJACENT,Total Battle,5M+,VC-backed,Fantasy strategy,Hero recruiting
3863,Nordeus,nordeus.com,BROAD,Top Eleven,150M+,Take-Two,$378M,Football manager
3864,First Touch Games,firsttouchgames.com,BROAD,Score Match,30M+,VC-backed,UK studio,Dream League Soccer
3865,Genera Games,generagames.com,BROAD,Head Ball 2,100M+,VC-backed,Spanish studio,Sports casual
3866,Minifoot,minifoot.com,BROAD,Mini Football,30M+,VC-backed,Brazilian studio,Soccer game
3867,Nifty Games,niftygames.com,BROAD,Big Shot Basketball,5M+,VC-backed,US studio,NBA Clash
3868,Com2uS Mobile,com2us.com/mobile,ADJACENT,Summoners War,200M+,Public company,$3B revenue,MLB 9 Innings
3869,Gamevil,gamevil.com,ADJACENT,Baseball Superstars,30M+,Com2uS,Korean publisher,Dragon Blaze
3870,Netmarble Games,netmarble.com,ADJACENT,MARVEL Future,100M+,Public company,Korean giant,Lineage 2
3871,NCSoft Mobile,ncsoft.com/mobile,ADJACENT,Lineage M,30M+,Public company,Korean MMORPG,Blade & Soul
3872,Kakao Games,kakaogames.com,ADJACENT,Guardian Tales,10M+,Public company,Korean publisher,ODIN Valhalla
3873,Smilegate Mobile,smilegate.com/mobile,ADJACENT,Epic Seven,20M+,VC-backed,Korean studio,CrossFire mobile
3874,Nexon Mobile,nexon.com/mobile,ADJACENT,MapleStory M,10M+,Public company,Korean giant,KartRider Rush
3875,Pearl Abyss Mobile,pearlabyss.com,ADJACENT,Black Desert,20M+,Public company,Korean studio,Shadow Arena
3876,Krafton Mobile,krafton.com/mobile,BROAD,PUBG Mobile,1B+,Public company,Korean giant,BGMI
3877,Garena Games,garena.sg,BROAD,Free Fire MAX,100M+,Sea Limited,Singapore,$5B+ revenue
3878,VNG Games,vng.com.vn,ADJACENT,Lien Quan Mobile,50M+,VC-backed,Vietnamese giant,Arena of Valor
3879,Agate Games,agate.id,BROAD,Valiant Force 2,10M+,VC-backed,Indonesian studio,RPG publisher
3880,TouchTen Games,touchten.com,BROAD,Target Acquired,5M+,VC-backed,Indonesian studio,Casual games
3881,Own Games,own.games,BROAD,Target Number,5M+,VC-backed,Indonesian studio,Mobile publishing
3882,Lyto,lyto.co.id,BROAD,RF Online,10M+,VC-backed,Indonesian publisher,MMORPG games
3883,Moonton,moonton.com,BROAD,Mobile Legends,1B+,ByteDance,Indonesian studio,MLBB #1 MOBA
3884,ByteDance Games,bytedance.com/games,BROAD,Marvel Snap,20M+,ByteDance,Chinese giant,TikTok gaming
3885,Nuverse,nuverse.com,BROAD,Marvel Snap,20M+,ByteDance,Publishing arm,Ragnarok X
3886,Ohayoo,ohayoo.com,BROAD,My Little Universe,30M+,ByteDance,Casual games,Hypercasual
3887,MoreFun Studios,morefun-studios.com,ADJACENT,Moonlight Blade,10M+,Tencent,Wuxia MMORPG,Chinese studio
3888,TiMi Studios,timi.com,ADJACENT,Honor of Kings,100M+,Tencent,#1 studio,PUBG Mobile
3889,Lightspeed Studios,lightspeed.com,BROAD,PUBG Mobile,1B+,Tencent,Battle royale,Quantum studio
3890,NExT Studios,nextstudios.com,BROAD,Unheard Mobile,5M+,Tencent,Indie label,Innovation lab
3891,Aurora Studio,aurorastudio.com,ADJACENT,MARVEL Super War,10M+,NetEase,MOBA games,Hero shooter
3892,Sky Studio,skystudio.163.com,ADJACENT,Naraka Mobile,10M+,NetEase,Battle royale,Action games
3893,Blizzard Mobile,blizzard.com/mobile,ADJACENT,Diablo Immortal,30M+,Activision,AAA mobile,Warcraft Rumble
3894,King Mobile,king.com/mobile,BROAD,Candy Crush Saga,3B+,Microsoft,$20B+ revenue,Farm Heroes
3895,Activision Mobile,activision.com/mobile,BROAD,Call of Duty Mobile,500M+,Microsoft,AAA mobile,Crash mobile
3896,Electronic Arts Mobile,ea.com/mobile,BROAD,FIFA Mobile,100M+,EA,$40B market cap,Madden mobile
3897,Take-Two Mobile,take2games.com,BROAD,NBA 2K Mobile,50M+,Take-Two,Sports games,GTA mobile
3898,2K Games Mobile,2k.com/mobile,BROAD,WWE 2K,20M+,Take-Two,Sports WWE,Civilization VI
3899,Warner Bros Mobile,wbgames.com/mobile,BROAD,Harry Potter,50M+,Warner Bros,Licensed IP,Mortal Kombat
3900,Disney Mobile,disneymobilegames.com,BROAD,Disney Magic,50M+,Disney,Licensed games,Marvel Puzzle
3901,Universal Games,universalgames.com,BROAD,Jurassic World,20M+,NBCUniversal,Licensed IP,Fast Furious
3902,Hasbro Gaming,hasbrogaming.com,BROAD,MONOPOLY,50M+,Hasbro,Board games,Transformers
3903,Mattel Games,mattelgames.com,BROAD,UNO Mobile,50M+,Mattel,Card games,Hot Wheels
3904,LEGO Games,lego.com/games,BROAD,LEGO Legacy,10M+,LEGO Group,Building games,Brawlhalla collab
3905,Pokemon Company,pokemon.com/games,BROAD,Pokemon GO,1B+,Nintendo/GF,$6B+ revenue,TCG Pocket
3906,Nintendo Mobile,nintendo.com/mobile,BROAD,Mario Kart Tour,200M+,Nintendo,Mario games,Fire Emblem
3907,DeNA Mobile,dena.com/intl,BROAD,Pokemon Masters,30M+,DeNA,Japanese publisher,Nintendo partner
3908,Gree Mobile,gree.co.jp,ADJACENT,Another Eden,10M+,Gree,Japanese publisher,Gacha games
3909,Mixi Mobile,mixi.co.jp/mobile,BROAD,Monster Strike,50M+,Mixi,Japanese publisher,$7B revenue
3910,CyGames Mobile,cygames.co.jp,ADJACENT,Granblue Fantasy,20M+,CyberAgent,Japanese studio,Uma Musume
3911,Colopl Mobile,colopl.co.jp,ADJACENT,White Cat Project,30M+,Colopl,Japanese studio,Shironeko
3912,GungHo Mobile,gungho.co.jp,ADJACENT,Puzzle Dragons,80M+,GungHo,Japanese studio,$6B revenue
3913,DMM Games Mobile,games.dmm.com,ADJACENT,Kantai Collection,10M+,DMM,Japanese platform,Browser games
3914,KLab Mobile,klab.com/en,ADJACENT,Love Live SIF,30M+,KLab,Japanese studio,Rhythm games
3915,Bushiroad Mobile,en.bushiroad.com,ADJACENT,BanG Dream,20M+,Bushiroad,Japanese studio,Card games
3916,Akatsuki Mobile,aktsk.jp,ADJACENT,Dragon Ball Z,50M+,Akatsuki,Japanese studio,Dokkan Battle
3917,Marvelous Mobile,marv.jp,ADJACENT,Rune Factory,5M+,Marvelous,Japanese studio,Story of Seasons
3918,Spike Chunsoft Mobile,spike-chunsoft.com,ADJACENT,Danganronpa,5M+,Spike Chunsoft,Visual novels,AI: Somnium
3919,Compile Heart Mobile,compileheart.com,ADJACENT,Neptunia,5M+,Idea Factory,Japanese studio,Anime RPG
3920,Idea Factory Mobile,ideafintl.com,ADJACENT,Hakuoki,5M+,Idea Factory,Otome games,Visual novels
3921,Voltage Mobile,voltage.co.jp,ADJACENT,Romance games,30M+,Voltage,Japanese studio,Love 365
3922,Cybird Mobile,cybird.co.jp,ADJACENT,Ikemen Series,20M+,Cybird,Japanese studio,Otome pioneer
3923,Cheritz Mobile,cheritz.com,ADJACENT,Mystic Messenger,10M+,Cheritz,Korean studio,Otome games
3924,MAGES Mobile,mages.co.jp,ADJACENT,Steins Gate,5M+,MAGES,Visual novels,Science adventure
3925,Fingersoft,fingersoft.com,BROAD,Hill Climb Racing,1B+,VC-backed,Finnish studio,Hill Climb Racing 2
3926,Frogmind,frogmind.com,BROAD,Badland,80M+,Supercell acquired,Finnish studio,Badland 2 Brawl
3927,Remedy Mobile,remedygames.com,BROAD,Control Mobile,5M+,Public company,Finnish studio,Alan Wake mobile
3928,Housemarque Mobile,housemarque.com,BROAD,Returnal concept,5M+,Sony acquired,Finnish studio,Arcade shooters
3929,Small Giant Games,smallgiantgames.com,ADJACENT,Empires Puzzles,30M+,Zynga acquired,Finnish studio,Match-3 RPG
3930,Critical Force,criticalforce.fi,BROAD,Critical Ops,80M+,VC-backed,Finnish studio,Mobile FPS
3931,Traplight,traplight.com,BROAD,Battle Legion,10M+,VC-backed,Finnish studio,Merge tactics
3932,Grand Cru Games,grandcrugames.com,BROAD,Supernauts,5M+,Acquired,Finnish studio,Mobile pioneers
3933,Nitro Games,nitrogames.com,BROAD,Heroes of Warland,5M+,Public company,Finnish studio,FPS games
3934,Dodreams Ltd,dodreams.com/games,BROAD,Drive Ahead Sports,30M+,VC-backed,Finnish studio,Racing crash
3935,Armada Interactive,armadainteractive.com,BROAD,Tower Defense,5M+,VC-backed,Finnish studio,TD games
3936,PlayRaven,playraven.com,BROAD,Spymaster,5M+,Acquired by Rovio,Finnish studio,Strategy mobile
3937,Platonic Partnership,platonic.fi,BROAD,My Summer Car,5M+,VC-backed,Finnish studio,Simulation
3938,Kukouri Mobile,kukouri.com,BROAD,Pixel Worlds,10M+,VC-backed,Finnish studio,Sandbox game
3939,Rocket Ride Games,rocketridegames.com,BROAD,Lane Splitter,5M+,VC-backed,Finnish studio,Mobile racing
3940,Cornfox & Brothers,cornfox.com,BROAD,Oceanhorn,5M+,VC-backed,Finnish studio,Action adventure
3941,Digital Chocolate,digitalchocolate.com,BROAD,Galaxy Life,20M+,VC-backed,US studio,Social games
3942,ngmoco,ngmoco.com,BROAD,We Rule,10M+,DeNA acquired,US studio,Freemium pioneer
3943,Funzio,funzio.com,BROAD,Crime City,20M+,GREE acquired,US studio,Social strategy
3944,PerBlue,perblue.com,BROAD,Disney Heroes,20M+,VC-backed,US studio,RPG games
3945,Jam City Inc,jamcity.com,ADJACENT,Cookie Jam,100M+,$350M funding,US publisher,Match-3 games
3946,Glu Mobile,glu.com,BROAD,Kim Kardashian,45M+,EA acquired,US publisher,Celebrity games
3947,Storm8,storm8.com,BROAD,Dragon Story,100M+,Stillfront,US studio,Casual games
3948,Pocket Gems Inc,pocketgems.com,ADJACENT,Episode,150M+,Tencent invested,US studio,Interactive stories
3949,GSN Games,gsngames.com,BROAD,Solitaire,100M+,SciPlay,US casino,Casino games
3950,SciPlay,sciplay.com,BROAD,Jackpot Party,50M+,Public company,US casino,Social casino
3951,Playstudios,playstudios.com,BROAD,myVEGAS Slots,30M+,Public company,US casino,Real rewards
3952,Playtika Mobile,playtika.com/mobile,BROAD,Slotomania,50M+,Public company,Israeli casino,$6B revenue
3953,Huuuge Games,huuugegames.com,BROAD,Huuuge Casino,30M+,Public company,Polish casino,Social casino
3954,Product Madness,productmadness.com,BROAD,Heart of Vegas,30M+,Aristocrat,UK casino,Slots games
3955,Social Point,socialpoint.es,BROAD,Dragon City,100M+,Take-Two,Spanish studio,Monster Legends
3956,Genera Mobile,generamobile.com,BROAD,Head Ball,50M+,VC-backed,Spanish studio,Sports games
3957,FromSoftware Mobile,fromsoftware.jp,ADJACENT,Dark Souls Mobile,5M+,Kadokawa,Japanese studio,Souls concept
3958,ASCII/Kadokawa,kadokawa.co.jp,ADJACENT,RPG Maker,10M+,Kadokawa,Japanese publisher,Game engines
3959,Acquire Mobile,acquire.co.jp,ADJACENT,Akiba's Trip,5M+,Acquire,Japanese studio,Octopath concept
3960,Level-5 Mobile,level5.co.jp,ADJACENT,Ni no Kuni,10M+,Level-5,Japanese studio,Yo-kai Watch mobile
3961,Game Freak Mobile,gamefreak.co.jp,BROAD,Pocket Card Jockey,5M+,Game Freak,Japanese studio,Pokemon creator
3962,HAL Laboratory Mobile,hallab.co.jp,BROAD,Kirby concept,10M+,Nintendo subsidiary,Japanese studio,Kirby games
3963,Intelligent Systems,intsys.co.jp,ADJACENT,Fire Emblem Heroes,30M+,Nintendo partner,Japanese studio,Paper Mario
3964,Monolith Soft Mobile,monolithsoft.co.jp,ADJACENT,Xenoblade concept,5M+,Nintendo subsidiary,Japanese studio,RPG studio
3965,AlphaDream,alphadream.co.jp,ADJACENT,Mario Luigi RPG,5M+,Bankrupt 2019,Japanese studio,M&L series
3966,Camelot Software,camelot.co.jp,BROAD,Mario Tennis,10M+,Nintendo partner,Japanese studio,Golden Sun
3967,Next Level Games,nlfgames.com,BROAD,Luigi Mansion,5M+,Nintendo acquired,Canadian studio,Mario Strikers
3968,Retro Studios Mobile,retrostudios.com,BROAD,Metroid concept,5M+,Nintendo subsidiary,US studio,Donkey Kong
3969,PlatinumGames Mobile,platinumgames.com,ADJACENT,Bayonetta concept,5M+,VC-backed,Japanese studio,Action games
3970,Grasshopper Mobile,grasshopper.co.jp,ADJACENT,No More Heroes,5M+,NetEase invested,Japanese studio,Action games
3971,CLAMP/Anime Games,clamp-net.com,ADJACENT,Anime adaptations,10M+,Various,Japanese IP,Manga games
3972,Shueisha Games,shueisha.co.jp,ADJACENT,Jump Force Mobile,10M+,Shueisha,Japanese publisher,Manga games
3973,Kodansha Games,kodansha.co.jp,ADJACENT,Attack on Titan,10M+,Kodansha,Japanese publisher,Manga games
3974,Toei Animation Games,toei-anim.co.jp,ADJACENT,Dragon Ball,50M+,Toei,Japanese IP,One Piece games
3975,Sunrise Games,sunrise-inc.co.jp,ADJACENT,Gundam games,20M+,Bandai,Japanese studio,Mecha anime
3976,Production IG Games,production-ig.co.jp,ADJACENT,Ghost Shell SAC,5M+,Production IG,Japanese studio,Anime games
3977,A-1 Pictures Games,a1p.jp,ADJACENT,SAO games,20M+,Aniplex,Japanese studio,Anime tie-ins
3978,ufotable Games,ufotable.com,ADJACENT,Demon Slayer,30M+,ufotable,Japanese studio,Kimetsu mobile
3979,MAPPA Games,mappa.co.jp,ADJACENT,Jujutsu Kaisen,10M+,MAPPA,Japanese studio,Anime games
3980,Wit Studio Games,wit-studio.com,ADJACENT,Attack Titan,10M+,Wit Studio,Japanese studio,Anime games
3981,Kyoto Animation,kyotoanimation.co.jp,ADJACENT,Anime games,5M+,KyoAni,Japanese studio,Visual games
3982,PA Works Games,paworks.jp,ADJACENT,Anime games,5M+,PA Works,Japanese studio,Visual novel
3983,Bones Studio Games,bones.co.jp,ADJACENT,My Hero Academia,10M+,Bones,Japanese studio,Anime games
3984,Trigger Games,st-trigger.co.jp,ADJACENT,Kill la Kill,5M+,Trigger,Japanese studio,Anime action
3985,CloverWorks Games,cloverworks.co.jp,ADJACENT,Anime games,5M+,Aniplex,Japanese studio,Anime mobile
3986,SHAFT Games,shaft-web.co.jp,ADJACENT,Madoka Magica,10M+,SHAFT,Japanese studio,Anime games
3987,Gainax Games,gainax.co.jp,ADJACENT,Evangelion,20M+,Gainax,Japanese studio,Mecha games
3988,Khara Games,khara.co.jp,ADJACENT,Evangelion,20M+,Khara,Japanese studio,Eva rebuild
3989,Studio Ghibli Games,ghibli.jp,BROAD,Ni no Kuni,10M+,Ghibli,Japanese studio,Anime RPG
3990,CoMix Wave Games,cwfilms.jp,ADJACENT,Your Name,5M+,CoMix Wave,Japanese studio,Makoto Shinkai
3991,Lerche Games,lerche.jp,ADJACENT,Assassination Class,5M+,Lerche,Japanese studio,Anime games
3992,David Production Games,davidproduction.jp,ADJACENT,JoJo's Bizarre,10M+,David Prod,Japanese studio,JoJo mobile
3993,TMS Entertainment Games,tms-e.co.jp,ADJACENT,Lupin III,5M+,TMS,Japanese studio,Anime games
3994,OLM Games,olm.co.jp,BROAD,Pokemon anime,50M+,OLM,Japanese studio,Pokemon games
3995,Pierrot Games,pierrot.jp,ADJACENT,Naruto games,30M+,Pierrot,Japanese studio,Bleach games
3996,Madhouse Games,madhouse.co.jp,ADJACENT,One Punch Man,10M+,Madhouse,Japanese studio,Anime games
3997,J.C.Staff Games,jcstaff.co.jp,ADJACENT,Index games,10M+,J.C.Staff,Japanese studio,Railgun mobile
3998,White Fox Games,w-fox.co.jp,ADJACENT,Re:Zero,10M+,White Fox,Japanese studio,Isekai games
3999,Silver Link Games,silverlink.co.jp,ADJACENT,Masamune-kun,5M+,Silver Link,Japanese studio,Anime games
4000,feel. Games,feel-ing.com,ADJACENT,Oregairu,5M+,feel.,Japanese studio,Romance games
4001,Passione Games,passione.jp,ADJACENT,High School DxD,5M+,Passione,Japanese studio,Anime games
4002,Kinema Citrus Games,kinema-citrus.co.jp,ADJACENT,Shield Hero,5M+,Kinema,Japanese studio,Isekai games
4003,Doga Kobo Games,dogakobo.com,BROAD,Anime games,5M+,Doga Kobo,Japanese studio,Cute anime
4004,Millepensee Games,millepensee.co.jp,ADJACENT,Berserk mobile,5M+,Millepensee,Japanese studio,Dark fantasy
4005,Studio DEEN Games,deen.co.jp,ADJACENT,Fate Stay Night,10M+,DEEN,Japanese studio,Fate games
4006,Satelight Games,satelight.co.jp,ADJACENT,Macross,10M+,Satelight,Japanese studio,Mecha games
4007,Xebec Games,xebec-inc.co.jp,ADJACENT,To Love-Ru,5M+,Sunrise acquired,Japanese studio,Ecchi games
4008,Artland Games,artland.co.jp,ADJACENT,Mushishi,5M+,Artland,Japanese studio,Atmospheric
4009,NAZ Games,naz-inc.com,ADJACENT,Anime games,5M+,NAZ,Japanese studio,Action anime
4010,SynergySP Games,synergysp.co.jp,ADJACENT,Beyblade,20M+,SynergySP,Japanese studio,Toy games
4011,OLM Digital Games,olm.co.jp/digital,BROAD,Pokemon Unite,50M+,OLM,Japanese studio,MOBA games
4012,Digital Frontier Games,dfx.co.jp,ADJACENT,CGI games,5M+,Digital Frontier,Japanese studio,CG animation
4013,Polygon Pictures Games,polygon.co.jp,ADJACENT,Knights Sidonia,5M+,Polygon,Japanese studio,3DCG anime
4014,Orange Games,orange-cg.com,ADJACENT,Land Lustrous,5M+,Orange,Japanese studio,CG anime
4015,Studio 4°C Games,studio4c.co.jp,ADJACENT,Tekkonkinkreet,5M+,4°C,Japanese studio,Art anime
4016,Science SARU Games,sciencesaru.com,BROAD,Japan Sinks,5M+,Science SARU,Japanese studio,Yuasa studio
4017,MAPPA Mobile,mappa.co.jp/mobile,ADJACENT,Chainsaw Man,10M+,MAPPA,Japanese studio,Anime mobile
4018,Toho Animation Games,toho.co.jp/anime,ADJACENT,Anime games,10M+,Toho,Japanese publisher,Kaiju games
4019,Aniplex Games,aniplex.co.jp,ADJACENT,FGO,50M+,Sony Music,Japanese publisher,Anime games
4020,Lantis Games,lantis.jp,ADJACENT,Love Live,30M+,Bandai,Japanese music,Idol games
4021,Pony Canyon Games,ponycanyon.co.jp,ADJACENT,Anime games,10M+,Fujisankei,Japanese publisher,Music games
4022,Victor Entertainment Games,jvcmusic.co.jp,ADJACENT,Music games,5M+,Victor,Japanese publisher,Rhythm games
4023,Avex Games,avex.jp,ADJACENT,Music games,5M+,Avex,Japanese publisher,Idol games
4024,Lion Studios,lionstudios.cc,BROAD,Mr Bullet,100M+,AppLovin,US publisher,Hypercasual leader
4025,AppLovin Games,applovin.com/games,BROAD,Wordscapes,30M+,Public company,US tech giant,PeopleFun games
4026,PeopleFun,peoplefun.com,BROAD,Wordscapes,30M+,AppLovin,US studio,Word games
4027,ironSource Supersonic,ironsrc.com,BROAD,Publishing,500M+,Unity merged,Israeli adtech,Game publishing
4028,Unity Gaming Services,unity.com/gaming,BROAD,Game engine,1B+ games,Unity,US platform,Game development
4029,Unreal Mobile,unrealengine.com,BROAD,Game engine,500M+ games,Epic Games,US platform,Fortnite engine
4030,Godot Engine,godotengine.org,BROAD,Open source,100M+ games,Open source,Global,Free engine
4031,GameMaker,yoyogames.com,BROAD,Game engine,50M+ games,Opera,UK platform,2D games
4032,Construct,construct.net,BROAD,Game engine,20M+ games,Scirra,UK platform,HTML5 games
4033,Defold,defold.com,BROAD,Game engine,50M+ games,King,Swedish platform,2D mobile
4034,Cocos,cocos.com,BROAD,Game engine,200M+ games,VC-backed,Chinese platform,2D/3D games
4035,Buildbox,buildbox.com,BROAD,Game engine,10M+ games,VC-backed,US platform,No-code games
4036,Stencyl,stencyl.com,BROAD,Game engine,10M+ games,VC-backed,US platform,Beginner friendly
4037,GDevelop,gdevelop.io,BROAD,Game engine,10M+ games,Open source,French platform,No-code open
4038,RPG Maker Mobile,rpgmakerweb.com,ADJACENT,Game engine,10M+ games,Kadokawa,Japanese platform,RPG creation
4039,Ren'Py,renpy.org,ADJACENT,Visual novel,50M+ games,Open source,Global,VN engine
4040,TyranoBuilder,tyrano.jp,ADJACENT,Visual novel,10M+ games,ShikemokuMK,Japanese platform,VN creation
4041,Twine,twinery.org,BROAD,Interactive fiction,20M+ games,Open source,Global,Story games
4042,Inkle,inklestudios.com,BROAD,80 Days,5M+,VC-backed,UK studio,Narrative games
4043,Choice of Games,choiceofgames.com,ADJACENT,Interactive fiction,30M+,VC-backed,US studio,Text adventures
4044,Episode Interactive,episodeinteractive.com,ADJACENT,Episode,150M+,Pocket Gems,US studio,Interactive stories
4045,Choices,pixelberrystudios.com,ADJACENT,Choices Stories,100M+,VC-backed,US studio,Story games
4046,Pixelberry Studios,pixelberry.com,ADJACENT,High School Story,50M+,VC-backed,US studio,Teen drama
4047,Romance Club,yourstoryinteractive.com,ADJACENT,Romance Club,30M+,VC-backed,Moldova studio,Romance stories
4048,Chapters,crazymaple.com,ADJACENT,Chapters,50M+,VC-backed,Chinese studio,Interactive romance
4049,Lovestruck,lovestruck.com,ADJACENT,Lovestruck,10M+,Voltage,US studio,Romance games
4050,Scripts,scripts-game.com,ADJACENT,Scripts,10M+,VC-backed,Interactive stories,Drama games
4051,Love Island,fusebox.com,BROAD,Love Island,20M+,VC-backed,UK studio,Reality dating
4052,Lovelink,ludia.com/lovelink,ADJACENT,Lovelink,10M+,Jam City,Canadian studio,Dating sim
4053,Agama Games,agamagames.com,ADJACENT,Is It Love,10M+,VC-backed,French studio,Romance games
4054,Ubisoft Nanomter,ubisoft.com/nano,BROAD,Nano games,10M+,Ubisoft,French publisher,Casual nano
4055,Zynga Casual,zynga.com/casual,BROAD,Words With Friends,100M+,Take-Two,US casual,$12.7B acquisition
4056,Words With Friends,wordswithfriends.com,BROAD,Words With Friends,100M+,Zynga,US studio,Word games
4057,Draw Something,omgpop.com,BROAD,Draw Something,50M+,Zynga acquired,US studio,Social drawing
4058,Trivia Crack,etermax.com,BROAD,Trivia Crack,700M+,VC-backed,Argentina,Quiz games
4059,Etermax,etermax.com/games,BROAD,Trivia Crack 2,100M+,VC-backed,Argentina,Quiz publisher
4060,QuizUp,plainvanilla.is,BROAD,QuizUp,50M+,Glu acquired,Icelandic studio,Trivia games
4061,94 Percent,scimob.com,BROAD,94 Seconds,50M+,Scimob,French studio,Quiz games
4062,Scimob,scimob.fr,BROAD,Logo Quiz,100M+,VC-backed,French studio,Quiz games
4063,Adrenaline Punch,adrenalinepunch.com,BROAD,Quiz games,20M+,VC-backed,French studio,Casual quiz
4064,Apprope,apprope.se,BROAD,Word games,30M+,VC-backed,Swedish studio,Puzzle words
4065,MAG Interactive,maginteractive.com,BROAD,Ruzzle,80M+,Public company,Swedish studio,Word games
4066,Random Logic Games,randomlogicgames.com,BROAD,Word Cookies,50M+,BitMango,Korean studio,Word puzzles
4067,BitMango,bitmango.com,BROAD,Roll the Ball,100M+,VC-backed,Korean studio,Puzzle games
4068,1Button,1button.io,BROAD,Mr Jump,50M+,VC-backed,French studio,Casual games
4069,Ketchapp Games,ketchappgames.com,BROAD,2048,500M+,Ubisoft,French studio,Viral casual
4070,SayGames Publishing,say.games/pub,BROAD,Idle games,300M+,VC-backed,Publisher,Hybridcasual
4071,Supersonic Publishing,supersonic.com/pub,BROAD,Hypercasual,1B+,Unity,Israeli publisher,Top publisher
4072,Voodoo Publishing,voodoo.io/publishing,BROAD,Hypercasual,6B+,VC-backed,French publisher,#1 downloads
4073,CrazyLabs Publishing,crazylabs.com/pub,BROAD,Hybridcasual,5B+,VC-backed,Israeli publisher,Casual games
4074,Homa Publishing,homagames.com/pub,BROAD,AI games,1B+,VC-backed,French publisher,Data-driven
4075,Amanotes Publishing,amanotes.com/pub,BROAD,Music games,2B+,VC-backed,Vietnamese,Rhythm pioneer
4076,JoyPac,joypac.com,BROAD,Publishing,500M+,VC-backed,Israeli publisher,Casual games
4077,Popcore Games,popcore.com,BROAD,Helix Jump clones,100M+,Kwalee,UK studio,Ball games
4078,Kwalee,kwalee.com,BROAD,Draw It,100M+,VC-backed,UK publisher,Hypercasual
4079,Moonee,moonee.io,BROAD,Casual games,200M+,VC-backed,Israeli publisher,Puzzle casual
4080,Zeptolab,zeptolab.com,BROAD,Cut the Rope,1.5B+,VC-backed,Russian studio,King of Thieves
4081,Cut the Rope,cuttherope.net,BROAD,Cut the Rope 2,500M+,ZeptoLab,Om Nom games,Physics puzzles
4082,Angry Birds,rovio.com/angrybirds,BROAD,Angry Birds 2,100M+,SEGA acquired,Finnish IP,$775M deal
4083,Fruit Ninja,halfbrick.com/fruitninja,BROAD,Fruit Ninja 2,100M+,Halfbrick,Australian IP,Slice action
4084,Temple Run,imangistudios.com/templerun,BROAD,Temple Run 2,1B+,Imangi,US IP,Endless runner
4085,Jetpack Joyride,halfbrick.com/jetpack,BROAD,Jetpack Joyride 2,100M+,Halfbrick,Australian IP,Side-scroller
4086,Doodle Jump,limasky.com,BROAD,Doodle Jump,100M+,Lima Sky,Croatian studio,Vertical jumper
4087,Flappy Bird Legacy,dotgears.com,BROAD,Flappy Bird,500M+,Dong Nguyen,Vietnamese,Viral phenomenon
4088,Crossy Road,hipsterwhale.com/crossy,BROAD,Crossy Road 2,200M+,Hipster Whale,Australian IP,Frogger homage
4089,Subway Surfers,sybo.dk/subway,BROAD,Subway Surfers,3B+,SYBO/Kiloo,Danish IP,#2 downloaded ever
4090,Talking Tom,outfit7.com/talkingtom,BROAD,My Talking Tom,2B+,Outfit7,Slovenian IP,Virtual pet
4091,My Talking Angela,outfit7.com/angela,BROAD,My Talking Angela,1B+,Outfit7,Slovenian IP,Fashion pet
4092,Pou,paulasouza.dev,BROAD,Pou,500M+,Independent,Brazilian solo,Virtual pet
4093,Tamagotchi,bandainamcoent.com/tamagotchi,BROAD,My Tamagotchi,50M+,Bandai,Japanese IP,Virtual pet
4094,Neko Atsume,hit-point.co.jp,BROAD,Neko Atsume,20M+,Hit-Point,Japanese studio,Cat collecting
4095,Kleptocats,hyperbeard.com,BROAD,Kleptocats,30M+,HyperBeard,Mexican studio,Cat games
4096,HyperBeard,hyperbeard.com/games,BROAD,Adorable Home,30M+,VC-backed,Mexican studio,Cute games
4097,Kairosoft,kairopark.jp,BROAD,Game Dev Story,30M+,Independent,Japanese studio,Sim games
4098,Game Dev Tycoon,greenheartgames.com,BROAD,Game Dev Tycoon,5M+,Independent,Australian indie,Dev sim
4099,Mini Metro,dinopoloclub.com,BROAD,Mini Metro,10M+,Independent,NZ indie,Transit puzzle
4100,Alto's Adventure,snowmanstudios.com,BROAD,Alto's Odyssey,50M+,Noodlecake,Canadian studio,Endless skiing
4101,Monument Valley,ustwogames.co.uk/monument,BROAD,Monument Valley 2,30M+,ustwo,UK studio,Escher puzzles
4102,The Room Series,fireproofgames.com/theroom,BROAD,The Room 4,30M+,Fireproof,UK studio,Puzzle boxes
4103,Threes,asherv.com,BROAD,Threes,10M+,Independent,US indie,Number puzzle
4104,2048,gabrielecirulli.com,BROAD,2048 Original,100M+,Independent,Italian dev,Tile merger
4105,Flappy Bird Clones,various.com,BROAD,Multiple clones,1B+,Various,Global,Viral copies
4106,Agar.io,miniclip.com/agario,BROAD,Agar.io,500M+,Miniclip,Turkish dev,.io pioneer
4107,Slither.io,slither.io,BROAD,Slither.io,300M+,Lowtech Studios,US solo dev,.io snake
4108,Paper.io,voodoo.io/paperio,BROAD,Paper.io 2,400M+,Voodoo,French pub,.io territory
4109,Hole.io,voodoo.io/holeio,BROAD,Hole.io,300M+,Voodoo,French pub,.io black hole
4110,Diep.io,diep.io,BROAD,Diep.io,100M+,Miniclip,Brazilian dev,.io tanks
4111,Surviv.io,surviv.io,BROAD,Surviv.io,50M+,Kongregate,US indie,.io BR
4112,Zombs.io,zombs.io,BROAD,Zombs Royale,50M+,End Game,US studio,.io zombie
4113,Krunker.io,krunker.io,BROAD,Krunker,100M+,FRVR,Danish studio,.io FPS
4114,Shell Shockers,shellshock.io,BROAD,Shell Shockers,50M+,Blue Wizard,US studio,.io eggs
4115,Wings.io,wings.io,BROAD,Wings.io,20M+,Independent,Global,.io planes
4116,Mope.io,mope.io,BROAD,Mope.io,50M+,Addicting Games,Global,.io animals
4117,Brutal.io,brutal.io,BROAD,Brutal.io,20M+,Independent,Global,.io flails
4118,Splix.io,splix.io,BROAD,Splix.io,30M+,Jesper,Dutch dev,.io territory
4119,Lordz.io,lordz.io,BROAD,Lordz.io,20M+,Independent,Global,.io RTS
4120,Zombsroyale.io,zombsroyale.io,BROAD,ZombsRoyale.io,50M+,End Game,US studio,.io BR
4121,EvoWorld.io,evoworld.io,BROAD,EvoWorld.io,30M+,Independent,Global,.io evolution
4122,Taming.io,taming.io,BROAD,Taming.io,20M+,LapaMauve,French dev,.io taming
4123,Smash Karts,smashkarts.io,BROAD,Smash Karts,30M+,Tall Team,US studio,.io racing
4124,1v1.LOL,1v1.lol,BROAD,1v1.LOL,100M+,JustPlay,Turkish studio,Build fight
4125,BuildRoyale.io,buildroyale.io,BROAD,BuildRoyale.io,30M+,Independent,Global,.io building
4126,Venge.io,venge.io,BROAD,Venge.io,30M+,OnRush Studio,Turkish studio,.io FPS
4127,Ev.io,ev.io,BROAD,Ev.io,20M+,Addicting Games,US studio,Web3 FPS
4128,Bloxd.io,bloxd.io,BROAD,Bloxd.io,30M+,Independent,Global,.io blocks
4129,FRVR Games,frvr.com,BROAD,Basketball FRVR,100M+,VC-backed,Danish studio,Instant games
4130,Poki Games,poki.com/games,BROAD,Browser games,500M+,VC-backed,Dutch platform,Web games
4131,CoolMath Games,coolmathgames.com,BROAD,Math games,200M+,VC-backed,US platform,Educational
4132,Kongregate,kongregate.com,BROAD,Web games,300M+,GameStop,US platform,Flash legacy
4133,Newgrounds,newgrounds.com,BROAD,Flash games,100M+,Tom Fulp,US platform,Animation+games
4134,Armor Games,armorgames.com,BROAD,Web games,200M+,VC-backed,US platform,Strategy games
4135,Addicting Games,addictinggames.com,BROAD,Web games,300M+,Enthusiast,US platform,Casual portal
4136,Miniclip Web,miniclip.com/web,BROAD,Browser games,400M+,Tencent,UK platform,8 Ball Pool
4137,Y8 Games,y8.com,BROAD,Browser games,300M+,VC-backed,Ireland,Flash games
4138,Friv,friv.com,BROAD,Kids games,500M+,VC-backed,Global,Casual portal
4139,Kizi,kizi.com,BROAD,Kids games,200M+,VC-backed,Dutch platform,Family games
4140,Agame,agame.com,BROAD,Casual games,200M+,Spil Games,Dutch platform,Browser casual
4141,Spil Games,spilgames.com,BROAD,Web games,300M+,VC-backed,Dutch publisher,Casual portal
4142,GamePix,gamepix.com,BROAD,HTML5 games,100M+,VC-backed,Italian platform,Web games
4143,GameDistribution,gamedistribution.com,BROAD,Game SDK,200M+,Azerion,Dutch platform,Distribution
4144,Azerion,azerion.com,BROAD,Digital media,500M+,Public company,Dutch giant,Gaming + ads
4145,Stillfront Group,stillfront.com,BROAD,Storm Fall,200M+,Public company,Swedish holding,Goodgame Studios
4146,Goodgame Studios,goodgamestudios.com,BROAD,Empire Four,100M+,Stillfront,German studio,Browser strategy
4147,Imperia Online,imperiaonline.org,ADJACENT,Imperia Online,30M+,Stillfront,Bulgarian studio,Strategy MMO
4148,Bytro Labs,bytro.com,ADJACENT,Call of War,20M+,Stillfront,German studio,War strategy
4149,eRepublik Labs,erepublik.com,ADJACENT,eRepublik,10M+,Stillfront,Irish studio,Political sim
4150,Kixeye,kixeye.com,ADJACENT,War Commander,30M+,Stillfront,US studio,War games
4151,Sandbox Interactive,sandbox-interactive.com,ADJACENT,Albion Online,10M+,VC-backed,German studio,MMO sandbox
4152,Innogames,innogames.com,ADJACENT,Forge of Empires,50M+,MTG Group,German studio,Browser strategy
4153,Travian Games,traviangames.com,ADJACENT,Travian,30M+,VC-backed,German studio,Browser classic
4154,Bigpoint,bigpoint.com,ADJACENT,DarkOrbit,50M+,Stillfront,German studio,Browser games
4155,Gameforge,gameforge.com,ADJACENT,Metin2,30M+,VC-backed,German publisher,MMORPG
4156,Playa Games,playa-games.com,ADJACENT,Shakes Fidget,20M+,Stillfront,German studio,RPG humor
4157,Altigi GmbH,altigi.com,BROAD,Various games,10M+,Stillfront,German studio,Casual games
4158,Wargaming Mobile,wargaming.net/mobile,ADJACENT,World of Tanks Blitz,150M+,Wargaming,Cyprus studio,Tank games
4159,Gaijin Mobile,gaijin.net/mobile,ADJACENT,War Thunder Mobile,30M+,VC-backed,Russian studio,War games
4160,Obsidian Mobile,obsidian.net/mobile,ADJACENT,Pentiment concept,5M+,Microsoft,US studio,RPG games
4161,inXile Mobile,inxile.net,ADJACENT,Wasteland concept,5M+,Microsoft,US studio,RPG games
4162,Double Fine Mobile,doublefine.com,BROAD,Psychonauts concept,5M+,Microsoft,US studio,Adventure games
4163,Compulsion Games Mobile,compulsiongames.com,ADJACENT,We Happy Few,5M+,Microsoft,Canadian studio,Survival games
4164,Ninja Theory Mobile,ninjatheory.com,ADJACENT,Hellblade concept,5M+,Microsoft,UK studio,Action games
4165,Playground Games Mobile,playground-games.com,BROAD,Forza concept,5M+,Microsoft,UK studio,Racing games
4166,Turn 10 Mobile,turn10studios.com,BROAD,Forza Street,10M+,Microsoft,US studio,Racing games
4167,Undead Labs Mobile,undeadlabs.com,ADJACENT,State of Decay,10M+,Microsoft,US studio,Zombie survival
4168,The Coalition Mobile,thecoalition.com,ADJACENT,Gears POP,10M+,Microsoft,Canadian studio,Gears IP
4169,343 Industries Mobile,343industries.com,BROAD,Halo concept,10M+,Microsoft,US studio,Halo IP
4170,Rare Mobile,rare.co.uk,BROAD,Sea of Thieves,5M+,Microsoft,UK studio,Adventure games
4171,Mojang Mobile,mojang.com,BROAD,Minecraft,300M+,Microsoft,$2.5B acquisition,Sandbox king
4172,Xbox Game Studios Mobile,xbox.com/gamestudios,BROAD,Xbox IP,500M+,Microsoft,US division,First party
4173,PlayStation Studios Mobile,playstation.com/studios,BROAD,PlayStation IP,300M+,Sony,US division,First party
4174,Guerrilla Mobile,guerrilla-games.com,ADJACENT,Horizon concept,5M+,Sony,Dutch studio,Action RPG
4175,Santa Monica Mobile,sms.playstation.com,ADJACENT,God of War concept,5M+,Sony,US studio,Action games
4176,Naughty Dog Mobile,naughtydog.com,ADJACENT,Last of Us concept,5M+,Sony,US studio,Action games
4177,Insomniac Mobile,insomniacgames.com,BROAD,Spider-Man concept,5M+,Sony,US studio,Action games
4178,Sucker Punch Mobile,suckerpunch.com,ADJACENT,Ghost Tsushima,5M+,Sony,US studio,Action games
4179,Bend Studio Mobile,bendstudio.com,ADJACENT,Days Gone concept,5M+,Sony,US studio,Survival games
4180,Bluepoint Mobile,bluepointgames.com,ADJACENT,Remakes concept,5M+,Sony,US studio,Remasters
4181,Team Asobi Mobile,teamasobi.com,BROAD,Astro Bot concept,5M+,Sony,Japan studio,Platform games
4182,Polyphony Digital Mobile,polyphony.co.jp,BROAD,Gran Turismo,30M+,Sony,Japan studio,Racing sim
4183,Media Molecule Mobile,mediamolecule.com,BROAD,LittleBigPlanet,10M+,Sony,UK studio,Creative games
4184,Evolution Studios,evolutionstudios.com,BROAD,Driveclub concept,5M+,Codemasters merged,UK studio,Racing games
4185,Housemarque Sony,housemarque.com/sony,BROAD,Returnal concept,5M+,Sony acquired,Finnish studio,Arcade action
4186,Firesprite Mobile,firesprite.com,BROAD,Run! concept,5M+,Sony,UK studio,VR games
4187,Haven Studios Mobile,havenstudios.com,BROAD,New IP concept,5M+,Sony,Canadian studio,Jade Raymond
4188,Bungie Mobile,bungie.net/mobile,BROAD,Destiny concept,30M+,Sony acquired,US studio,Looter shooter
4189,From Software Mobile,fromsoftware.jp/mobile,ADJACENT,Souls concept,10M+,Kadokawa/Sony,Japan studio,Action RPG
4190,Kadokawa Games Mobile,kadokawagames.co.jp,ADJACENT,Various JP games,10M+,Kadokawa,Japan publisher,Anime games
4191,Acquire Corp Mobile,acquire.co.jp/mobile,ADJACENT,Octopath concept,5M+,Kadokawa,Japan studio,JRPG
4192,Spike Chunsoft Games,spike-chunsoft.com/games,ADJACENT,Danganronpa,10M+,Spike Chunsoft,Japan studio,VN games
4193,Artdink Mobile,artdink.co.jp,ADJACENT,A-Train concept,5M+,Artdink,Japan studio,Simulation
4194,Nippon Ichi Mobile,nisamerica.com,ADJACENT,Disgaea mobile,10M+,NIS,Japan studio,Strategy RPG
4195,Falcom Mobile,falcom.co.jp,ADJACENT,Ys mobile,5M+,Falcom,Japan studio,Action RPG
4196,Compile Heart,compileheart.com/mobile,ADJACENT,Neptunia,10M+,Idea Factory,Japan studio,Anime RPG
4197,Gust Mobile,gust.co.jp,ADJACENT,Atelier mobile,10M+,Koei Tecmo,Japan studio,Crafting RPG
4198,Omega Force Mobile,gamecity.ne.jp,ADJACENT,Dynasty Warriors,20M+,Koei Tecmo,Japan studio,Musou games
4199,Ruby Party Mobile,gamecity.ne.jp/neoromance,ADJACENT,Angelique,5M+,Koei Tecmo,Japan studio,Otome games
4200,Team Ninja Mobile,teamninja-studio.com,ADJACENT,Nioh concept,5M+,Koei Tecmo,Japan studio,Action games
4201,Monolith Soft,monolithsoft.co.jp/mobile,ADJACENT,Xenoblade,10M+,Nintendo,Japan studio,JRPG
4202,Intelligent Systems Mobile,intsys.co.jp/mobile,ADJACENT,Fire Emblem Heroes,30M+,Nintendo,Japan studio,Strategy
4203,HAL Laboratory Mobile,hallab.co.jp/mobile,BROAD,Kirby concept,10M+,Nintendo,Japan studio,Platform
4204,Game Freak,gamefreak.co.jp/mobile,BROAD,Pokemon IP,1B+,Nintendo partner,Japan studio,Pokemon dev
4205,Creatures Inc,creatures.co.jp,BROAD,Pokemon IP,500M+,Pokemon Company,Japan studio,Pokemon cards
4206,The Pokemon Company,pokemon.com,BROAD,Pokemon GO,1B+,Nintendo/GF/CI,$6B+ revenue,Pokemon master
4207,DeNA Games,dena.com/games,BROAD,Pokemon Masters,30M+,DeNA,Japan publisher,Nintendo partner
4208,Gree Inc,gree.co.jp/games,ADJACENT,Anime games,30M+,Gree,Japan publisher,Gacha pioneer
4209,Mixi Inc,mixi.co.jp/games,BROAD,Monster Strike,50M+,Mixi,$7B revenue,Japan hit
4210,CyberAgent Games,cyberagent.co.jp/games,ADJACENT,Cygames parent,100M+,CyberAgent,Japan holding,AbemaTV
4211,Cygames Inc,cygames.co.jp/games,ADJACENT,Granblue Fantasy,20M+,CyberAgent,Japan studio,Uma Musume
4212,Colopl Inc,colopl.co.jp/games,ADJACENT,White Cat Project,30M+,Colopl,Japan studio,Action RPG
4213,GungHo Online,gungho.co.jp/games,ADJACENT,Puzzle Dragons,80M+,GungHo,$6B revenue,Gacha pioneer
4214,DMM Games,games.dmm.com/mobile,ADJACENT,Kantai Collection,20M+,DMM,Japan platform,Browser games
4215,KLab Inc,klab.com/games,ADJACENT,Love Live SIF,30M+,KLab,Japan studio,Rhythm games
4216,Bushiroad Games,en.bushiroad.com/games,ADJACENT,BanG Dream,20M+,Bushiroad,Japan studio,Card games
4217,Akatsuki Inc,aktsk.jp/games,ADJACENT,Dragon Ball Z,50M+,Akatsuki,Japan studio,Dokkan Battle
4218,Wright Flyer Studios,wfs.games,ADJACENT,Another Eden,10M+,Gree,Japan studio,JRPG mobile
4219,ForwardWorks,forwardworks.com,ADJACENT,Everybody's Golf,5M+,Sony Music,Japan studio,PlayStation mobile
4220,Aniplex Inc,aniplex.co.jp/games,ADJACENT,Fate Grand Order,50M+,Sony Music,Japan publisher,$4B+ revenue
4221,Sony Music Games,sonymusic.co.jp/games,ADJACENT,Various games,50M+,Sony Music,Japan publisher,Anime tie-ins
4222,Bandai Namco Entertainment,bandainamcoent.com,ADJACENT,Dragon Ball,200M+,Bandai Namco,Japan giant,Anime games
4223,Bamco Mobile,bnei.jp/mobile,ADJACENT,Tales of mobile,30M+,Bandai Namco,Japan studio,JRPG mobile
4224,Crafts & Meister,bnent.jp/cm,ADJACENT,Super Robot Wars,10M+,Bandai Namco,Japan studio,Mecha games
4225,Capcom Mobile Games,capcom.com/mobile-games,BROAD,Monster Hunter,50M+,Capcom,Japan publisher,Street Fighter
4226,Sega Mobile Games,sega.com/mobile-games,BROAD,Sonic Dash,500M+,Sega,Japan publisher,Persona mobile
4227,Atlus Mobile,atlus.com/mobile,ADJACENT,Persona mobile,10M+,Sega subsidiary,Japan studio,SMT mobile
4228,Square Enix Mobile Games,square-enix.com/mobile-games,ADJACENT,Final Fantasy,100M+,Square Enix,Japan publisher,Dragon Quest
4229,Taito Mobile,taito.co.jp/mobile,BROAD,Space Invaders,30M+,Square Enix,Japan studio,Arcade classic
4230,Konami Mobile Games,konami.com/mobile-games,BROAD,Yu-Gi-Oh,100M+,Konami,Japan publisher,eFootball
4231,Hudson Soft Legacy,hudson.jp,BROAD,Bomberman concept,30M+,Konami absorbed,Japan legacy,Bomberman
4232,Koei Tecmo Mobile Games,koeitecmo.com/mobile,ADJACENT,Romance TK,20M+,Koei Tecmo,Japan publisher,Dynasty mobile
4233,Marvelous Mobile Games,marv.jp/mobile,ADJACENT,Rune Factory,5M+,Marvelous,Japan publisher,Harvest Moon
4234,XSEED Games Mobile,xseedgames.com,ADJACENT,Various localized,10M+,Marvelous US,US publisher,JP localization
4235,NIS America Mobile,nisamerica.com/mobile,ADJACENT,Disgaea,10M+,Nippon Ichi,US publisher,JP localization
4236,Aksys Games Mobile,aksysgames.com,ADJACENT,Otome games,10M+,Aksys,US publisher,JP localization
4237,Idea Factory International,ideafintl.com/mobile,ADJACENT,Neptunia,10M+,Idea Factory,US publisher,JP localization
4238,PQube Mobile,pqube.co.uk,ADJACENT,Various localized,10M+,PQube,UK publisher,JP localization
4239,Numskull Games,numskullgames.com,BROAD,Limited Run style,5M+,Numskull,UK publisher,Physical games
4240,Limited Run Games,limitedrungames.com,BROAD,Physical games,5M+,VC-backed,US publisher,Collector items
4241,Special Reserve Games,specialreservegames.com,BROAD,Physical games,5M+,Independent,US publisher,Collector items
4242,iam8bit,iam8bit.com,BROAD,Collectibles,5M+,VC-backed,US publisher,Game merch
4243,Fangamer,fangamer.com,BROAD,Game merch,5M+,Independent,US publisher,Indie merch
4244,Devolver Digital,devolverdigital.com/mobile,BROAD,Indie games,30M+,VC-backed,US publisher,Cult hits
4245,Raw Fury Mobile,rawfury.com/mobile,BROAD,Indie games,20M+,VC-backed,Swedish publisher,Indie games
4246,Team17 Digital Mobile,team17.com/mobile,BROAD,Worms mobile,30M+,Public company,UK publisher,Indie games
4247,Curve Digital Mobile,curve-games.com/mobile,BROAD,Various indie,20M+,VC-backed,UK publisher,Indie games
4248,tinyBuild Mobile,tinybuild.com/mobile,BROAD,Hello Neighbor,30M+,Public company,US publisher,Indie hits
4249,Humble Games Mobile,humblegames.com/mobile,BROAD,Various indie,20M+,IGN acquired,US publisher,Humble Bundle
4250,Annapurna Mobile,annapurnainteractive.com/mobile,BROAD,Premium indie,20M+,Annapurna,US publisher,Art games
4251,Private Division Mobile,privatedivision.com,BROAD,Various indie,10M+,Take-Two,US publisher,AA games
4252,505 Games Mobile,505games.com/mobile,BROAD,Various games,30M+,Digital Bros,Italian publisher,Indie/AA
4253,Deep Silver Mobile,deepsilver.com,BROAD,Saints Row concept,10M+,Embracer,Austrian publisher,AA games
4254,THQ Nordic Mobile,thqnordic.com,BROAD,Various IP,20M+,Embracer,Austrian publisher,Classic revivals
4255,Plaion Mobile,plaion.com,BROAD,Various games,20M+,Embracer,German publisher,Koch Media
4256,Coffee Stain Publishing,coffeestainstudios.com/pub,BROAD,Indie games,20M+,Embracer,Swedish publisher,Satisfactory
4257,Saber Interactive Mobile,saber.games,BROAD,Various ports,30M+,Embracer,Russian studio,Port specialist
4258,4A Games Mobile,4a-games.com,BROAD,Metro concept,10M+,Embracer,Ukrainian studio,FPS games
4259,Gearbox Mobile,gearboxsoftware.com,BROAD,Borderlands concept,10M+,Embracer,US studio,Looter shooter
4260,Crystal Dynamics Mobile,crystald.com,BROAD,Tomb Raider concept,10M+,Embracer,US studio,Action adventure
4261,Eidos Mobile,eidosmontreal.com,BROAD,Deus Ex concept,10M+,Embracer,Canadian studio,Immersive sim
4262,Square Enix Montreal,square-enix-montreal.com,BROAD,Hitman GO,20M+,Acquired by Embracer,Canadian studio,GO series
4263,Onoma Mobile,studio-onoma.com,BROAD,Various games,10M+,Embracer (closed),Canadian studio,Mobile ports
4264,Tripwire Mobile,tripwireinteractive.com,BROAD,Killing Floor,10M+,Embracer,US studio,Co-op FPS
4265,Flying Wild Hog Mobile,flyingwildhog.com,BROAD,Shadow Warrior,5M+,Embracer,Polish studio,FPS games
4266,New World Interactive Mobile,newworldinteractive.com,BROAD,Insurgency,5M+,Embracer,US studio,Tactical FPS
4267,Telltale Games New,telltale.com,ADJACENT,Walking Dead New,10M+,LCG Entertainment,US studio,Narrative revival
4268,Dontnod Mobile,dontnod.com,ADJACENT,Life Strange concept,5M+,Tencent invested,French studio,Narrative games
4269,Deck Nine Mobile,deck-nine.com,ADJACENT,Life is Strange,5M+,Embracer,US studio,Adventure games
4270,Quantic Dream Mobile,quanticdream.com,ADJACENT,Detroit concept,5M+,NetEase invested,French studio,Narrative games
4271,Supermassive Mobile,supermassivegames.com,ADJACENT,Until Dawn concept,5M+,Nordisk,UK studio,Horror games
4272,Ready at Dawn Mobile,readyatdawn.com,ADJACENT,Various concepts,5M+,Meta,US studio,VR/Action
4273,Crystal Dynamics Legacy,crystald.com/legacy,ADJACENT,Tomb Raider mobile,30M+,Embracer,US studio,TR mobile
4274,Core Design Legacy,coredesign.com,ADJACENT,TR classic mobile,20M+,Eidos/Embracer,UK legacy,Original TR
4275,IO Interactive Mobile,ioi.dk/mobile,BROAD,Hitman mobile,20M+,Independent,Danish studio,007 games
4276,Rocksteady Mobile,rocksteadyltd.com,ADJACENT,Batman concept,5M+,Warner Bros,UK studio,Arkham games
4277,NetherRealm Mobile,netherrealm.com,BROAD,Mortal Kombat,30M+,Warner Bros,US studio,Injustice mobile
4278,Monolith Productions Mobile,lith.com,ADJACENT,Shadow concepts,5M+,Warner Bros,US studio,LOTR games
4279,TT Games Mobile,ttgames.com,BROAD,LEGO games,100M+,Warner Bros,UK studio,LEGO franchise
4280,Avalanche Software Mobile,avalanchesoftware.com,BROAD,Disney Infinity,30M+,Warner Bros,US studio,Hogwarts Legacy
4281,Portkey Games Mobile,portkeygames.com,ADJACENT,Harry Potter,50M+,Warner Bros,UK label,Wizarding World
4282,WB Games San Francisco,wbsf.com,BROAD,Various mobile,20M+,Warner Bros,US studio,Mobile division
4283,WB Games Montreal,wbgamesmtl.com,ADJACENT,Batman concepts,10M+,Warner Bros,Canadian studio,DC games
4284,WB Games Boston,wbgames.com/boston,ADJACENT,Various games,10M+,Warner Bros,US studio,Mobile games
4285,Player First Games,playerfirstgames.com,BROAD,MultiVersus,20M+,Warner Bros,US studio,Platform fighter
4286,EA Tiburon Mobile,ea.com/tiburon,BROAD,Madden Mobile,50M+,EA,US studio,Sports games
4287,EA Vancouver Mobile,ea.com/vancouver,BROAD,FIFA Mobile,100M+,EA,Canadian studio,FIFA Ultimate
4288,EA Motive Mobile,ea.com/motive,ADJACENT,Star Wars concept,10M+,EA,Canadian studio,Action games
4289,EA DICE Mobile,dice.se/mobile,BROAD,Battlefield concept,10M+,EA,Swedish studio,FPS games
4290,Respawn Mobile,respawn.com,BROAD,Apex Legends Mobile,30M+,EA,US studio,FPS games
4291,Criterion Mobile,criteriongames.com,BROAD,NFS Mobile,20M+,EA,UK studio,Racing games
4292,Codemasters Racing Mobile,codemasters.com/mobile,BROAD,F1 Mobile Racing,50M+,EA,UK studio,Racing sim
4293,PopCap Mobile,popcap.com,BROAD,Plants vs Zombies,100M+,EA,US studio,Casual games
4294,Firemonkeys Mobile,firemonkeys.com.au,BROAD,Real Racing,100M+,EA,Australian studio,Racing mobile
4295,Tracktwenty Mobile,tracktwenty.com,BROAD,SimCity BuildIt,100M+,EA,Swedish studio,City builder
4296,Industrial Toys Mobile,industrialtoys.com,BROAD,Midnight Star,5M+,Bungie spinoff,US studio,Mobile FPS
4297,Bioware Mobile,bioware.com/mobile,ADJACENT,Mass Effect concept,5M+,EA,Canadian studio,RPG games
4298,2K Visual Concepts Mobile,visualconcepts.com,BROAD,NBA 2K Mobile,50M+,Take-Two,US studio,Sports games
4299,2K Hangzhou Mobile,2k.com/hangzhou,BROAD,NBA 2K Mobile,50M+,Take-Two,Chinese studio,2K China
4300,Firaxis Mobile,firaxis.com,BROAD,Civ VI mobile,10M+,Take-Two,US studio,Strategy games
4301,Cat Daddy Games,catdaddygames.com,BROAD,WWE SuperCard,30M+,Take-Two,US studio,Card games
4302,HB Studios Mobile,hbstudios.com,BROAD,Golf games,20M+,Take-Two,Canadian studio,PGA Tour
4303,Cloud Chamber Mobile,cloudchamberstudios.com,ADJACENT,BioShock concept,5M+,Take-Two,US studio,Immersive sim
4304,Hangar 13 Mobile,hangar13games.com,ADJACENT,Mafia concept,5M+,Take-Two,US studio,Action games
4305,31st Union Mobile,31stunion.com,ADJACENT,New IP concept,5M+,Take-Two,US studio,Michael Condrey
4306,Intercept Games,interceptgames.com,BROAD,KSP concept,5M+,Take-Two,US studio,Space sim
4307,Roll7 Mobile,roll7.co.uk,BROAD,OlliOlli,10M+,Take-Two,UK studio,Skateboard games
4308,Zynga Poker,zynga.com/poker,BROAD,Zynga Poker,50M+,Take-Two,US studio,Poker games
4309,Zynga Words,zynga.com/words,BROAD,Words With Friends,100M+,Take-Two,US studio,Word games
4310,Zynga Farmville,zynga.com/farmville,BROAD,FarmVille 3,50M+,Take-Two,US studio,Farm games
4311,Zynga CSR,zynga.com/csr,BROAD,CSR Racing 2,100M+,Take-Two,US studio,Racing games
4312,Gram Games,gram.gs,BROAD,Merge Dragons,30M+,Zynga/Take-Two,Turkish studio,Merge games
4313,Small Giants,smallgiantgames.com/sg,ADJACENT,Empires Puzzles,30M+,Zynga/Take-Two,Finnish studio,Match-3 RPG
4314,Torque Games,torque.games,BROAD,Bowling,10M+,Zynga/Take-Two,US studio,Casual games
4315,Socialpoint Games,socialpoint.es/games,BROAD,Dragon City,100M+,Take-Two,Spanish studio,Monster Legends
4316,Boss Fight Entertainment,bossfightentertainment.com,BROAD,Dungeon Boss,10M+,NetEase acquired,US studio,Mobile RPG
4317,PikPok,pikpok.com,BROAD,Into the Dead,100M+,VC-backed,NZ studio,Action games
4318,Rogue Games,rogueco.com,BROAD,Alta concept,10M+,VC-backed,US publisher,Premium mobile
4319,Snowman,snowman.io,BROAD,Alto's Odyssey,50M+,VC-backed,Canadian studio,Indie mobile
4320,Noodlecake Games,noodlecake.com/games,BROAD,Various indie,100M+,VC-backed,Canadian publisher,Indie mobile
4321,Crescent Moon Games,crescentmoongames.com,BROAD,Various indie,50M+,Independent,US publisher,Indie mobile
4322,Touchpress,touchpress.com,BROAD,Educational apps,30M+,Acquired,UK studio,Edu games
4323,Toca Boca Inc,tocaboca.com,BROAD,Toca Life World,300M+,Spin Master,Swedish studio,Kids games
4324,Sago Mini,sagomini.com,BROAD,Sago Mini apps,100M+,Spin Master,Canadian studio,Toddler games
4325,Dr. Panda,drpanda.com,BROAD,Dr. Panda games,50M+,Spin Master,Chinese studio,Kids games
4326,BabyBus,babybus.com,BROAD,BabyBus songs,50B views,VC-backed,Chinese studio,Baby content
4327,Pinkfong,pinkfong.com,BROAD,Baby Shark,15B views,SmartStudy,Korean studio,Kids content
4328,SmartStudy,smartstudy.co.kr,BROAD,Baby Shark,15B views,VC-backed,Korean studio,Pinkfong parent
4329,Cocomellon,cocomelon.com,BROAD,Nursery rhymes,100M+,Moonbug/Candle,US studio,Kids content
4330,Moonbug Entertainment,moonbug.com,BROAD,CoComelon games,100M+,Candle Media,UK studio,Kids media
4331,Little Baby Bum,littlebabybum.com,BROAD,Nursery games,50M+,Moonbug,UK studio,Kids content
4332,Super Simple Songs,supersimple.com,BROAD,Kids learning,50M+,Skyship Ent,Canadian studio,Kids music
4333,Blippi Games,blippi.com,BROAD,Blippi apps,30M+,Moonbug,US brand,Kids content
4334,Peppa Pig Games,peppapig.com,BROAD,Peppa Pig,50M+,Hasbro/eOne,UK IP,Kids franchise
4335,PAW Patrol Games,pawpatrol.com,BROAD,PAW Patrol,50M+,Spin Master,Canadian IP,Kids franchise
4336,Bluey Games,bluey.tv,BROAD,Bluey apps,30M+,BBC Studios,Australian IP,Kids franchise
4337,Hey Duggee Games,heyduggee.com,BROAD,Hey Duggee,20M+,BBC Studios,UK IP,Kids franchise
4338,Numberblocks Games,numberblocks.tv,BROAD,Numberblocks,30M+,Blue Zoo,UK studio,Math learning
4339,Alphablocks Games,alphablocks.tv,BROAD,Alphablocks,20M+,Blue Zoo,UK studio,Phonics learning
4340,Blue Zoo Animation,blue-zoo.co.uk,BROAD,Educational,30M+,Blue Zoo,UK studio,Kids animation
4341,Aardman Interactive,aardman.com,BROAD,Wallace Gromit,10M+,Aardman,UK studio,Animation games
4342,Laika Games,laika.com,BROAD,Kubo concepts,5M+,Laika,US studio,Stop motion IP
4343,Illumination Games,illumination.com,BROAD,Minions Rush,300M+,NBCUniversal,French studio,Minions franchise
4344,DreamWorks Games,dreamworks.com/games,BROAD,Dragons Rise,50M+,NBCUniversal,US studio,Animation IP
4345,Blue Sky Games,blueskyanimation.com,BROAD,Ice Age games,30M+,Disney acquired,US legacy,Animation IP
4346,Sony Pictures Animation Games,sonypicturesanimation.com,BROAD,Hotel Transylvania,30M+,Sony,US studio,Animation IP
4347,Pixar Games,pixar.com,BROAD,Various Pixar IP,30M+,Disney,US studio,Animation IP
4348,Walt Disney Animation Games,disneyanimation.com,BROAD,Frozen games,50M+,Disney,US studio,Animation IP
4349,Disney Interactive,disney.com/games,BROAD,Disney games,200M+,Disney,US division,IP games
4350,Jam City Disney,jamcity.com/disney,ADJACENT,Disney games,100M+,Jam City,US studio,Disney partner
4351,Gameloft Disney,gameloft.com/disney,BROAD,Disney Magic,50M+,Vivendi/Disney,French studio,Disney partner
4352,Glu Disney,glu.com/disney,BROAD,Disney Sorcerer,20M+,EA/Disney,US studio,Disney partner
4353,PerBlue Disney,perblue.com/disney,BROAD,Disney Heroes,20M+,PerBlue/Disney,US studio,Disney partner
4354,Ludia Disney,ludia.com/disney,ADJACENT,Disney games,20M+,Jam City,Canadian studio,Disney partner
4355,Kabam Marvel,kabam.com/marvel,ADJACENT,Marvel Contest,200M+,Netmarble,US studio,Marvel partner
4356,Netmarble Marvel,netmarble.com/marvel,ADJACENT,Marvel Future,100M+,Netmarble,Korean studio,Marvel partner
4357,Scopely Marvel,scopely.com/marvel,ADJACENT,Marvel Strike,30M+,Scopely,US studio,Marvel partner
4358,FoxNext Marvel,foxnextgames.com/marvel,ADJACENT,MSF original,30M+,Scopely acquired,US studio,Marvel partner
4359,Playdom Marvel,playdom.com,BROAD,Marvel games,20M+,Disney closed,US legacy,Social games
4360,DeNA Nintendo,dena.com/nintendo,BROAD,Mario Kart Tour,200M+,DeNA,Japan partner,Nintendo partner
4361,Niantic Nintendo,nianticlabs.com/nintendo,BROAD,Pokemon GO,1B+,Niantic,US partner,Nintendo partner
4362,Cygames Nintendo,cygames.co.jp/nintendo,ADJACENT,Dragalia Lost,10M+,Cygames,Japan partner,Nintendo partner
4363,MercurySteam Mobile,mercurysteam.com,ADJACENT,Metroid concept,5M+,MercurySteam,Spanish studio,Nintendo partner
4364,Grezzo Mobile,grezzo.co.jp,ADJACENT,Zelda ports,10M+,Grezzo,Japan studio,Nintendo partner
4365,Tantalus Mobile,tantalus.com.au,BROAD,Nintendo ports,10M+,Tantalus,Australian studio,Nintendo partner
4366,WayForward Mobile,wayforward.com,BROAD,Shantae,10M+,Independent,US studio,Retro indie
4367,Yacht Club Mobile,yachtclubgames.com,BROAD,Shovel Knight,5M+,Independent,US studio,Retro indie
4368,Matt Makes Games,mattmakesgames.com,BROAD,Celeste,5M+,Independent,Canadian studio,Indie darling
4369,Extremely OK Games,exok.com,BROAD,Celeste DLC,5M+,Independent,Canadian studio,Celeste studio
4370,Heart Machine Mobile,heartmachine.com,ADJACENT,Hyper Light,5M+,VC-backed,US studio,Pixel action
4371,Supergiant Mobile,supergiantgames.com,ADJACENT,Hades,10M+,Independent,US studio,Indie GOTY
4372,Klei Mobile,klei.com/mobile,BROAD,Don't Starve,20M+,Tencent invested,Canadian studio,Survival games
4373,Behemoth Mobile,thebehemoth.com,BROAD,Castle Crashers,5M+,Independent,US studio,Beat em up
4374,Edmund McMillen,bindingofisaac.com,ADJACENT,Isaac mobile,10M+,Independent,US solo dev,Roguelike king
4375,Derek Yu,spelunkyworld.com,ADJACENT,Spelunky concept,5M+,Independent,US solo dev,Roguelike pioneer
4376,Lucas Pope,dukope.com,BROAD,Papers Please,5M+,Independent,Japan-based,Narrative games
4377,Eric Barone,stardewvalley.net,BROAD,Stardew Valley,20M+,Independent,US solo dev,Farm sim king
4378,Toby Fox,undertale.com,ADJACENT,Undertale,5M+,Independent,US solo dev,RPG legend
4379,Scott Cawthon,scottgames.com,ADJACENT,FNAF series,100M+,Independent,US solo dev,Horror pioneer
4380,Steel Wool Studios,steelwoolstudios.com,ADJACENT,FNAF Security,30M+,VC-backed,US studio,FNAF partner
4381,Illumix,illumix.com,ADJACENT,FNAF AR,10M+,VC-backed,US studio,AR horror
4382,Clickteam,clickteam.com,BROAD,FNAF engine,50M+,Clickteam,French company,Game engine
4383,Techland Mobile,techland.net,ADJACENT,Dying Light concept,5M+,Techland,Polish studio,Zombie action
4384,CD Projekt Mobile,cdprojekt.com,ADJACENT,Witcher concept,5M+,CD Projekt,Polish studio,Gwent mobile
4385,11 bit studios,11bitstudios.com,ADJACENT,This War Mobile,10M+,Public company,Polish studio,Survival games
4386,People Can Fly Mobile,peoplecanfly.com,ADJACENT,Bulletstorm concept,5M+,Public company,Polish studio,Shooter games
4387,Flying Wild Hog,flyingwildhog.com/mobile,BROAD,Trek to Yomi,5M+,Embracer,Polish studio,Action games
4388,Bloober Team Mobile,blooberteam.com,ADJACENT,Layers Fear,5M+,VC-backed,Polish studio,Horror games
4389,Creepy Jar Mobile,creepyjar.com,ADJACENT,Green Hell,5M+,Public company,Polish studio,Survival games
4390,Live Motion Games,livemotiongames.com,ADJACENT,Green Hell VR,5M+,VC-backed,Polish studio,VR survival
4391,Reality Pump Mobile,realitypump.com,ADJACENT,Two Worlds mobile,5M+,TopWare,Polish studio,RPG games
4392,CI Games Mobile,cigames.com,ADJACENT,Lords Fallen,10M+,Public company,Polish studio,Souls-like
4393,The Farm 51 Mobile,thefarm51.com,ADJACENT,Chernobylite,5M+,VC-backed,Polish studio,Survival horror
4394,Starward Industries,starwardindustries.com,ADJACENT,The Invincible,5M+,Public company,Polish studio,Retro sci-fi
4395,Fool's Theory Mobile,foolstheory.com,ADJACENT,Witcher remake,5M+,VC-backed,Polish studio,RPG games
4396,One More Level Mobile,onemorelevellvl.com,ADJACENT,Ghostrunner,5M+,VC-backed,Polish studio,Cyberpunk action
4397,All in! Games Mobile,allingames.com,ADJACENT,Various games,10M+,VC-backed,Polish publisher,Indie games
4398,Gaming Factory Mobile,gaming-factory.com,ADJACENT,Various games,5M+,Gaming Factory,Polish publisher,Budget games
4399,Paradox Mobile,paradoxinteractive.com,ADJACENT,Strategy mobile,20M+,Public company,Swedish publisher,Grand strategy
4400,Paradox Thalassic,thalassic.com,ADJACENT,Strategy games,5M+,Paradox,Swedish studio,Strategy games
4401,Harebrained Mobile,harebrained-schemes.com,ADJACENT,Shadowrun,5M+,Paradox,US studio,Tactical RPG
4402,Triumph Studios Mobile,triumphstudios.com,ADJACENT,Age of Wonders,5M+,Paradox,Dutch studio,Strategy games
4403,Colossal Order Mobile,colossalorder.fi,BROAD,Cities Skylines,10M+,Paradox,Finnish studio,City builder
4404,Hardsuit Labs Mobile,hardsuitlabs.com,ADJACENT,Vampire concept,5M+,Paradox,US studio,RPG games
4405,Abstraction Games Mobile,abstractiongames.com,BROAD,Port specialist,30M+,Abstraction,Dutch studio,Game ports
4406,Virtuos Mobile,virtuosgames.com,BROAD,Port specialist,50M+,VC-backed,Singapore studio,AAA ports
4407,Iron Galaxy Mobile,irongalaxystudios.com,BROAD,Port specialist,30M+,VC-backed,US studio,Fighting games
4408,Saber Porting,saber.games/porting,BROAD,Port specialist,50M+,Embracer,Russian studio,AAA ports
4409,Feral Interactive Mobile,feralinteractive.com,BROAD,Mac/iOS ports,50M+,Feral,UK studio,Premium ports
4410,Aspyr Media Mobile,aspyr.com,BROAD,Star Wars ports,30M+,Embracer,US studio,Classic ports
4411,Night Dive Studios Mobile,nightdivestudios.com,ADJACENT,System Shock,5M+,Atari acquired,US studio,Retro remasters
4412,Digital Eclipse Mobile,digitaleclipse.com,BROAD,Retro collections,20M+,Atari,US studio,Classic games
4413,Limited Run Mobile,limitedrungames.com/digital,BROAD,Various indie,10M+,Limited Run,US studio,Indie support
4414,Dotemu Mobile,dotemu.com,BROAD,Streets of Rage 4,10M+,Focus Entertainment,French studio,Retro revivals
4415,Lizardcube Mobile,lizardcube.com,BROAD,Wonder Boy,5M+,Independent,French studio,Pixel art
4416,Guard Crush Games Mobile,guardcrush.com,BROAD,Streets of Rage 4,10M+,Dotemu partner,French studio,Beat em up
4417,Tribute Games Mobile,tributegames.com,BROAD,TMNT Shredder,10M+,VC-backed,Canadian studio,Pixel action
4418,WayForward Mobile Games,wayforward.com/mobile,BROAD,River City Girls,10M+,Independent,US studio,Retro action
4419,Arc System Works Mobile,arcsystemworks.com,ADJACENT,Guilty Gear,10M+,Arc System,Japan studio,Fighting games
4420,SNK Mobile,snk-corp.co.jp,ADJACENT,KOF AllStar,30M+,SNK/Netmarble,Japan studio,Fighting games
4421,Netmarble SNK,netmarble.com/snk,ADJACENT,KOF AllStar,30M+,Netmarble,Korean partner,Fighting games
4422,Arika Mobile,arika.co.jp,ADJACENT,Tetris 99,30M+,Arika,Japan studio,Puzzle games
4423,Capcom Fighting,capcom.com/fighting,ADJACENT,SF Duel,10M+,Capcom,Japan studio,Fighting games
4424,Bandai Namco Fighting,bnei.jp/fighting,ADJACENT,Tekken Mobile,20M+,Bandai Namco,Japan studio,Fighting games
4425,Koei Tecmo Fighting,koeitecmo.com/fighting,ADJACENT,DOA mobile,10M+,Koei Tecmo,Japan studio,Fighting games
4426,Sega Fighting,sega.com/fighting,ADJACENT,Virtua Fighter,10M+,Sega,Japan studio,Fighting games
4427,Team Ninja Fighting,teamninja-studio.com/fighting,ADJACENT,DOA development,10M+,Koei Tecmo,Japan studio,Fighting games
4428,Dimps Mobile,dimps.co.jp,ADJACENT,Dragon Ball FighterZ,10M+,Dimps,Japan studio,Fighting games
4429,CyberConnect2 Mobile,cc2.co.jp,ADJACENT,Naruto Ultimate,20M+,CyberConnect2,Japan studio,Anime fighting
4430,Spike Fighting,spike-chunsoft.com/fighting,ADJACENT,Jump Force,5M+,Spike Chunsoft,Japan studio,Anime fighters
4431,Omega Force Fighting,gamecity.ne.jp/fighting,ADJACENT,One Piece PW,10M+,Koei Tecmo,Japan studio,Musou games
4432,Platinum Fighting,platinumgames.com/fighting,ADJACENT,Action games,5M+,Platinum,Japan studio,Character action
4433,Grasshopper Fighting,grasshopper.co.jp/fighting,ADJACENT,No More Heroes,5M+,Grasshopper,Japan studio,Action games
4434,Suda51 Games,grasshopper.co.jp/suda51,ADJACENT,NMH mobile,5M+,Grasshopper,Japan studio,Punk games
4435,Marvelous Fighting,marv.jp/fighting,ADJACENT,Senran Kagura,10M+,Marvelous,Japan studio,Action games
4436,Compile Heart Fighting,compileheart.com/fighting,ADJACENT,Neptunia action,5M+,Idea Factory,Japan studio,Anime action
4437,Tamsoft Mobile,tamsoft.co.jp,ADJACENT,Senran action,5M+,Tamsoft,Japan studio,Action games
4438,Vanillaware Mobile,vanillaware.co.jp,ADJACENT,Dragon's Crown,5M+,Vanillaware,Japan studio,2D action
4439,Atlus Action,atlus.com/action,ADJACENT,Persona action,10M+,Sega,Japan studio,Action spinoffs
4440,Level-5 Action,level5.co.jp/action,ADJACENT,Ni no Kuni mobile,10M+,Level-5,Japan studio,Action RPG
4441,Bandai Namco RPG,bnei.jp/rpg,ADJACENT,Tales mobile,30M+,Bandai Namco,Japan studio,JRPG games
4442,Square Enix RPG,square-enix.com/rpg,ADJACENT,Final Fantasy,100M+,Square Enix,Japan studio,JRPG master
4443,Atlus RPG,atlus.com/rpg,ADJACENT,Persona 5 Royal,10M+,Sega,Japan studio,JRPG master
4444,NIS RPG,nisamerica.com/rpg,ADJACENT,Disgaea mobile,10M+,Nippon Ichi,Japan studio,SRPG master
4445,Falcom RPG,falcom.co.jp/rpg,ADJACENT,Ys mobile,5M+,Falcom,Japan studio,Action JRPG
4446,Vanillaware RPG,vanillaware.co.jp/rpg,ADJACENT,13 Sentinels,5M+,Vanillaware,Japan studio,Visual novel
4447,Monolith RPG,monolithsoft.co.jp/rpg,ADJACENT,Xenoblade,10M+,Nintendo,Japan studio,Open world JRPG
4448,Game Freak RPG,gamefreak.co.jp/rpg,BROAD,Pokemon series,1B+,Nintendo partner,Japan studio,Pokemon RPG
4449,Genius Sonority,genius-s.co.jp,BROAD,Pokemon spinoffs,20M+,Nintendo partner,Japan studio,Pokemon games
4450,Ambrella,ambrella.co.jp,BROAD,Pokemon spinoffs,10M+,Nintendo partner,Japan studio,Pokemon games
4451,Jupiter Corp,jupiter.jp,ADJACENT,Picross mobile,10M+,Nintendo partner,Japan studio,Puzzle games
4452,NDcube,ndcube.co.jp,BROAD,Mario Party,20M+,Nintendo,Japan studio,Party games
4453,1-Up Studio,1-up-studio.jp,ADJACENT,Mother concepts,5M+,Nintendo,Japan studio,RPG support
4454,Camelot RPG,camelot.co.jp/rpg,ADJACENT,Golden Sun,5M+,Nintendo partner,Japan studio,JRPG classic
4455,Matrix Software,matrixs.co.jp,ADJACENT,Final Fantasy ports,10M+,Matrix,Japan studio,Port specialist
4456,Silicon Studio Mobile,siliconstudio.co.jp,ADJACENT,Bravely mobile,10M+,Silicon Studio,Japan studio,JRPG games
4457,Furyu Mobile,furyu.jp,ADJACENT,Crystar mobile,5M+,Furyu,Japan studio,Anime JRPG
4458,Experience Inc Mobile,experienceinc.jp,ADJACENT,Dungeon RPG,5M+,Experience,Japan studio,First-person RPG
4459,Acquire SRPG,acquire.co.jp/srpg,ADJACENT,Tactics mobile,5M+,Acquire,Japan studio,Tactical RPG
4460,Sting Entertainment,stingnet.co.jp,ADJACENT,Dept Heaven,5M+,Sting,Japan studio,SRPG games
4461,Flight-Plan Legacy,flightplan.co.jp,ADJACENT,Summon Night,5M+,Bandai Namco,Japan legacy,SRPG games
4462,Imageepoch Legacy,imageepoch.co.jp,ADJACENT,Luminous Arc,5M+,Imageepoch closed,Japan legacy,JRPG studio
4463,Gust JRPG,gust.co.jp/jrpg,ADJACENT,Atelier mobile,10M+,Koei Tecmo,Japan studio,Crafting JRPG
4464,Tri-Ace Mobile,tri-ace.co.jp,ADJACENT,Star Ocean mobile,5M+,Tri-Ace,Japan studio,Sci-fi JRPG
4465,tri-Crescendo,tri-crescendo.co.jp,ADJACENT,Eternal Sonata,5M+,tri-Crescendo,Japan studio,Musical JRPG
4466,Media.Vision Mobile,media-vision.co.jp,ADJACENT,Wild Arms,5M+,Media.Vision,Japan studio,Western JRPG
4467,Access Games Mobile,accessgames.co.jp,ADJACENT,Deadly Premonition,5M+,Access,Japan studio,Cult games
4468,Grasshopper RPG,grasshopper.co.jp/rpg,ADJACENT,Killer7 concept,5M+,Grasshopper,Japan studio,Experimental
4469,Mistwalker Mobile,mistwalker.co.jp,ADJACENT,Terra Battle,10M+,Mistwalker,Japan studio,FF creator
4470,ArtePiazza Mobile,artepiazza.co.jp,ADJACENT,Dragon Quest,10M+,Square Enix partner,Japan studio,DQ remakes
4471,Tose Mobile,tose.co.jp,ADJACENT,Ghost developer,50M+,Tose,Japan studio,Co-development
4472,Cattle Call Mobile,cattlecall.co.jp,ADJACENT,Metal Max,5M+,Kadokawa,Japan studio,Post-apoc RPG
4473,Lancarse Mobile,lancarse.co.jp,ADJACENT,Lost Dimension,5M+,Lancarse,Japan studio,SRPG games
4474,Monaca Mobile,monaca.jp,ADJACENT,Game music,50M+ OST,Monaca,Japan studio,Game composer
4475,Sega Sound,sega.com/sound,BROAD,Sonic OST,100M+ OST,Sega,Japan studio,Game music
4476,Capcom Sound,capcom.com/sound,BROAD,RE/MH OST,50M+ OST,Capcom,Japan studio,Game music
4477,Square Enix Music,square-enix.com/music,ADJACENT,FF/DQ OST,100M+ OST,Square Enix,Japan studio,JRPG music
4478,Nintendo Sound,nintendo.com/sound,BROAD,Mario/Zelda OST,200M+ OST,Nintendo,Japan studio,Nintendo music
4479,FromSoftware Sound,fromsoftware.jp/sound,ADJACENT,Souls OST,20M+ OST,Kadokawa,Japan studio,Dark fantasy
4480,Yoko Shimomura,yokoshimomura.com,ADJACENT,Kingdom Hearts,50M+ OST,Independent,Japan composer,JRPG music
4481,Nobuo Uematsu,nobuouematsu.com,ADJACENT,Final Fantasy,100M+ OST,Independent,Japan composer,FF music
4482,Koji Kondo,nintendo.com/kondo,BROAD,Mario/Zelda,200M+ OST,Nintendo,Japan composer,Nintendo music
4483,Shoji Meguro,atlus.com/meguro,ADJACENT,Persona OST,30M+ OST,Atlus,Japan composer,SMT music
4484,Motoi Sakuraba,tri-ace.co.jp/sakuraba,ADJACENT,Tales/SO OST,30M+ OST,Independent,Japan composer,JRPG music
4485,Yasunori Mitsuda,procyon-studio.com,ADJACENT,Chrono OST,20M+ OST,Procyon,Japan composer,JRPG music
4486,Keiichi Okabe,monaca.jp/okabe,ADJACENT,NieR OST,15M+ OST,Monaca,Japan composer,NieR music
4487,Hitoshi Sakimoto,sakimoto.jp,ADJACENT,FF Tactics OST,20M+ OST,Basiscape,Japan composer,SRPG music
4488,Masashi Hamauzu,hamauzu.com,ADJACENT,FF13 OST,10M+ OST,Independent,Japan composer,Modern FF
4489,Takeharu Ishimoto,square-enix.com/ishimoto,ADJACENT,Crisis Core OST,10M+ OST,Square Enix,Japan composer,FF music
4490,Go Shiina,bandainamcoent.com/shiina,ADJACENT,Tales/Demon OST,20M+ OST,Bandai Namco,Japan composer,Anime music
4491,Hiroki Kikuta,sakuraba.net,ADJACENT,Mana OST,10M+ OST,Independent,Japan composer,SoM music
4492,Larian Studios Mobile,larian.com,ADJACENT,BG3 concept,20M+,VC-backed,Belgian studio,CRPG master
4493,Owlcat Games Mobile,owlcatgames.com,ADJACENT,Pathfinder,5M+,VC-backed,Russian studio,CRPG games
4494,InXile Entertainment,inxile.net,ADJACENT,Wasteland mobile,5M+,Microsoft,US studio,CRPG games
4495,Obsidian RPG,obsidian.net/rpg,ADJACENT,Pillars mobile,5M+,Microsoft,US studio,CRPG games
4496,BioWare RPG,bioware.com/rpg,ADJACENT,Baldur's Gate,10M+,EA,Canadian studio,CRPG pioneer
4497,Black Isle Legacy,blackisle.com,ADJACENT,Icewind Dale,5M+,Interplay legacy,US legacy,CRPG classic
4498,Troika Legacy,troikagames.com,ADJACENT,Arcanum concept,5M+,Troika closed,US legacy,CRPG cult
4499,New World Computing,newworldcomputing.com,ADJACENT,HoMM mobile,10M+,Ubisoft,US legacy,Strategy classic
4500,Blue Byte Mobile,bluebyte.de,ADJACENT,Settlers mobile,10M+,Ubisoft,German studio,Strategy games
4501,Funcom Mobile,funcom.com,ADJACENT,Conan mobile,10M+,Tencent invested,Norwegian studio,MMO games
4502,Piranha Bytes Mobile,piranha-bytes.com,ADJACENT,Gothic concept,5M+,THQ Nordic,German studio,Euro RPG
4503,Spiders Mobile,spiders-games.com,ADJACENT,Greedfall mobile,5M+,VC-backed,French studio,Euro RPG
4504,Focus Entertainment Mobile,focus-entmt.com,ADJACENT,Various games,30M+,Public company,French publisher,AA games
4505,Nacon Mobile,nacon.com,ADJACENT,Various games,20M+,Bigben,French publisher,Licensed games
4506,Bigben Interactive,bigben-group.com,ADJACENT,Various games,20M+,Public company,French publisher,Budget games
4507,Microids Mobile,microids.com,ADJACENT,Syberia mobile,10M+,Microids,French publisher,Adventure games
4508,Anuman Interactive,anuman-interactive.com,BROAD,Educational,30M+,Anuman,French publisher,Learning games
4509,Plug In Digital Mobile,plug-in-digital.com,BROAD,Various indie,30M+,VC-backed,French publisher,Indie games
4510,Dear Villagers Mobile,dearvillagers.com,BROAD,Various indie,10M+,Plug In Digital,French publisher,Indie label
4511,No More Robots Mobile,nomorerobots.io,BROAD,Various indie,10M+,VC-backed,UK publisher,Indie games
4512,Digerati Mobile,digerati.com,BROAD,Various indie,20M+,VC-backed,US publisher,Indie games
4513,Sometimes You Mobile,sometimesyou.com,BROAD,Various indie,20M+,Sometimes You,Russian publisher,Port specialist
4514,Ratalaika Games Mobile,ratalaikagames.com,BROAD,Various indie,30M+,VC-backed,Spanish publisher,Indie ports
4515,Eastasiasoft Mobile,eastasiasoft.com,BROAD,Various indie,20M+,VC-backed,HK publisher,Asian games
4516,PM Studios Mobile,pm-studios.com,BROAD,Various games,10M+,PM Studios,Korean publisher,Various games
4517,Kakehashi Games Mobile,kakehashi-games.com,BROAD,Various indie,10M+,Kakehashi,Japan publisher,Indie localization
4518,Phoenixx Mobile,phoenixx.ne.jp,BROAD,Various indie,10M+,Phoenixx,Japan publisher,Japanese indie
4519,Playism Mobile,playism.com,BROAD,Various indie,20M+,Active Gaming,Japan publisher,Indie localization
4520,ININ Games Mobile,inin-games.com,BROAD,Retro games,20M+,United Games,German publisher,Classic revivals
4521,Strictly Limited Mobile,strictlylimitedgames.com,BROAD,Limited physical,10M+,Strictly Limited,German publisher,Collector games
4522,Super Rare Games Mobile,superraregames.com,BROAD,Limited physical,10M+,Super Rare,UK publisher,Collector games
4523,Red Art Games Mobile,redartgames.com,BROAD,Limited physical,10M+,Red Art,French publisher,Collector games
4524,First Press Games Mobile,firstpressgames.com,BROAD,Limited physical,10M+,First Press,German publisher,Collector games
4525,Signature Edition Mobile,signatureeditiongames.com,BROAD,Limited physical,10M+,Signature Edition,UK publisher,Collector games
4526,Meridiem Games Mobile,meridiemgames.com,BROAD,Various games,10M+,Meridiem,Spanish publisher,Distribution
4527,Tesura Games Mobile,tesuragames.com,BROAD,Various games,10M+,Tesura,Spanish publisher,Distribution
4528,Badland Games Mobile,badlandgames.com,BROAD,Various games,10M+,Badland,Spanish publisher,Distribution
4529,QubicGames Mobile,qubicgames.com,BROAD,Various indie,30M+,VC-backed,Polish publisher,Indie games
4530,Forever Entertainment Mobile,forever-entertainment.com,BROAD,Various remakes,20M+,Public company,Polish publisher,Remakes
4531,Crunching Koalas Mobile,crunchingkoalas.com,BROAD,Various ports,10M+,VC-backed,Polish studio,Port specialist
4532,Carbon Studio Mobile,carbon-studio.com,BROAD,VR games,5M+,VC-backed,Polish studio,VR specialist
4533,VR Immersive,vrimmersive.com,BROAD,VR experiences,10M+,VC-backed,Various,VR content
4534,Resolution Games Mobile,resolutiongames.com,BROAD,Demeo VR,10M+,VC-backed,Swedish studio,VR games
4535,Within Mobile,with.in,BROAD,VR experiences,10M+,VC-backed,US studio,VR content
4536,Felix & Paul Mobile,felixandpaul.com,BROAD,VR experiences,5M+,VC-backed,Canadian studio,VR documentary
4537,Baobab Studios Mobile,baobabstudios.com,BROAD,VR animation,5M+,VC-backed,US studio,VR stories
4538,Innerspace VR Mobile,intospace.fr,BROAD,VR experiences,5M+,VC-backed,French studio,VR games
4539,Fast Travel Games Mobile,fasttravelgames.com,BROAD,VR games,5M+,VC-backed,Swedish studio,VR games
4540,Schell Games Mobile,schellgames.com,BROAD,I Expect You Die,10M+,VC-backed,US studio,VR puzzle
4541,Owlchemy Labs Mobile,owlchemylabs.com,BROAD,Job Simulator,10M+,Google,US studio,VR comedy
4542,Cloudhead Games Mobile,cloudheadgames.com,BROAD,Pistol Whip,5M+,VC-backed,Canadian studio,VR rhythm
4543,Survios Mobile,survios.com,BROAD,Beat Saber compete,5M+,VC-backed,US studio,VR games
4544,Beat Games Mobile,beatgames.com,BROAD,Beat Saber,10M+,Meta,Czech studio,VR rhythm
4545,Ready at Dawn VR,readyatdawn.com/vr,BROAD,Echo VR,5M+,Meta,US studio,VR sports
4546,BigBox VR Mobile,bigboxvr.com,BROAD,Population One,5M+,Meta,US studio,VR battle royale
4547,Twisted Pixel VR,twistedpixel.com,BROAD,VR games,5M+,Microsoft/Meta,US studio,VR games
4548,Impulse Gear Mobile,impulsegear.com,BROAD,Farpoint VR,5M+,VC-backed,US studio,VR shooter
4549,Polyarc Mobile,polyarcgames.com,BROAD,Moss VR,5M+,VC-backed,US studio,VR adventure
4550,Camouflaj Mobile,camouflaj.com,BROAD,Iron Man VR,5M+,VC-backed,US studio,VR action
4551,nDreams Mobile,ndreams.com,BROAD,Phantom Covert,10M+,VC-backed,UK studio,VR publisher
4552,Coatsink Mobile,coatsink.com,BROAD,Jurassic World VR,10M+,Thunderful,UK studio,VR games
4553,Free Lives Mobile,freelives.net,BROAD,GORN VR,5M+,VC-backed,South African,VR combat
4554,Stress Level Zero Mobile,stresslevelzero.com,BROAD,Boneworks,5M+,VC-backed,US studio,VR physics
4555,Steel Wool VR,steelwoolstudios.com/vr,ADJACENT,FNAF VR,10M+,VC-backed,US studio,VR horror
4556,Vertigo Games Mobile,vertigo-games.com,ADJACENT,After the Fall,5M+,Koch Media,Dutch studio,VR shooter
4557,Warhorse Studios Mobile,warhorsestudios.cz,ADJACENT,Kingdom Come,5M+,VC-backed,Czech studio,Medieval RPG
4558,Bohemia Interactive Mobile,bohemia.net,ADJACENT,DayZ mobile,10M+,VC-backed,Czech studio,Mil-sim
4559,Amanita Design Mobile,amanita-design.net,BROAD,Machinarium,10M+,Independent,Czech studio,Point click
4560,Madfinger Games Mobile,madfingergames.com,BROAD,Dead Trigger,100M+,VC-backed,Czech studio,Mobile shooter
4561,SCS Software Mobile,scssoft.com,BROAD,Truck Simulator,50M+,Independent,Czech studio,Simulation
4562,Keen Software Mobile,keenswh.com,BROAD,Space Engineers,5M+,VC-backed,Czech studio,Sandbox
4563,2K Czech Mobile,2kczech.com,ADJACENT,Mafia concept,5M+,Take-Two,Czech studio,Narrative
4564,Grip Digital Mobile,gripdigi.com,BROAD,Various ports,20M+,VC-backed,Czech studio,Port specialist
4565,Charles Games Mobile,charlesgames.net,ADJACENT,Creaks,5M+,VC-backed,Czech studio,Puzzle games
4566,CBE Software Mobile,cbe-software.net,ADJACENT,Someday You'll,5M+,VC-backed,Czech studio,Adventure
4567,Dreadlocks Mobile,dreadlocks.cz,ADJACENT,Ghost Theory,5M+,VC-backed,Czech studio,Horror games
4568,Wube Software Mobile,wube.cz,ADJACENT,Factorio,5M+,Independent,Czech studio,Factory sim
4569,Hyperbolic Magnetism Mobile,hyperbolicmagnetism.com,BROAD,Beat Saber dev,10M+,Meta,Czech studio,VR rhythm
4570,Perun Creative Mobile,peruncreative.com,ADJACENT,Various games,5M+,VC-backed,Czech studio,VR games
4571,Games Farm Mobile,gamesfarm.eu,ADJACENT,Vikings mobile,10M+,VC-backed,Slovak studio,Action RPG
4572,Cauldron Mobile,cauldron.com,ADJACENT,Conan mobile,5M+,Cauldron,Slovak studio,Action games
4573,Cinemax Mobile,cinemax.sk,ADJACENT,Various games,5M+,Cinemax,Slovak studio,Various
4574,Pixel Federation Mobile,pixelfederation.com,BROAD,TrainStation,30M+,VC-backed,Slovak studio,Simulation
4575,PowerPlay Studio Mobile,powerplaystudio.com,BROAD,Various games,10M+,VC-backed,Slovak studio,Various
4576,Sheepyard Mobile,sheepyard.pl,ADJACENT,Real Boxing,30M+,VC-backed,Polish studio,Sports games
4577,Vivid Games Mobile,vividgames.com,BROAD,Real Boxing,30M+,Public company,Polish studio,Sports mobile
4578,iFun4All Mobile,ifun4all.com,BROAD,Various games,20M+,VC-backed,Polish studio,Casual games
4579,Ten Square Games Mobile,tensquaregames.com,BROAD,Fishing Clash,30M+,Public company,Polish studio,Casual games
4580,Huuuge Poland,huuugegames.com/poland,BROAD,Casino games,30M+,Public company,Polish studio,Social casino
4581,Jujubee Mobile,jujubee.pl,BROAD,Strategia mobile,5M+,Public company,Polish studio,Various
4582,Artifex Mundi Games,artifexmundi.com/games,BROAD,Hidden object,30M+,Public company,Polish studio,Adventure
4583,T-Bull Mobile,t-bull.com,BROAD,Various games,30M+,Public company,Polish studio,Various
4584,Cherrypick Games Mobile,cherrypickgames.com,BROAD,My Hospital,20M+,VC-backed,Polish studio,Management
4585,Draw Distance Mobile,drawdistance.dev,ADJACENT,Serial Cleaner,5M+,VC-backed,Polish studio,Indie games
4586,Movie Games Mobile,moviegames.pl,ADJACENT,Various games,10M+,Public company,Polish studio,Various
4587,PlayWay Mobile,playway.com,ADJACENT,Simulator games,50M+,Public company,Polish publisher,Simulation
4588,Ultimate Games Mobile,ultimate-games.com,ADJACENT,Various sim,30M+,VC-backed,Polish publisher,Simulation
4589,SimFabric Mobile,simfabric.com,ADJACENT,Various sim,20M+,VC-backed,Polish publisher,Port specialist
4590,Games Operators Mobile,gamesoperators.com,ADJACENT,911 Operator,10M+,PlayWay,Polish studio,Sim games
4591,Frozen Way Mobile,frozenway.com,ADJACENT,House Flipper,10M+,PlayWay,Polish studio,Sim games
4592,Empyrean Mobile,empyrean.games,ADJACENT,Thief Simulator,10M+,PlayWay,Polish studio,Sim games
4593,Car Mechanic Sim,playway.com/carmechanic,BROAD,Car Mechanic Sim,30M+,PlayWay,Polish studio,Sim games
4594,Destructive Creations Mobile,destructivecreations.pl,ADJACENT,Ancestors Legacy,5M+,VC-backed,Polish studio,Strategy
4595,Behaviour Interactive Mobile,bhvr.com,ADJACENT,Dead by Daylight,50M+,VC-backed,Canadian studio,Asymmetric horror
4596,Eidos Montreal Mobile,eidosmontreal.com/mobile,ADJACENT,Marvel Guardians,10M+,Embracer,Canadian studio,AAA games
4597,BioWare Edmonton Mobile,bioware.com/edmonton,ADJACENT,Mass Effect,10M+,EA,Canadian studio,RPG master
4598,BioWare Austin Mobile,bioware.com/austin,ADJACENT,SWTOR mobile,5M+,EA,US studio,MMO games
4599,Ubisoft Montreal Mobile,ubisoft.com/montreal,BROAD,AC mobile,50M+,Ubisoft,Canadian studio,AC franchise
4600,Ubisoft Toronto Mobile,ubisoft.com/toronto,ADJACENT,Far Cry mobile,20M+,Ubisoft,Canadian studio,FPS games
4601,Ubisoft Quebec Mobile,ubisoft.com/quebec,ADJACENT,AC Odyssey,10M+,Ubisoft,Canadian studio,AC games
4602,Digital Extremes Mobile,digitalextremes.com,ADJACENT,Warframe,50M+,Tencent,Canadian studio,F2P shooter
4603,Relic Entertainment Mobile,relic.com,ADJACENT,Company Heroes,5M+,Sega,Canadian studio,RTS games
4604,Next Level Games Mobile,nlfgames.com/mobile,BROAD,Luigi Mansion,10M+,Nintendo,Canadian studio,Nintendo partner
4605,Compulsion Games Mobile,compulsiongames.com/mobile,ADJACENT,We Happy Few,5M+,Microsoft,Canadian studio,Narrative
4606,The Coalition Mobile,thecoalition.com/mobile,ADJACENT,Gears concept,5M+,Microsoft,Canadian studio,TPS games
4607,Blackbird Interactive Mobile,blackbirdinteractive.com,ADJACENT,Homeworld,5M+,VC-backed,Canadian studio,Space RTS
4608,Phoenix Labs Mobile,phoenixlabs.ca,BROAD,Dauntless,30M+,Garena,Canadian studio,F2P action
4609,Klei Entertainment Mobile,klei.com/mobile,BROAD,Don't Starve,20M+,Tencent,Canadian studio,Survival games
4610,DrinkBox Studios Mobile,drinkboxstudios.com,BROAD,Guacamelee,10M+,VC-backed,Canadian studio,Metroidvania
4611,Tribute Games Mobile,tributegames.com/mobile,BROAD,TMNT Shredder,10M+,VC-backed,Canadian studio,Retro action
4612,Capybara Games Mobile,capybaragames.com,BROAD,Below,5M+,VC-backed,Canadian studio,Indie games
4613,Thunder Lotus Mobile,thunderlotusgames.com,ADJACENT,Spiritfarer,5M+,VC-backed,Canadian studio,Emotional games
4614,Sabotage Studio Mobile,sabotagestudio.com,ADJACENT,Messenger,5M+,VC-backed,Canadian studio,Retro indie
4615,Reptoid Games Mobile,reptoidgames.com,BROAD,Fossil Hunters,5M+,VC-backed,Canadian studio,Indie games
4616,Red Barrel Games Mobile,redbarrelgames.com,ADJACENT,Outlast mobile,10M+,VC-backed,Canadian studio,Horror games
4617,Iron Galaxy Mobile,irongalaxystudios.com/mobile,BROAD,Various ports,30M+,VC-backed,US studio,Port specialist
4618,Deck13 Mobile,deck13.de,ADJACENT,Surge mobile,5M+,Focus,German studio,Souls-like
4619,KING Art Games Mobile,kingartgames.com,ADJACENT,Battle Chasers,5M+,VC-backed,German studio,RPG games
4620,Mimimi Games Mobile,mimimi.games,ADJACENT,Desperados,5M+,THQ Nordic,German studio,Tactics games
4621,Daedalic Entertainment Mobile,daedalic.com,ADJACENT,Deponia,10M+,Nacon,German studio,Adventure games
4622,Piranha Bytes Mobile,piranha-bytes.com/mobile,ADJACENT,Gothic,5M+,THQ Nordic,German studio,Euro RPG
4623,Crytek Mobile,crytek.com/mobile,ADJACENT,Crysis concept,10M+,Crytek,German studio,CryEngine
4624,Deep Silver Volition Mobile,dsvolition.com,ADJACENT,Saints Row,10M+,Embracer closed,US studio,Open world
4625,Vigil Games Legacy,vigilgames.com,ADJACENT,Darksiders,5M+,THQ legacy,US legacy,Action games
4626,Gunfire Games Mobile,gunfiregames.com,ADJACENT,Darksiders Genesis,5M+,VC-backed,US studio,Action RPG
4627,THQ Nordic Vienna Mobile,thqnordic.com/vienna,ADJACENT,Various games,10M+,Embracer,Austrian studio,AA games
4628,Hangar 13 Mobile,hangar13games.com/mobile,ADJACENT,Mafia concept,5M+,Take-Two,US studio,Narrative
4629,31st Union Mobile,31stunion.com/mobile,ADJACENT,New IP,5M+,Take-Two,US studio,New studio
4630,Cloud Chamber Mobile,cloudchamberstudios.com/mobile,ADJACENT,BioShock,5M+,Take-Two,US studio,Narrative FPS
4631,2K Novato Mobile,2k.com/novato,BROAD,Various 2K,10M+,Take-Two,US studio,2K games
4632,Firaxis Mobile,firaxis.com/mobile,BROAD,XCOM mobile,10M+,Take-Two,US studio,Strategy
4633,Gearbox Mobile,gearboxsoftware.com/mobile,ADJACENT,Borderlands concept,10M+,Embracer,US studio,Looter
4634,Triptych Games Mobile,triptychgames.com,ADJACENT,Aliens concepts,5M+,Gearbox,US studio,Support
4635,Lost Boys Interactive Mobile,lostboysinteractive.com,ADJACENT,Various support,5M+,Gearbox,US studio,Support
4636,Risk of Rain Mobile,hopoo.io,ADJACENT,Risk of Rain mobile,10M+,Gearbox,US studio,Roguelike
4637,Cryptic Studios Mobile,crypticstudios.com,ADJACENT,Neverwinter mobile,10M+,Embracer,US studio,MMO games
4638,Volition Mobile,volition-inc.com,ADJACENT,Saints Row,10M+,Embracer closed,US legacy,Open world
4639,Shiver Entertainment Mobile,shiver.games,ADJACENT,Various ports,10M+,Embracer,US studio,Port specialist
4640,Saber Interactive Mobile,saber.games/mobile,BROAD,Various AAA,50M+,Embracer,Russian studio,AAA ports
4641,4A Games Mobile,4a-games.com/mobile,ADJACENT,Metro mobile,10M+,Embracer,Ukrainian studio,FPS
4642,GSC Game World Mobile,gsc-game.com,ADJACENT,Stalker concept,5M+,VC-backed,Ukrainian studio,FPS
4643,Frogwares Mobile,frogwares.com,ADJACENT,Sherlock Holmes,10M+,VC-backed,Ukrainian studio,Detective
4644,Starbreeze Mobile,starbreeze.com,ADJACENT,Payday mobile,10M+,Public company,Swedish studio,Co-op heist
4645,MachineGames Mobile,machinegames.com,ADJACENT,Wolfenstein,5M+,Microsoft,Swedish studio,FPS
4646,Tarsier Studios Mobile,tarsierstudios.com,ADJACENT,Little Nightmares,10M+,Embracer,Swedish studio,Horror
4647,Fatshark Mobile,fatshark.se,ADJACENT,Vermintide mobile,5M+,Tencent invested,Swedish studio,Co-op
4648,Easy Trigger Mobile,easytrigger.se,ADJACENT,Huntdown,5M+,VC-backed,Swedish studio,Retro action
4649,Image & Form Mobile,imageform.se,ADJACENT,SteamWorld,10M+,Thunderful,Swedish studio,Indie games
4650,Thunderful Mobile,thunderful.com,BROAD,Various indie,30M+,Public company,Swedish publisher,Indie games
4651,Zoink Mobile,zoinkgames.com,ADJACENT,Fe,5M+,Thunderful,Swedish studio,Indie games
4652,Amplifier Mobile,amplifier.se,ADJACENT,Various support,10M+,Embracer,Swedish studio,Support
4653,Pieces Interactive Mobile,pieces-interactive.com,ADJACENT,Alone Dark,5M+,Embracer,Swedish studio,Horror
4654,Coffee Stain North Mobile,coffeestainstudios.com/north,BROAD,Deep Rock Galactic,10M+,Embracer,Swedish studio,Co-op
4655,Ghost Ship Games Mobile,ghostship.dk,ADJACENT,Deep Rock Galactic,10M+,Embracer,Danish studio,Co-op
4656,IO Interactive Mobile,ioi.dk/mobile,BROAD,Hitman mobile,20M+,Independent,Danish studio,Stealth
4657,Press Play Mobile,pressplay.dk,ADJACENT,Max & Maya,5M+,Microsoft closed,Danish legacy,Platformer
4658,Playdead Mobile,playdead.com,ADJACENT,Inside,10M+,Independent,Danish studio,Atmospheric
4659,Flashbulb Games Mobile,flashbulbgames.com,ADJACENT,Trailmakers,5M+,VC-backed,Danish studio,Sandbox
4660,Sybo Games Mobile,sybo.dk,BROAD,Subway Surfers,3B+,Miniclip,Danish studio,Endless runner
4661,Tactile Entertainment Mobile,tactilegames.com/mobile,BROAD,Lily's Garden,50M+,VC-backed,Danish studio,Match-3
4662,Full Control Mobile,fullcontrol.dk,ADJACENT,Space Hulk,5M+,VC-backed,Danish studio,Tactics
4663,Logic Artists Mobile,logic-artists.com,ADJACENT,Expeditions,5M+,VC-backed,Danish studio,RPG tactics
4664,Northplay Mobile,northplay.co,ADJACENT,Various indie,5M+,VC-backed,Danish studio,Indie games
4665,Glitchers Mobile,glitchers.com,ADJACENT,Various indie,5M+,VC-backed,Danish studio,Indie games
4666,Bitfox Mobile,bitfox.dk,ADJACENT,Various indie,5M+,VC-backed,Danish studio,Indie games
4667,MiTale Mobile,mitale.dk,ADJACENT,Chronology,5M+,VC-backed,Danish studio,Adventure
4668,Funday Factory Mobile,fundayfactory.com,ADJACENT,Various casual,10M+,VC-backed,Danish studio,Casual games
4669,Snowprint Studios Mobile,snowprintstudios.com,ADJACENT,Warhammer Tacticus,10M+,VC-backed,Swedish studio,Mobile tactics
4670,Fatshark Mobile,fatshark.se/mobile,ADJACENT,Vermintide,5M+,Tencent,Swedish studio,Co-op action
4671,Stunlock Studios Mobile,stunlockstudios.com,ADJACENT,V Rising,5M+,VC-backed,Swedish studio,Survival
4672,Experiment 101 Mobile,experiment101.se,ADJACENT,Biomutant,5M+,Embracer,Swedish studio,Open world
4673,Systembolaget Mobile,systembolaget.se,BROAD,Various apps,5M+,Government,Swedish platform,Apps
4674,King Stockholm Mobile,king.com/stockholm,BROAD,Candy Crush dev,3B+,Microsoft,Swedish studio,King HQ
4675,Embracer Freemode,embracer.com/freemode,BROAD,F2P games,50M+,Embracer,Swedish publisher,F2P division
4676,Nordisk Games Mobile,nordiskgames.com,BROAD,Various invested,50M+,Nordisk Film,Danish publisher,Investment
4677,Egmont Games Mobile,egmont.com/games,BROAD,Various licensed,20M+,Egmont,Danish publisher,Licensed
4678,Reto-Moto Mobile,retomoto.com,ADJACENT,Heroes Generals,5M+,VC-backed,Danish studio,WW2 games
4679,Kiloo Games Mobile,kiloo.com/mobile,BROAD,Subway Surfers pub,3B+,SYBO partner,Danish publisher,Publishing
4680,Seriously Digital Mobile,seriously.com/mobile,BROAD,Best Fiends,100M+,Rovio acquired,Finnish studio,Match-3
4681,Critical Force Mobile,criticalforce.fi/mobile,BROAD,Critical Ops,80M+,VC-backed,Finnish studio,Mobile FPS
4682,Colossal Order Mobile,colossalorder.fi/mobile,BROAD,Cities Skylines,10M+,Paradox,Finnish studio,City builder
4683,Housemarque Mobile,housemarque.com/mobile,BROAD,Returnal concept,5M+,Sony,Finnish studio,Arcade action
4684,Remedy Mobile,remedygames.com/mobile,BROAD,Control concept,5M+,Public company,Finnish studio,Narrative action
4685,Red Lynx Mobile,redlynx.com,BROAD,Trials Frontier,30M+,Ubisoft,Finnish studio,Racing
4686,Rovio Entertainment Mobile,rovio.com/mobile,BROAD,Angry Birds,500M+,SEGA,Finnish publisher,Casual games
4687,Supercell Mobile,supercell.com/mobile,BROAD,Clash of Clans,500M+,Tencent,Finnish studio,$10.2B games
4688,Small Giant Mobile,smallgiantgames.com/mobile,ADJACENT,Empires Puzzles,30M+,Zynga,Finnish studio,Match-3 RPG
4689,Next Games Mobile,nextgames.com/mobile,ADJACENT,Walking Dead,10M+,Netflix,Finnish studio,Licensed games
4690,Frogmind Mobile,frogmind.com/mobile,BROAD,Badland,80M+,Supercell,Finnish studio,Physics games
4691,Nitro Games Mobile,nitrogames.com/mobile,BROAD,Heroes Warland,5M+,Public company,Finnish studio,Shooter mobile
4692,Traplight Mobile,traplight.com/mobile,BROAD,Battle Legion,10M+,VC-backed,Finnish studio,Merge tactics
4693,PlayRaven Mobile,playraven.com/mobile,BROAD,Spymaster,5M+,Rovio acquired,Finnish studio,Strategy
4694,Fingersoft Mobile,fingersoft.com/mobile,BROAD,Hill Climb Racing,1B+,VC-backed,Finnish studio,Racing physics
4695,10tons Mobile,10tons.com,BROAD,Various indie,30M+,VC-backed,Finnish studio,Indie games
4696,Bugbear Mobile,bugbear.fi,ADJACENT,Wreckfest concept,5M+,Embracer,Finnish studio,Racing
4697,Housemarque Legacy,housemarque.com/legacy,BROAD,Super Stardust,10M+,Sony,Finnish studio,Arcade classic
4698,Remedy Legacy,remedygames.com/legacy,BROAD,Max Payne,20M+,Public company,Finnish studio,Action classic
4699,Reforged Studios Mobile,reforgedstudios.com,BROAD,Various games,5M+,VC-backed,Finnish studio,New studio
4700,Redhill Games Mobile,redhillgames.com,BROAD,Various games,5M+,VC-backed,Finnish studio,New studio
4701,Hatch Entertainment Mobile,hatch.live/mobile,BROAD,Cloud gaming,5M+,VC-backed,Finnish platform,Game streaming
4702,Gamemaker Software Mobile,gamemaker.io,BROAD,Game engine,50M+ games,Opera,UK platform,2D engine
4703,GameSalad Mobile,gamesalad.com,BROAD,Game platform,10M+ games,VC-backed,US platform,No-code games
4704,Clickteam Mobile,clickteam.com/mobile,BROAD,Fusion engine,50M+ games,Clickteam,French company,Game engine
4705,Multimedia Fusion,mmfusion.com,BROAD,FNAF engine,100M+ games,Clickteam,French company,Classic engine
4706,RPG Maker,rpgmakerweb.com/mobile,ADJACENT,RPG engine,10M+ games,Kadokawa,Japan platform,RPG creation
4707,Visual Novel Maker,visualnovelmaker.com,ADJACENT,VN engine,5M+ games,Kadokawa,Japan platform,VN creation
4708,Ren'Py Mobile,renpy.org/mobile,ADJACENT,VN engine,50M+ games,Open source,Global,VN engine
4709,TyranoBuilder Mobile,tyrano.jp/mobile,ADJACENT,VN engine,10M+ games,ShikemokuMK,Japan platform,VN creation
4710,Novelty Mobile,novelty.com,ADJACENT,VN platform,10M+,VC-backed,Various,VN games
4711,Joiplay Mobile,joiplay.com,ADJACENT,VN player,10M+,Independent,Global,VN emulator
4712,Kirikiroid2 Mobile,kirikiroid2.com,ADJACENT,VN player,5M+,Independent,Global,VN emulator
4713,QooApp Mobile,qoo-app.com,ADJACENT,Anime games,50M+,VC-backed,HK platform,Asian games
4714,TapTap Mobile,taptap.io,BROAD,Game platform,100M+,XD Inc,Chinese platform,Game discovery
4715,9Game Mobile,9game.com,BROAD,Game platform,100M+,Alibaba,Chinese platform,Android games
4716,Mi Game Center,mi.com/games,BROAD,Game platform,100M+,Xiaomi,Chinese platform,Mi games
4717,Huawei GameCenter,huawei.com/games,BROAD,Game platform,100M+,Huawei,Chinese platform,HMS games
4718,Oppo Game Center,oppo.com/games,BROAD,Game platform,100M+,Oppo,Chinese platform,ColorOS games
4719,Vivo Game Center,vivo.com/games,BROAD,Game platform,100M+,Vivo,Chinese platform,FuntouchOS
4720,Samsung Game Launcher,samsung.com/games,BROAD,Game platform,200M+,Samsung,Korean platform,Galaxy games
4721,OnePlus Games,oneplus.com/games,BROAD,Game platform,50M+,BBK,Chinese platform,Gaming phone
4722,Asus ROG,rog.asus.com,BROAD,Gaming devices,30M+,Asus,Taiwan platform,Gaming phone
4723,Razer Mobile,razer.com/mobile,BROAD,Gaming devices,30M+,Razer,Singapore,Gaming phone
4724,Black Shark,blackshark.com,BROAD,Gaming devices,20M+,Xiaomi/Ninebot,Chinese platform,Gaming phone
4725,Red Magic,redmagic.gg,BROAD,Gaming devices,20M+,ZTE,Chinese platform,Gaming phone
4726,Lenovo Legion Mobile,lenovo.com/legion,BROAD,Gaming devices,30M+,Lenovo,Chinese platform,Gaming phone
4727,NCSOFT Mobile,ncsoft.com/mobile,ADJACENT,Lineage M,50M+,Public company,Korean giant,MMORPG
4728,Nexon Mobile,nexon.com/mobile,ADJACENT,MapleStory M,30M+,Public company,Korean giant,F2P master
4729,Netmarble Corp,netmarble.com/corp,ADJACENT,MARVEL Future,100M+,Public company,Korean giant,AAA mobile
4730,Kakao Games Mobile,kakaogames.com/mobile,ADJACENT,Odin Valhalla,10M+,Public company,Korean publisher,RPG games
4731,Pearl Abyss Mobile,pearlabyss.com/mobile,ADJACENT,Black Desert,20M+,Public company,Korean studio,MMO games
4732,Smilegate Mobile,smilegate.com/mobile,ADJACENT,Lost Ark mobile,10M+,VC-backed,Korean studio,MMO action
4733,Krafton Mobile,krafton.com/mobile,BROAD,PUBG Mobile,1B+,Public company,Korean giant,Battle royale
4734,NHN Mobile,nhn.com/mobile,BROAD,Line games,50M+,Public company,Korean publisher,Casual games
4735,4:33 Creative Lab,433creativelab.com,ADJACENT,Various games,10M+,VC-backed,Korean studio,RPG games
4736,Webzen Mobile,webzen.com/mobile,ADJACENT,MU Origin,30M+,Public company,Korean publisher,MMORPG
4737,Gamevil Mobile,gamevil.com/mobile,ADJACENT,Dragon Blaze,20M+,Com2uS,Korean publisher,RPG mobile
4738,Com2uS Holdings,com2us.com/holdings,ADJACENT,Summoners War,200M+,Public company,Korean holding,$3B revenue
4739,Devsisters Mobile,devsisters.com/mobile,BROAD,Cookie Run,100M+,Public company,Korean studio,Running games
4740,Supercent Mobile,supercent.io/mobile,BROAD,Parking Games,50M+,VC-backed,Korean publisher,Top 10 Korea
4741,Ndoors Mobile,ndoors.com,ADJACENT,Atlantica Online,10M+,Nexon,Korean studio,MMO games
4742,XLGames Mobile,xlgames.com,ADJACENT,ArcheAge mobile,10M+,VC-backed,Korean studio,MMO sandbox
4743,BluePotion Games,bluepotiongames.com,ADJACENT,Epic Seven,20M+,Smilegate,Korean studio,Gacha RPG
4744,Super Creative Mobile,supercreative.co.kr,ADJACENT,Epic Seven dev,20M+,Smilegate partner,Korean studio,RPG developer
4745,111percent Mobile,111percent.co,ADJACENT,Random Dice,10M+,VC-backed,Korean studio,Random games
4746,NAT Games Mobile,natgames.co.kr,ADJACENT,V4 mobile,10M+,Nexon,Korean studio,MMORPG
4747,Neople Mobile,neople.co.kr,ADJACENT,DNF Mobile,50M+,Nexon,Korean studio,Action RPG
4748,Wemade Mobile,wemade.com/mobile,ADJACENT,Legend of Mir,30M+,Public company,Korean studio,MMO games
4749,Longtu Korea,longtukorea.com,ADJACENT,Various games,10M+,Longtu,Korean studio,Chinese partner
4750,Joycity Mobile,joycity.com/mobile,ADJACENT,Game of Dice,20M+,VC-backed,Korean studio,Board games
4751,Neowiz Mobile,neowiz.com/mobile,ADJACENT,Brown Dust,10M+,Public company,Korean publisher,RPG games
4752,Line Games Mobile,linegames.com/mobile,ADJACENT,Line games,30M+,Line Corp,Korean studio,Casual games
4753,Gravity Mobile,gravity.co.kr/mobile,ADJACENT,Ragnarok Origin,30M+,Public company,Korean studio,MMORPG
4754,Action Square Mobile,actionsquare.com,ADJACENT,Blade 2,10M+,VC-backed,Korean studio,Action games
4755,Vespa Mobile,vespainteractive.com,ADJACENT,King's Raid,10M+,VC-backed,Korean studio,Hero RPG
4756,4Plat Mobile,4plat.com,ADJACENT,Various games,5M+,VC-backed,Korean studio,Various
4757,Flero Games Mobile,flerogames.com,ADJACENT,Fishing Strike,10M+,Netmarble,Korean studio,Sports games
4758,Mars Game Mobile,marsgame.co.kr,ADJACENT,Various games,5M+,VC-backed,Korean studio,Various
4759,NHN Pixelcube,pixelcube.nhn.com,ADJACENT,Various games,10M+,NHN,Korean studio,Various
4760,Skypeople Mobile,skypeople.co.kr,ADJACENT,Various games,5M+,VC-backed,Korean studio,Various
4761,Barunson E&A,barunson.co.kr,ADJACENT,Korean games,5M+,VC-backed,Korean studio,Various
4762,ThumbAge Mobile,thumbage.com,ADJACENT,Various games,10M+,VC-backed,Korean studio,Various
4763,Gamepub Mobile,gamepub.co.kr,ADJACENT,Hero Cantare,10M+,Ngelgames,Korean studio,Anime games
4764,Ngelgames Mobile,ngelgames.com,ADJACENT,Hero Cantare,10M+,VC-backed,Korean publisher,Webtoon games
4765,KakaoWebtoon Games,kakaowebtoon.com,ADJACENT,Webtoon games,20M+,Kakao,Korean platform,Webtoon IP
4766,Naver Webtoon Games,webtoons.com/games,ADJACENT,Webtoon games,30M+,Naver,Korean platform,Webtoon IP
4767,Tencent China Mobile,tencent.com/mobile,BROAD,Honor of Kings,500M+,Tencent,Chinese giant,#1 mobile
4768,NetEase China Mobile,netease.com/mobile,ADJACENT,LifeAfter,50M+,NetEase,Chinese giant,#2 mobile
4769,ByteDance Games CN,bytedance.com/games-cn,BROAD,Various games,100M+,ByteDance,Chinese giant,TikTok owner
4770,Alibaba Games Mobile,alibaba.com/games,BROAD,Various games,50M+,Alibaba,Chinese giant,E-commerce
4771,Bilibili Games Mobile,bilibili.com/games,ADJACENT,Anime games,50M+,Bilibili,Chinese platform,Video+games
4772,Huya Games Mobile,huya.com/games,BROAD,Streaming games,30M+,Tencent invested,Chinese platform,Game streaming
4773,Douyu Games Mobile,douyu.com/games,BROAD,Streaming games,30M+,Tencent invested,Chinese platform,Game streaming
4774,Perfect World Mobile,perfectworld.com/mobile,ADJACENT,Perfect World M,30M+,Public company,Chinese studio,MMORPG
4775,Shanda Games Mobile,shandagames.com,ADJACENT,Legend of Mir,20M+,Private,Chinese studio,MMORPG legacy
4776,Giant Network Mobile,giantnetwork.com/mobile,ADJACENT,ZT Online mobile,20M+,Public company,Chinese studio,MMORPG
4777,Kingsoft Games Mobile,kingsoft.com/games,ADJACENT,JX Online,20M+,Public company,Chinese studio,Wuxia MMO
4778,Changyou Games Mobile,changyou.com/mobile,ADJACENT,Tian Long,20M+,Sohu,Chinese studio,Wuxia MMO
4779,Snail Games Mobile,snailgamesusa.com,ADJACENT,Age of Wushu,10M+,Snail Games,Chinese studio,Wuxia MMO
4780,ZQGame Mobile,zqgame.com,ADJACENT,Clash of Empire,10M+,VC-backed,Chinese studio,Strategy
4781,6waves Mobile,6waves.com/mobile,ADJACENT,Survival Tactics,10M+,VC-backed,HK publisher,Strategy
4782,Tap4Fun Mobile,tap4fun.com/mobile,ADJACENT,Invasion mobile,20M+,Public company,Chinese studio,Strategy
4783,Elex Mobile,elex.com/mobile,ADJACENT,Clash of Kings,100M+,Public company,Chinese studio,Strategy
4784,youzu Mobile,youzu.com/mobile,ADJACENT,League of Angels,50M+,Public company,Chinese studio,MMORPG
4785,37Games Mobile,37.com/mobile,ADJACENT,Puzzles Survival,50M+,Public company,Chinese publisher,Hybrid games
4786,Century Games Mobile,centurygames.com/mobile,WHITEOUT SIMILAR,Whiteout Survival,30M+,VC-backed,Chinese studio,Survival strategy
4787,FunPlus Mobile,funplus.com/mobile,WHITEOUT SIMILAR,State of Survival,100M+,$86M funding,Chinese studio,$1B+ games
4788,IGG Mobile,igg.com/mobile,ADJACENT,Lords Mobile,300M+,Public company,Chinese studio,$825M+ revenue
4789,Lilith Games Mobile,lilith.com/mobile,ADJACENT,Rise of Kingdoms,50M+,VC-backed,Chinese studio,$3.5B revenue
4790,miHoYo Mobile,hoyoverse.com/mobile,ADJACENT,Genshin Impact,100M+,Self-funded,Chinese studio,$30B valuation
4791,Hypergryph Mobile,hypergryph.com,ADJACENT,Arknights,30M+,VC-backed,Chinese studio,Tower defense RPG
4792,YOSTAR Mobile,yo-star.com/mobile,ADJACENT,Azur Lane,20M+,VC-backed,Chinese publisher,Gacha games
4793,XD Inc Mobile,xd.com/mobile,BROAD,TapTap platform,100M+,Public company,Chinese platform,Game discovery
4794,Taptap Mobile,taptap.io/mobile,BROAD,Game platform,100M+,XD Inc,Chinese platform,Game store
4795,4399 Mobile,4399.com/mobile,BROAD,Mini World,100M+,VC-backed,Chinese publisher,Casual games
4796,Papergames Mobile,papegames.com/mobile,ADJACENT,Shining Nikki,30M+,VC-backed,Chinese studio,Fashion games
4797,CMGE Mobile,cmge.com,ADJACENT,Chinese mobile,50M+,Public company,Chinese publisher,Licensed IP
4798,Hero Entertainment Mobile,heroentertainment.com,ADJACENT,Various games,30M+,Public company,Chinese publisher,Mobile games
4799,37Interactive Mobile,37wan.com,ADJACENT,Various games,50M+,Public company,Chinese publisher,Web games
4800,Habby Mobile,habby.com/mobile,BROAD,Archero,50M+,VC-backed,Chinese studio,Roguelite mobile
4801,Ohayoo Mobile,ohayoo.com/mobile,BROAD,My Little Universe,50M+,ByteDance,Chinese publisher,Hypercasual
4802,Nuverse Mobile,nuverse.com/mobile,BROAD,Marvel Snap CN,20M+,ByteDance,Chinese publisher,Global games
4803,Topwar Studio Mobile,topwar.studio/mobile,WHITEOUT SIMILAR,Top War Battle,50M+,VC-backed,Chinese studio,Merge strategy
4804,Topjoy Games Mobile,topjoy.com,ADJACENT,Various games,20M+,VC-backed,Chinese publisher,Mobile games
4805,ZLongGames Mobile,zlonggames.com,ADJACENT,Langrisser,10M+,VC-backed,Chinese publisher,SRPG games
4806,XINDONG Network,xdtech.com,ADJACENT,Various games,10M+,VC-backed,Chinese publisher,Mobile games
4807,Glacier Mobile,glacier.games,ADJACENT,X-Hero,10M+,VC-backed,Chinese studio,Idle RPG
4808,Droidhang Mobile,droidhang.com,ADJACENT,Idle Heroes,30M+,VC-backed,Chinese studio,Idle games
4809,Jiuqu Games Mobile,jiuqu.com,ADJACENT,Various games,10M+,VC-backed,Chinese studio,Strategy
4810,Starfortune Mobile,starfortunegame.com,ADJACENT,The Ants,30M+,VC-backed,Chinese studio,Ant simulation
4811,Loongcheer Mobile,loongcheer.com,ADJACENT,Survivor Base,10M+,VC-backed,Chinese studio,Survival
4812,DEF Studios Mobile,defstudios.com,ADJACENT,Various games,10M+,VC-backed,Chinese studio,Strategy
4813,Yoozoo Mobile,yoozoo.com/mobile,ADJACENT,Game of Thrones,10M+,Public company,Chinese publisher,Licensed games
4814,Seasun Games Mobile,seasungames.com,ADJACENT,Swords of Legends,10M+,Kingsoft,Chinese studio,Wuxia games
4815,X.D. Network Mobile,xdg.com,ADJACENT,Various games,20M+,Public company,Chinese publisher,Indie publishing
4816,Qcplay Mobile,qcplay.com,ADJACENT,Various games,10M+,VC-backed,Chinese studio,HTML5 games
4817,iDreamsky Mobile,idreamsky.com,ADJACENT,Temple Run CN,50M+,Public company,Chinese publisher,Game operation
4818,Joyyou Games Mobile,joyyougame.com,ADJACENT,Various games,10M+,VC-backed,Chinese publisher,Mobile games
4819,Linekong Mobile,linekong.com,ADJACENT,Various games,10M+,Public company,Chinese publisher,Mobile games
4820,Ourpalm Mobile,ourpalm.com,ADJACENT,King of Fighters,20M+,Public company,Chinese publisher,Licensed games
4821,Kunlun Tech Mobile,kunlun.com/mobile,ADJACENT,Various games,30M+,Public company,Chinese publisher,Mobile games
4822,Forgame Mobile,forgame.com,ADJACENT,Various games,20M+,Public company,Chinese publisher,Mobile/web
4823,Boyaa Interactive,boyaa.com,BROAD,Texas Poker,50M+,Public company,Chinese publisher,Card games
4824,JJ Chess Mobile,jj.cn/mobile,BROAD,Chess games,30M+,Public company,Chinese studio,Board games
4825,Tencent Chess,tencent.com/chess,BROAD,Various chess,50M+,Tencent,Chinese studio,Chess games
4826,Ludo King Games,gametion.com/games,BROAD,Ludo King,1B+,Private,Indian studio,Board games
4827,MPL Games Mobile,mpl.live/mobile,BROAD,MPL platform,100M+,VC-backed,$2.3B unicorn,Indian esports
4828,Dream11 Mobile,dream11.com/mobile,BROAD,Fantasy sports,200M+,VC-backed,$8B unicorn,Indian fantasy
4829,Mobile Premier League,mpl.live,BROAD,Mobile esports,100M+,VC-backed,$2.3B valuation,Indian gaming
4830,Paytm First Games,paytmfirstgames.com,BROAD,Fantasy/casual,50M+,VC-backed,Indian platform,Payment + games
4831,Nazara Technologies,nazara.com,BROAD,Various games,100M+,Public company,Indian publisher,$700M market
4832,Games24x7,games24x7.com,BROAD,RummyCircle,50M+,VC-backed,Indian gaming,Card/fantasy
4833,Junglee Games Mobile,jungleegames.com,BROAD,Junglee Rummy,30M+,VC-backed,Indian gaming,Card games
4834,Adda52 Mobile,adda52.com,BROAD,Poker platform,20M+,Delta Corp,Indian gaming,Poker games
4835,PokerBaazi Mobile,pokerbaazi.com,BROAD,Poker platform,20M+,VC-backed,Indian gaming,Poker games
4836,99Games Mobile,99games.in,BROAD,Star Chef,50M+,VC-backed,Indian studio,Casual games
4837,Octro Mobile,octro.com,BROAD,Teen Patti,100M+,VC-backed,Indian studio,Card games
4838,Moonfrog Labs Mobile,moonfrog.com,BROAD,Teen Patti Gold,100M+,Stillfront,Indian studio,Card games
4839,SuperGaming Mobile,supergaming.co,BROAD,Indus Battle,10M+,VC-backed,Indian studio,Battle royale
4840,nCore Games Mobile,ncoregames.com,BROAD,FAU-G,50M+,VC-backed,Indian studio,Action games
4841,Bombay Play Mobile,bombayplay.com,BROAD,Card games,30M+,VC-backed,Indian studio,Social games
4842,Hitwicket Mobile,hitwicket.com,BROAD,Cricket strategy,20M+,VC-backed,Indian studio,Cricket games
4843,Rolocule Games Mobile,rolocule.com,BROAD,Cricket games,10M+,VC-backed,Indian studio,Sports games
4844,Reliance Games Mobile,reliancegames.com,BROAD,Real Steel,50M+,Reliance,Indian publisher,Licensed games
4845,Mech Mocha Mobile,mechmocha.com,BROAD,Ludo/Card,20M+,VC-backed,Indian studio,Board games
4846,Gamezop Mobile,gamezop.com,BROAD,Instant games,50M+,VC-backed,Indian platform,HTML5 games
4847,Winzo Mobile,winzo.com,BROAD,Skill games,100M+,VC-backed,Indian platform,$900M unicorn
4848,GetMega Mobile,getmega.com,BROAD,Skill games,20M+,VC-backed,Indian platform,Real money
4849,Zupee Mobile,zupee.com,BROAD,Ludo/Trivia,30M+,VC-backed,Indian platform,$700M valuation
4850,Rush Gaming,rushgaming.in,BROAD,Fantasy sports,20M+,VC-backed,Indian platform,Fantasy
4851,MyTeam11 Mobile,myteam11.com,BROAD,Fantasy sports,30M+,VC-backed,Indian platform,Cricket fantasy
4852,FanFight Mobile,fanfight.com,BROAD,Fantasy sports,10M+,VC-backed,Indian platform,Fantasy
4853,BalleBaazi Mobile,ballebaazi.com,BROAD,Fantasy sports,20M+,VC-backed,Indian platform,Fantasy cricket
4854,PlayerzPot Mobile,playerzpot.com,BROAD,Fantasy sports,10M+,VC-backed,Indian platform,Fantasy
4855,HalaPlay Mobile,halaplay.com,BROAD,Fantasy sports,10M+,Acquired,Indian platform,Fantasy cricket
4856,Rooter Mobile,rooter.io,BROAD,Gaming/streaming,20M+,VC-backed,Indian platform,Gaming content
4857,Loco Mobile,loco.gg,BROAD,Game streaming,30M+,VC-backed,Indian platform,Esports streaming
4858,Turnip Mobile,turnip.gg,BROAD,Game streaming,10M+,VC-backed,Indian platform,Creator platform
4859,Global Esports Mobile,globalesports.in,BROAD,Esports org,5M+,VC-backed,Indian esports,Team org
4860,Velocity Gaming Mobile,velocitygaming.in,BROAD,Esports org,5M+,VC-backed,Indian esports,Team org
4861,Revenant Esports Mobile,revenantesports.com,BROAD,Esports org,5M+,VC-backed,Indian esports,Team org
4862,Godlike Esports Mobile,godlikeesports.com,BROAD,Esports org,5M+,VC-backed,Indian esports,Team org
4863,Soul Gaming Mobile,soulgaming.in,BROAD,Esports org,5M+,VC-backed,Indian esports,Team org
4864,TSM Entity Mobile,tsmentity.com,BROAD,Esports org,5M+,TSM,Indian esports,Team org
4865,Fnatic India Mobile,fnatic.com/india,BROAD,Esports org,5M+,Fnatic,Indian esports,Team org
4866,Garena SEA Mobile,sea.garena.com,BROAD,Free Fire SEA,500M+,Sea Limited,SEA publisher,Regional leader
4867,VNG Corporation Mobile,vng.com.vn/mobile,ADJACENT,Lien Quan Mobile,50M+,VC-backed,Vietnamese giant,Regional leader
4868,Appota Mobile,appota.com,BROAD,Game publishing,30M+,VC-backed,Vietnamese platform,Distribution
4869,Soha Game Mobile,sohagame.vn,ADJACENT,Various games,20M+,VNG subsidiary,Vietnamese studio,Mobile games
4870,Emobi Games Mobile,emobigames.com,BROAD,Various games,10M+,VC-backed,Vietnamese studio,Mobile games
4871,Amanotes Music,amanotes.com/music,BROAD,Tiles Hop,500M+,VC-backed,Vietnamese studio,Music games
4872,OneSoft Global Mobile,onesoftglobal.com,BROAD,Shooter games,100M+,VC-backed,Vietnamese publisher,Action games
4873,Imba Mobile,imbagames.com,BROAD,Various games,10M+,VC-backed,Vietnamese studio,Mobile games
4874,Hiker Games Mobile,hikergames.com,BROAD,300 Heroes,10M+,VC-backed,Vietnamese studio,MOBA games
4875,Sky Mavis Mobile,skymavis.com,BROAD,Axie Infinity,10M+,VC-backed,Vietnamese studio,NFT games
4876,Sipher Mobile,sipher.xyz,BROAD,NFT games,5M+,VC-backed,Vietnamese studio,Web3 games
4877,Ancient8 Mobile,ancient8.gg,BROAD,Web3 gaming,5M+,VC-backed,Vietnamese studio,GameFi
4878,Coin98 Games Mobile,coin98.com/games,BROAD,Web3 gaming,5M+,VC-backed,Vietnamese studio,DeFi gaming
4879,Animoca Brands Mobile,animocabrands.com,BROAD,Sandbox/Web3,100M+,VC-backed,HK publisher,$5B+ valuation
4880,Yuga Labs Mobile,yugalabs.io,BROAD,BAYC games,10M+,VC-backed,US studio,NFT games
4881,Dapper Labs Mobile,dapperlabs.com,BROAD,NBA Top Shot,10M+,VC-backed,Canadian studio,NFT pioneer
4882,Immutable Mobile,immutable.com,BROAD,Gods Unchained,5M+,VC-backed,Australian studio,Web3 games
4883,Gala Games Mobile,gala.games,BROAD,Town Star,5M+,VC-backed,US platform,Web3 games
4884,Mythical Games Mobile,mythicalgames.com,BROAD,Blankos Block,5M+,VC-backed,US studio,Web3 games
4885,Sorare Mobile,sorare.com,BROAD,Fantasy NFT,5M+,VC-backed,French platform,NFT sports
4886,Upland Mobile,upland.me,BROAD,Property NFT,5M+,VC-backed,US platform,Metaverse
4887,Decentraland Mobile,decentraland.org,BROAD,Virtual world,5M+,VC-backed,Global platform,Metaverse
4888,The Sandbox Mobile,sandbox.game,BROAD,Voxel metaverse,5M+,Animoca,HK platform,Metaverse
4889,Roblox Corporation,roblox.com,BROAD,Roblox,300M+,Public company,$45B market cap,UGC platform
4890,Epic Games Mobile,epicgames.com/mobile,BROAD,Fortnite,500M+,VC-backed,$31.5B valuation,Unreal Engine
4891,Unity Technologies,unity.com,BROAD,Unity Engine,1B+ games,Public company,Game engine,Development
4892,Unreal Engine Mobile,unrealengine.com/mobile,BROAD,Game engine,500M+ games,Epic Games,Engine,AAA mobile
4893,Amazon Games Mobile,amazongames.com,BROAD,New World,5M+,Amazon,US publisher,Cloud gaming
4894,Google Play Games,play.google.com/games,BROAD,Android platform,3B+ users,Google,US platform,Game store
4895,Apple Arcade,apple.com/arcade,BROAD,Premium games,200M+,Apple,US platform,Subscription
4896,Netflix Games Mobile,netflix.com/games,BROAD,Netflix games,50M+,Netflix,US platform,Streaming games
4897,Xbox Game Pass Mobile,xbox.com/gamepass,BROAD,Cloud gaming,30M+,Microsoft,US platform,Subscription
4898,PlayStation Mobile,playstation.com/mobile,BROAD,PS games mobile,20M+,Sony,Japan platform,Cloud games
4899,Steam Mobile,steampowered.com/mobile,BROAD,Steam Link,50M+,Valve,US platform,PC streaming
4900,GOG Galaxy Mobile,gog.com/galaxy,BROAD,DRM-free games,20M+,CD Projekt,Polish platform,PC games
4901,itch.io Mobile,itch.io,BROAD,Indie games,100M+,Independent,US platform,Indie games
4902,Humble Bundle Mobile,humblebundle.com,BROAD,Game bundles,50M+,IGN,US platform,Charity bundles
4903,Fanatical Mobile,fanatical.com,BROAD,Game deals,30M+,VC-backed,UK platform,Key sales
4904,Green Man Gaming Mobile,greenmangaming.com,BROAD,Game deals,20M+,VC-backed,UK platform,Key sales
4905,GamersGate Mobile,gamersgate.com,BROAD,Game deals,10M+,VC-backed,Swedish platform,Key sales
4906,G2A Mobile,g2a.com,BROAD,Game keys,50M+,VC-backed,Polish platform,Key marketplace
4907,Kinguin Mobile,kinguin.net,BROAD,Game keys,30M+,VC-backed,HK platform,Key marketplace
4908,CDKeys Mobile,cdkeys.com,BROAD,Game keys,30M+,VC-backed,UK platform,Key sales
4909,Eneba Mobile,eneba.com,BROAD,Game keys,20M+,VC-backed,Lithuanian platform,Key marketplace
4910,Instant Gaming Mobile,instant-gaming.com,BROAD,Game keys,20M+,VC-backed,Luxembourgish platform,Key sales
4911,AllKeyShop Mobile,allkeyshop.com,BROAD,Price comparison,10M+,VC-backed,French platform,Key aggregator
4912,IsThereAnyDeal Mobile,isthereanydeal.com,BROAD,Deal tracking,10M+,Independent,Global platform,Price tracker
4913,SteamDB Mobile,steamdb.info,BROAD,Steam data,10M+,Independent,Global platform,Database
4914,HowLongToBeat Mobile,howlongtobeat.com,BROAD,Game data,10M+,VC-backed,US platform,Completion time
4915,IGDB Mobile,igdb.com,BROAD,Game database,10M+,Twitch,US platform,Game info
4916,Metacritic Mobile,metacritic.com,BROAD,Review aggregator,50M+,Fandom,US platform,Game scores
4917,OpenCritic Mobile,opencritic.com,BROAD,Review aggregator,10M+,VC-backed,US platform,Game scores
4918,GameFAQs Mobile,gamefaqs.gamespot.com,BROAD,Game guides,50M+,Fandom,US platform,Walkthroughs
4919,IGN Mobile,ign.com,BROAD,Game media,100M+,Ziff Davis,US media,Game news
4920,GameSpot Mobile,gamespot.com,BROAD,Game media,50M+,Fandom,US media,Game news
4921,Kotaku Mobile,kotaku.com,BROAD,Game media,30M+,G/O Media,US media,Game news
4922,Polygon Mobile,polygon.com,BROAD,Game media,30M+,Vox Media,US media,Game news
4923,PC Gamer Mobile,pcgamer.com,BROAD,Game media,30M+,Future plc,UK media,PC games
4924,Eurogamer Mobile,eurogamer.net,BROAD,Game media,20M+,Gamer Network,UK media,Game news
4925,Rock Paper Shotgun Mobile,rockpapershotgun.com,BROAD,Game media,10M+,Gamer Network,UK media,PC indie
4926,GamesRadar Mobile,gamesradar.com,BROAD,Game media,30M+,Future plc,UK media,Game guides
4927,VG247 Mobile,vg247.com,BROAD,Game media,20M+,Gamer Network,UK media,Game news
4928,Destructoid Mobile,destructoid.com,BROAD,Game media,10M+,Enthusiast,US media,Game news
4929,Escapist Mobile,escapistmagazine.com,BROAD,Game media,10M+,VC-backed,US media,Game culture
4930,DualShockers Mobile,dualshockers.com,BROAD,Game media,10M+,FLAVR,US media,Game news
4931,Siliconera Mobile,siliconera.com,BROAD,Game media,10M+,Crunchyroll,US media,JRPG news
4932,Gematsu Mobile,gematsu.com,BROAD,Game media,5M+,Independent,US media,JP game news
4933,Nintendo Life Mobile,nintendolife.com,BROAD,Game media,20M+,Hookshot,UK media,Nintendo news
4934,Push Square Mobile,pushsquare.com,BROAD,Game media,10M+,Hookshot,UK media,PlayStation news
4935,Pure Xbox Mobile,purexbox.com,BROAD,Game media,10M+,Hookshot,UK media,Xbox news
4936,Android Central Gaming,androidcentral.com/gaming,BROAD,Game media,20M+,Future plc,US media,Mobile gaming
4937,Pocket Gamer Mobile,pocketgamer.com,BROAD,Mobile game media,30M+,Steel Media,UK media,Mobile news
4938,TouchArcade Mobile,toucharcade.com,BROAD,Mobile game media,10M+,Independent,US media,iOS games
4939,AppSpy Mobile,appspy.com,BROAD,Mobile game media,5M+,Steel Media,UK media,Mobile reviews
4940,148Apps Mobile,148apps.com,BROAD,Mobile game media,5M+,Steel Media,US media,iOS reviews
4941,PocketGamer.biz Mobile,pocketgamer.biz,BROAD,Mobile game media,10M+,Steel Media,UK media,Industry news
4942,GameAnalytics Mobile,gameanalytics.com,BROAD,Analytics platform,50M+,VC-backed,Danish platform,Game analytics
4943,Unity Analytics Mobile,unity.com/analytics,BROAD,Analytics platform,100M+,Unity,US platform,Game analytics
4944,Firebase Gaming Mobile,firebase.google.com,BROAD,Analytics platform,100M+,Google,US platform,Game analytics
4945,Adjust Gaming Mobile,adjust.com/gaming,BROAD,Attribution,50M+,AppLovin,German platform,Mobile analytics
4946,AppsFlyer Gaming Mobile,appsflyer.com/gaming,BROAD,Attribution,50M+,VC-backed,Israeli platform,Mobile analytics
4947,Sensor Tower Mobile,sensortower.com/mobile,BROAD,Market intelligence,N/A,VC-backed,US platform,App analytics
4948,data.ai Mobile,data.ai,BROAD,Market intelligence,N/A,VC-backed,US platform,App analytics
4949,Newzoo Mobile,newzoo.com,BROAD,Market research,N/A,VC-backed,Dutch platform,Game market
4950,SuperData Mobile,nielsen.com/superdata,BROAD,Market research,N/A,Nielsen,US platform,Digital games
4951,IDC Gaming Mobile,idc.com/gaming,BROAD,Market research,N/A,IDC,US platform,Tech research
4952,Statista Gaming Mobile,statista.com/gaming,BROAD,Statistics,N/A,Statista,German platform,Game stats
4953,GamesIndustry.biz Mobile,gamesindustry.biz,BROAD,Industry news,N/A,Gamer Network,UK media,Business news
4954,MobileGamer.biz Mobile,mobilegamer.biz,BROAD,Mobile news,N/A,Steel Media,UK media,Mobile industry
4955,VentureBeat Gaming Mobile,venturebeat.com/gaming,BROAD,Tech/game news,N/A,VentureBeat,US media,GamesBeat
4956,Gamasutra Mobile,gamedeveloper.com,BROAD,Developer news,N/A,Informa Tech,US media,Game dev
4957,Game Developer Mobile,gamedeveloper.com/mobile,BROAD,Dev resources,N/A,Informa Tech,US media,Game dev
4958,GDC Mobile,gdconf.com,BROAD,Game conference,N/A,Informa Tech,US event,Developer conf
4959,E3 Gaming Mobile,e3expo.com,BROAD,Game conference,N/A,ESA,US event,Gaming expo
4960,Gamescom Mobile,gamescom.global,BROAD,Game conference,N/A,Koelnmesse,German event,Gaming expo
4961,Tokyo Game Show Mobile,tgs.nikkeibp.co.jp,BROAD,Game conference,N/A,CESA,Japan event,Gaming expo
4962,PAX Gaming Mobile,paxsite.com,BROAD,Game conference,N/A,ReedPop,US event,Gaming expo
4963,The Game Awards Mobile,thegameawards.com,BROAD,Awards show,N/A,Independent,US event,Gaming awards
4964,DICE Awards Mobile,interactive.org,BROAD,Awards show,N/A,Academy,US event,Gaming awards
4965,BAFTA Games Mobile,bafta.org/games,BROAD,Awards show,N/A,BAFTA,UK event,Gaming awards
4966,Golden Joystick Mobile,gamesradar.com/goldenjoystick,BROAD,Awards show,N/A,Future plc,UK event,Gaming awards
4967,Twitch Gaming,twitch.tv/directory/game,BROAD,Game streaming,100M+,Amazon,US platform,Live gaming
4968,YouTube Gaming,youtube.com/gaming,BROAD,Game video,2B+,Google,US platform,Gaming video
4969,Facebook Gaming,fb.gg,BROAD,Game streaming,50M+,Meta,US platform,Social gaming
4970,TikTok Gaming,tiktok.com/@gaming,BROAD,Short gaming,100M+,ByteDance,US platform,Gaming content
4971,Discord Gaming,discord.com/gaming,BROAD,Gaming social,200M+,VC-backed,US platform,Gaming chat
4972,Reddit Gaming,reddit.com/r/gaming,BROAD,Gaming community,30M+,Reddit,US platform,Gaming discussion
4973,Steam Community,steamcommunity.com,BROAD,PC community,100M+,Valve,US platform,PC gaming
4974,Xbox Live,xbox.com/live,BROAD,Xbox community,100M+,Microsoft,US platform,Xbox gaming
4975,PlayStation Network,playstation.com/network,BROAD,PS community,100M+,Sony,Japan platform,PS gaming
4976,Nintendo Switch Online,nintendo.com/switch/online,BROAD,Nintendo community,40M+,Nintendo,Japan platform,Nintendo gaming
4977,Epic Games Store,epicgames.com/store,BROAD,PC store,100M+,Epic Games,US platform,Free games
4978,Battle.net,battle.net,BROAD,Blizzard platform,50M+,Activision,US platform,Blizzard games
4979,Ubisoft Connect,ubisoft.com/connect,BROAD,Ubisoft platform,30M+,Ubisoft,French platform,Ubisoft games
4980,EA App,ea.com/ea-app,BROAD,EA platform,50M+,EA,US platform,EA games
4981,Rockstar Games Launcher,rockstargames.com,BROAD,Rockstar platform,50M+,Take-Two,US platform,GTA/RDR
4982,Bethesda Launcher,bethesda.net,BROAD,Bethesda platform,30M+,Microsoft,US platform,Elder Scrolls
4983,GOG Galaxy,gog.com/galaxy,BROAD,DRM-free platform,20M+,CD Projekt,Polish platform,Classic games
4984,Prime Gaming,gaming.amazon.com,BROAD,Amazon gaming,30M+,Amazon,US platform,Free games
4985,GeForce NOW,nvidia.com/geforce-now,BROAD,Cloud gaming,25M+,NVIDIA,US platform,Cloud stream
4986,Xbox Cloud,xbox.com/cloud,BROAD,Cloud gaming,30M+,Microsoft,US platform,Game Pass cloud
4987,PlayStation Plus,playstation.com/plus,BROAD,Subscription,50M+,Sony,Japan platform,PS subscription
4988,Nintendo Switch Online Plus,nintendo.com/switch/online-expansion,BROAD,Subscription,20M+,Nintendo,Japan platform,Classic games
4989,Crunchyroll Games,crunchyroll.com/games,ADJACENT,Anime games,10M+,Sony,US platform,Anime tie-ins
4990,Funimation Games,funimation.com/games,ADJACENT,Anime games,5M+,Sony,US platform,Anime mobile
4991,VIZ Media Games,viz.com/games,ADJACENT,Manga games,10M+,Shueisha,US publisher,Manga mobile
4992,Kodansha USA Games,kodansha.us/games,ADJACENT,Manga games,5M+,Kodansha,US publisher,Manga mobile
4993,Yen Press Games,yenpress.com/games,ADJACENT,Light novel games,5M+,Kadokawa,US publisher,LN mobile
4994,Seven Seas Games,sevenseasentertainment.com,ADJACENT,Manga games,5M+,Seven Seas,US publisher,Manga mobile
4995,J-Novel Club Games,j-novel.club/games,ADJACENT,LN games,5M+,J-Novel,US publisher,LN mobile
4996,Right Stuf Games,rightstufanime.com,ADJACENT,Anime games,5M+,Crunchyroll,US retailer,Anime merch
4997,Sentai Games,sentaifilmworks.com/games,ADJACENT,Anime games,5M+,AMC,US publisher,Anime mobile
4998,Discotek Games,discotekmedia.com,ADJACENT,Retro anime,5M+,Discotek,US publisher,Classic anime
4999,Media Play News Games,mediaplaynews.com,BROAD,Media news,N/A,MPE,US media,Entertainment
5000,Variety Gaming,variety.com/gaming,BROAD,Entertainment news,N/A,PMC,US media,Gaming coverage
5001,Hollywood Reporter Games,hollywoodreporter.com/gaming,BROAD,Entertainment news,N/A,PMC,US media,Gaming coverage
